query_id,query_text,doc_id,doc_text,rel,label_source
0,Write a function to find the shared elements from the given two lists.,294,Create a function that returns the elements found in both of the provided lists.,1,weak_auto_from_relevant_indices
0,Write a function to find the shared elements from the given two lists.,63,Write a function to find the common elements in given nested lists.,1,weak_auto_from_relevant_indices
0,Write a function to find the shared elements from the given two lists.,357,Develop a function that returns the elements shared by all nested lists.,1,weak_auto_from_relevant_indices
1,Write a python function to identify non-prime numbers.,295,Develop a Python function that checks if a number is not a prime.,1,weak_auto_from_relevant_indices
1,Write a python function to identify non-prime numbers.,238,Write a python function to find the first digit of a given number.,1,weak_auto_from_relevant_indices
1,Write a python function to identify non-prime numbers.,169,Write a python function to find the minimum of two numbers.,1,weak_auto_from_relevant_indices
2,"Write a function to find the n largest integers from a given list of numbers, returned in descending order.",296,"Implement a function that returns the n biggest numbers from a list, sorted from highest to lowest.",1,weak_auto_from_relevant_indices
2,"Write a function to find the n largest integers from a given list of numbers, returned in descending order.",337,Develop a function that returns the largest integer less than a given number n.,1,weak_auto_from_relevant_indices
2,"Write a function to find the n largest integers from a given list of numbers, returned in descending order.",16,Write a python function to find the largest number that can be formed with the given list of digits.,1,weak_auto_from_relevant_indices
3,Write a python function to check whether the two numbers differ at one bit position only or not.,297,Create a Python function to determine if two numbers differ by exactly one bit position.,1,weak_auto_from_relevant_indices
3,Write a python function to check whether the two numbers differ at one bit position only or not.,30,Write a python function to check whether the given number can be represented as the difference of two squares or not.,1,weak_auto_from_relevant_indices
3,Write a python function to check whether the two numbers differ at one bit position only or not.,324,Create a Python function to determine if a number can be written as the difference of two squares.,1,weak_auto_from_relevant_indices
4,Write a function to find all words which are at least 4 characters long in a string.,298,Write a function that extracts all words with a minimum length of four characters from a string.,1,weak_auto_from_relevant_indices
4,Write a function to find all words which are at least 4 characters long in a string.,76,Write a function to find words that are longer than n characters from a given list of words.,1,weak_auto_from_relevant_indices
4,Write a function to find all words which are at least 4 characters long in a string.,370,Create a function that returns all words longer than n characters from a string.,1,weak_auto_from_relevant_indices
5,Write a function to find squares of individual elements in a list.,210,Write a function to find cubes of individual elements in a list.,1,weak_auto_from_relevant_indices
5,Write a function to find squares of individual elements in a list.,299,Create a function that computes the square of each element in a list.,1,weak_auto_from_relevant_indices
5,Write a function to find squares of individual elements in a list.,504,Create a function that computes the cube of each element in a list.,1,weak_auto_from_relevant_indices
6,Write a python function to find the minimum number of rotations (greater than 0) required to get the same string.,300,Develop a Python function to determine the smallest number of rotations needed to return a string to its original form.,1,weak_auto_from_relevant_indices
6,Write a python function to find the minimum number of rotations (greater than 0) required to get the same string.,146,Write a python function to find element at a given index after number of rotations.,1,weak_auto_from_relevant_indices
6,Write a python function to find the minimum number of rotations (greater than 0) required to get the same string.,169,Write a python function to find the minimum of two numbers.,1,weak_auto_from_relevant_indices
7,Write a python function to remove first and last occurrence of a given character from the string.,301,Create a Python function that deletes the first and last appearance of a specified character in a string.,1,weak_auto_from_relevant_indices
7,Write a python function to remove first and last occurrence of a given character from the string.,282,Write a python function to find the first repeated character in a given string.,1,weak_auto_from_relevant_indices
7,Write a python function to remove first and last occurrence of a given character from the string.,12,Write a function to remove characters from the first string which are present in the second string.,1,weak_auto_from_relevant_indices
8,Write a function to sort a given matrix in ascending order according to the sum of its rows.,302,Implement a function that sorts a matrix by the sum of each row in ascending order.,1,weak_auto_from_relevant_indices
8,Write a function to sort a given matrix in ascending order according to the sum of its rows.,380,Implement a function that sorts the elements of a list in ascending order.,1,weak_auto_from_relevant_indices
8,Write a function to sort a given matrix in ascending order according to the sum of its rows.,323,Implement a function that sorts the elements of a list in ascending order.,1,weak_auto_from_relevant_indices
9,Write a python function to find the volume of a triangular prism.,303,Create a Python function that calculates the volume of a triangular prism.,1,weak_auto_from_relevant_indices
9,Write a python function to find the volume of a triangular prism.,36,Write a function to find the volume of a sphere.,1,weak_auto_from_relevant_indices
9,Write a python function to find the volume of a triangular prism.,154,Write a function to find the volume of a cone.,1,weak_auto_from_relevant_indices
10,Write a function to that returns true if the input string contains sequences of lowercase letters joined with an underscore and false otherwise.,304,Write a function that checks if a string has lowercase letter sequences separated by an underscore.,1,weak_auto_from_relevant_indices
10,Write a function to that returns true if the input string contains sequences of lowercase letters joined with an underscore and false otherwise.,531,Create a function that eliminates lowercase letter sequences from a string.,1,weak_auto_from_relevant_indices
10,Write a function to that returns true if the input string contains sequences of lowercase letters joined with an underscore and false otherwise.,45,Write a function to check if a string is present as a substring in a given list of string values.,1,weak_auto_from_relevant_indices
11,Write a function that returns the perimeter of a square given its side length as input.,305,Create a function to compute the perimeter of a square from its side length.,1,weak_auto_from_relevant_indices
11,Write a function that returns the perimeter of a square given its side length as input.,103,Write a function to find the perimeter of a regular pentagon from the length of its sides.,1,weak_auto_from_relevant_indices
11,Write a function that returns the perimeter of a square given its side length as input.,115,Write a function to find the lateral surface area of a cube given its side length.,1,weak_auto_from_relevant_indices
12,Write a function to remove characters from the first string which are present in the second string.,306,Develop a function that deletes all characters from the first string that also appear in the second string.,1,weak_auto_from_relevant_indices
12,Write a function to remove characters from the first string which are present in the second string.,200,Write a function to remove odd characters in a string.,1,weak_auto_from_relevant_indices
12,Write a function to remove characters from the first string which are present in the second string.,7,Write a python function to remove first and last occurrence of a given character from the string.,1,weak_auto_from_relevant_indices
13,Write a function to find whether a given array of integers contains any duplicate element.,307,Create a function to check if an integer array has any repeated elements.,1,weak_auto_from_relevant_indices
13,Write a function to find whether a given array of integers contains any duplicate element.,455,Create a function that verifies whether a tuple has any duplicate elements.,1,weak_auto_from_relevant_indices
13,Write a function to find whether a given array of integers contains any duplicate element.,161,Write a function to check if given tuple contains no duplicates.,1,weak_auto_from_relevant_indices
14,Write a function to check if the given number is woodball or not.,308,Develop a function to determine whether a number is a woodball number.,1,weak_auto_from_relevant_indices
14,Write a function to check if the given number is woodball or not.,46,Write a function to check whether the given number is undulating or not.,1,weak_auto_from_relevant_indices
14,Write a function to check if the given number is woodball or not.,279,Write a function to check whether the given number is armstrong or not.,1,weak_auto_from_relevant_indices
15,Write a python function to check if a given number is one less than twice its reverse.,309,Create a Python function to determine if a number equals two times its reverse minus one.,1,weak_auto_from_relevant_indices
15,Write a python function to check if a given number is one less than twice its reverse.,281,Write a python function to check whether the given number is even or not.,1,weak_auto_from_relevant_indices
15,Write a python function to check if a given number is one less than twice its reverse.,17,Write a python function to check whether the given two integers have opposite sign or not.,1,weak_auto_from_relevant_indices
16,Write a python function to find the largest number that can be formed with the given list of digits.,310,Develop a Python function that constructs the biggest number possible from a list of digits.,1,weak_auto_from_relevant_indices
16,Write a python function to find the largest number that can be formed with the given list of digits.,206,Write a python function to find the largest negative number from the given list.,1,weak_auto_from_relevant_indices
16,Write a python function to find the largest number that can be formed with the given list of digits.,198,Write a python function to find the last digit of a given number.,1,weak_auto_from_relevant_indices
17,Write a python function to check whether the given two integers have opposite sign or not.,311,Create a Python function to verify if two integers have different signs.,1,weak_auto_from_relevant_indices
17,Write a python function to check whether the given two integers have opposite sign or not.,30,Write a python function to check whether the given number can be represented as the difference of two squares or not.,1,weak_auto_from_relevant_indices
17,Write a python function to check whether the given two integers have opposite sign or not.,281,Write a python function to check whether the given number is even or not.,1,weak_auto_from_relevant_indices
18,Write a function to find the nth octagonal number.,126,Write a function to find the nth decagonal number.,1,weak_auto_from_relevant_indices
18,Write a function to find the nth octagonal number.,312,Implement a function that calculates the nth octagonal number.,1,weak_auto_from_relevant_indices
18,Write a function to find the nth octagonal number.,82,Write a function to find the nth hexagonal number.,1,weak_auto_from_relevant_indices
19,Write a python function to count the number of substrings with the sum of digits equal to their length.,313,Create a Python function that counts substrings where the sum of digits matches the substring's length.,1,weak_auto_from_relevant_indices
19,Write a python function to count the number of substrings with the sum of digits equal to their length.,246,Write a python function to find the length of the longest sublists.,1,weak_auto_from_relevant_indices
19,Write a python function to count the number of substrings with the sum of digits equal to their length.,165,Write a function to compute the sum of digits of each number of a given list.,1,weak_auto_from_relevant_indices
20,Write a python function to find smallest number in a list.,49,Write a python function to find the length of the smallest list in a list of lists.,1,weak_auto_from_relevant_indices
20,Write a python function to find smallest number in a list.,269,Write a python function to find the difference between largest and smallest value in a given list.,1,weak_auto_from_relevant_indices
20,Write a python function to find smallest number in a list.,169,Write a python function to find the minimum of two numbers.,1,weak_auto_from_relevant_indices
21,Write a function to find the maximum difference between available pairs in the given tuple list.,315,Create a function that returns the largest difference among pairs in a list of tuples.,1,weak_auto_from_relevant_indices
21,Write a function to find the maximum difference between available pairs in the given tuple list.,70,Write a function to find the maximum absolute product between numbers in pairs of tuples within a given list.,1,weak_auto_from_relevant_indices
21,Write a function to find the maximum difference between available pairs in the given tuple list.,174,Write a function to find the minimum product from the pairs of tuples within a given list.,1,weak_auto_from_relevant_indices
22,Write a function to sort a list of tuples using the second value of each tuple.,316,Implement a function to sort tuples in a list based on their second element.,1,weak_auto_from_relevant_indices
22,Write a function to sort a list of tuples using the second value of each tuple.,342,Create a function that finds the first element from the tuple with the lowest second value in a list.,1,weak_auto_from_relevant_indices
22,Write a function to sort a list of tuples using the second value of each tuple.,245,Write a function to find the union of the elements of two given tuples and output them in sorted order.,1,weak_auto_from_relevant_indices
23,Write a function to flatten a list and sum all of its elements.,317,Create a function that flattens a nested list and computes the total sum of its elements.,1,weak_auto_from_relevant_indices
23,Write a function to flatten a list and sum all of its elements.,436,Create a function that flattens a nested list into a single list with all the values.,1,weak_auto_from_relevant_indices
23,Write a function to flatten a list and sum all of its elements.,90,Write a function to flatten the list of lists into a single set of numbers.,1,weak_auto_from_relevant_indices
24,Write a python function to count the number of positive numbers in a list.,318,Develop a Python function to count how many numbers in a list are positive.,1,weak_auto_from_relevant_indices
24,Write a python function to count the number of positive numbers in a list.,199,Write a python function to return the negative numbers in a list.,1,weak_auto_from_relevant_indices
24,Write a python function to count the number of positive numbers in a list.,353,Develop a Python function to count the number of True values in a list.,1,weak_auto_from_relevant_indices
25,Write a function to find the number of ways to partition a set of Bell numbers.,319,Create a function that calculates the number of partitions for a set using Bell numbers.,1,weak_auto_from_relevant_indices
25,Write a function to find the number of ways to partition a set of Bell numbers.,582,Create a function that computes the nth Bell number.,1,weak_auto_from_relevant_indices
25,Write a function to find the number of ways to partition a set of Bell numbers.,165,Write a function to compute the sum of digits of each number of a given list.,1,weak_auto_from_relevant_indices
26,Write a python function to check whether the given array is monotonic or not.,320,Develop a Python function to determine if an array is monotonic (entirely non-increasing or non-decreasing).,1,weak_auto_from_relevant_indices
26,Write a python function to check whether the given array is monotonic or not.,128,Write a python function to check if the elements of a given list are unique or not.,1,weak_auto_from_relevant_indices
26,Write a python function to check whether the given array is monotonic or not.,179,Write a python function to check whether any value in a sequence exists in a sequence or not.,1,weak_auto_from_relevant_indices
27,Write a function to check whether a list contains the given sublist or not.,321,Create a function that verifies if a sublist exists within a list.,1,weak_auto_from_relevant_indices
27,Write a function to check whether a list contains the given sublist or not.,339,Develop a function to check if any string in a list contains a given substring.,1,weak_auto_from_relevant_indices
27,Write a function to check whether a list contains the given sublist or not.,257,Write a python function to check whether a list is sublist of another or not.,1,weak_auto_from_relevant_indices
28,Write a function to find whether all the given tuples have equal length or not.,322,Develop a function to check if all tuples in a list have the same length.,1,weak_auto_from_relevant_indices
28,Write a function to find whether all the given tuples have equal length or not.,105,Write a function to check if all the elements in tuple have same data type or not.,1,weak_auto_from_relevant_indices
28,Write a function to find whether all the given tuples have equal length or not.,161,Write a function to check if given tuple contains no duplicates.,1,weak_auto_from_relevant_indices
29,Write a function to sort a list of elements.,86,Write a function to sort a list of elements.,1,weak_auto_from_relevant_indices
29,Write a function to sort a list of elements.,380,Implement a function that sorts the elements of a list in ascending order.,1,weak_auto_from_relevant_indices
29,Write a function to sort a list of elements.,323,Implement a function that sorts the elements of a list in ascending order.,1,weak_auto_from_relevant_indices
30,Write a python function to check whether the given number can be represented as the difference of two squares or not.,324,Create a Python function to determine if a number can be written as the difference of two squares.,1,weak_auto_from_relevant_indices
30,Write a python function to check whether the given number can be represented as the difference of two squares or not.,3,Write a python function to check whether the two numbers differ at one bit position only or not.,1,weak_auto_from_relevant_indices
30,Write a python function to check whether the given number can be represented as the difference of two squares or not.,84,Write a python function to check whether the given number can be represented as sum of non-zero powers of 2 or not.,1,weak_auto_from_relevant_indices
31,Write a function to check whether it follows the sequence given in the patterns array.,325,Develop a function to verify if a list matches the sequence pattern provided.,1,weak_auto_from_relevant_indices
31,Write a function to check whether it follows the sequence given in the patterns array.,179,Write a python function to check whether any value in a sequence exists in a sequence or not.,1,weak_auto_from_relevant_indices
31,Write a function to check whether it follows the sequence given in the patterns array.,525,Create a function that verifies if a list of numbers is consecutive.,1,weak_auto_from_relevant_indices
32,Write a function to find tuples which have all elements divisible by k from the given list of tuples.,326,Create a function that returns tuples from a list where every element is divisible by a given number k.,1,weak_auto_from_relevant_indices
32,Write a function to find tuples which have all elements divisible by k from the given list of tuples.,207,Write a function to trim each tuple by k in the given tuple list.,1,weak_auto_from_relevant_indices
32,Write a function to find tuples which have all elements divisible by k from the given list of tuples.,501,Create a function that shortens each tuple in a list of tuples by removing the first and last k elements.,1,weak_auto_from_relevant_indices
33,Write a python function to find whether a number is divisible by 11.,327,Develop a Python function to check if a number can be divided by 11 without remainder.,1,weak_auto_from_relevant_indices
33,Write a python function to find whether a number is divisible by 11.,50,Write a python function to find the number of divisors of a given integer.,1,weak_auto_from_relevant_indices
33,Write a python function to find whether a number is divisible by 11.,171,Write a python function to find whether the parity of a given number is odd.,1,weak_auto_from_relevant_indices
34,Write a python function to check whether the length of the word is odd or not.,328,Create a Python function to determine if the length of a word is an odd number.,1,weak_auto_from_relevant_indices
34,Write a python function to check whether the length of the word is odd or not.,44,Write a python function to find the length of the longest word.,1,weak_auto_from_relevant_indices
34,Write a python function to check whether the length of the word is odd or not.,281,Write a python function to check whether the given number is even or not.,1,weak_auto_from_relevant_indices
35,Write a function to find the nth tetrahedral number.,329,Implement a function to calculate the nth tetrahedral number.,1,weak_auto_from_relevant_indices
35,Write a function to find the nth tetrahedral number.,18,Write a function to find the nth octagonal number.,1,weak_auto_from_relevant_indices
35,Write a function to find the nth tetrahedral number.,126,Write a function to find the nth decagonal number.,1,weak_auto_from_relevant_indices
36,Write a function to find the volume of a sphere.,39,Write a function to find the surface area of a sphere.,1,weak_auto_from_relevant_indices
36,Write a function to find the volume of a sphere.,154,Write a function to find the volume of a cone.,1,weak_auto_from_relevant_indices
36,Write a function to find the volume of a sphere.,330,Create a function that computes the volume of a sphere given its radius.,1,weak_auto_from_relevant_indices
37,Write a python function to find the character made by adding the ASCII value of all the characters of the given string modulo 26.,331,Develop a Python function that returns the character corresponding to the sum of ASCII values of a string's characters modulo 26.,1,weak_auto_from_relevant_indices
37,Write a python function to find the character made by adding the ASCII value of all the characters of the given string modulo 26.,118,Write a function to find the ascii value of a character.,1,weak_auto_from_relevant_indices
37,Write a python function to find the character made by adding the ASCII value of all the characters of the given string modulo 26.,412,Create a function that returns the ASCII code of a given character.,1,weak_auto_from_relevant_indices
38,Write a function to find the nth number in the newman conway sequence.,332,Create a function to compute the nth value in the Newman-Conway sequence.,1,weak_auto_from_relevant_indices
38,Write a function to find the nth number in the newman conway sequence.,18,Write a function to find the nth octagonal number.,1,weak_auto_from_relevant_indices
38,Write a function to find the nth number in the newman conway sequence.,126,Write a function to find the nth decagonal number.,1,weak_auto_from_relevant_indices
39,Write a function to find the surface area of a sphere.,36,Write a function to find the volume of a sphere.,1,weak_auto_from_relevant_indices
39,Write a function to find the surface area of a sphere.,204,Write a function to find the surface area of a cube of a given size.,1,weak_auto_from_relevant_indices
39,Write a function to find the surface area of a sphere.,333,Implement a function to calculate the surface area of a sphere from its radius.,1,weak_auto_from_relevant_indices
40,Write a function to find nth centered hexagonal number.,82,Write a function to find the nth hexagonal number.,1,weak_auto_from_relevant_indices
40,Write a function to find nth centered hexagonal number.,334,Create a function that returns the nth centered hexagonal number.,1,weak_auto_from_relevant_indices
40,Write a function to find nth centered hexagonal number.,376,Create a function that computes the nth hexagonal number.,1,weak_auto_from_relevant_indices
41,Write a function to merge three dictionaries into a single dictionary.,335,Develop a function that combines three dictionaries into one.,1,weak_auto_from_relevant_indices
41,Write a function to merge three dictionaries into a single dictionary.,61,Write a function to merge three lists into a single sorted list.,1,weak_auto_from_relevant_indices
41,Write a function to merge three dictionaries into a single dictionary.,159,Write a function to convert more than one list to nested dictionary.,1,weak_auto_from_relevant_indices
42,"Write a function to get the frequency of all the elements in a list, returned as a dictionary.",51,"Write a function to find frequency of each element in a flattened list of lists, returned in a dictionary.",1,weak_auto_from_relevant_indices
42,"Write a function to get the frequency of all the elements in a list, returned as a dictionary.",336,Create a function that counts how often each element appears in a list and returns the result as a dictionary.,1,weak_auto_from_relevant_indices
42,"Write a function to get the frequency of all the elements in a list, returned as a dictionary.",345,Develop a function that flattens a list of lists and returns a dictionary with the frequency of each element.,1,weak_auto_from_relevant_indices
43,Write a function to find the closest smaller number than n.,337,Develop a function that returns the largest integer less than a given number n.,1,weak_auto_from_relevant_indices
43,Write a function to find the closest smaller number than n.,87,Write a python function to find the smallest power of 2 greater than or equal to n.,1,weak_auto_from_relevant_indices
43,Write a function to find the closest smaller number than n.,20,Write a python function to find smallest number in a list.,1,weak_auto_from_relevant_indices
44,Write a python function to find the length of the longest word.,338,Create a Python function to determine the maximum word length in a list.,1,weak_auto_from_relevant_indices
44,Write a python function to find the length of the longest word.,246,Write a python function to find the length of the longest sublists.,1,weak_auto_from_relevant_indices
44,Write a python function to find the length of the longest word.,182,Write a python function to find element of a list having maximum length.,1,weak_auto_from_relevant_indices
45,Write a function to check if a string is present as a substring in a given list of string values.,339,Develop a function to check if any string in a list contains a given substring.,1,weak_auto_from_relevant_indices
45,Write a function to check if a string is present as a substring in a given list of string values.,27,Write a function to check whether a list contains the given sublist or not.,1,weak_auto_from_relevant_indices
45,Write a function to check if a string is present as a substring in a given list of string values.,321,Create a function that verifies if a sublist exists within a list.,1,weak_auto_from_relevant_indices
46,Write a function to check whether the given number is undulating or not.,340,Create a function to determine if a number is undulating (alternating digits).,1,weak_auto_from_relevant_indices
46,Write a function to check whether the given number is undulating or not.,279,Write a function to check whether the given number is armstrong or not.,1,weak_auto_from_relevant_indices
46,Write a function to check whether the given number is undulating or not.,64,Write a function to check if a string represents an integer or not.,1,weak_auto_from_relevant_indices
47,Write a function to calculate the value of 'a' to the power 'b'.,341,Develop a function that computes a raised to the power of b.,1,weak_auto_from_relevant_indices
47,Write a function to calculate the value of 'a' to the power 'b'.,491,Create a function that identifies strings containing 'a' followed by one or more 'b' characters.,1,weak_auto_from_relevant_indices
47,Write a function to calculate the value of 'a' to the power 'b'.,156,Write a python function to find the highest power of 2 that is less than or equal to n.,1,weak_auto_from_relevant_indices
48,"Given a list of tuples, write a function that returns the first value of the tuple with the smallest second value.",342,Create a function that finds the first element from the tuple with the lowest second value in a list.,1,weak_auto_from_relevant_indices
48,"Given a list of tuples, write a function that returns the first value of the tuple with the smallest second value.",174,Write a function to find the minimum product from the pairs of tuples within a given list.,1,weak_auto_from_relevant_indices
48,"Given a list of tuples, write a function that returns the first value of the tuple with the smallest second value.",22,Write a function to sort a list of tuples using the second value of each tuple.,1,weak_auto_from_relevant_indices
49,Write a python function to find the length of the smallest list in a list of lists.,343,Develop a Python function to return the length of the shortest list among a list of lists.,1,weak_auto_from_relevant_indices
49,Write a python function to find the length of the smallest list in a list of lists.,20,Write a python function to find smallest number in a list.,1,weak_auto_from_relevant_indices
49,Write a python function to find the length of the smallest list in a list of lists.,219,Write a python function to find the sublist having minimum length.,1,weak_auto_from_relevant_indices
50,Write a python function to find the number of divisors of a given integer.,344,Create a Python function that counts how many divisors a given integer has.,1,weak_auto_from_relevant_indices
50,Write a python function to find the number of divisors of a given integer.,74,Write a python function to find the sum of common divisors of two given numbers.,1,weak_auto_from_relevant_indices
50,Write a python function to find the number of divisors of a given integer.,140,Write a function to return the sum of all divisors of a number.,1,weak_auto_from_relevant_indices
51,"Write a function to find frequency of each element in a flattened list of lists, returned in a dictionary.",42,"Write a function to get the frequency of all the elements in a list, returned as a dictionary.",1,weak_auto_from_relevant_indices
51,"Write a function to find frequency of each element in a flattened list of lists, returned in a dictionary.",345,Develop a function that flattens a list of lists and returns a dictionary with the frequency of each element.,1,weak_auto_from_relevant_indices
51,"Write a function to find frequency of each element in a flattened list of lists, returned in a dictionary.",336,Create a function that counts how often each element appears in a list and returns the result as a dictionary.,1,weak_auto_from_relevant_indices
52,Write a function to multiply all the numbers in a list and divide with the length of the list.,346,Create a function that multiplies all elements in a list and divides the result by the list's length.,1,weak_auto_from_relevant_indices
52,Write a function to multiply all the numbers in a list and divide with the length of the list.,183,Write a function to round every number of a given list of numbers and print the total sum multiplied by the length of the list.,1,weak_auto_from_relevant_indices
52,Write a function to multiply all the numbers in a list and divide with the length of the list.,477,"Create a function that rounds each number in a list, then returns the total sum multiplied by the list's length.",1,weak_auto_from_relevant_indices
53,"Write a function to convert the given decimal number to its binary equivalent, represented as a string with no leading zeros.",347,Develop a function that converts a decimal number to its binary string representation without leading zeros.,1,weak_auto_from_relevant_indices
53,"Write a function to convert the given decimal number to its binary equivalent, represented as a string with no leading zeros.",250,Write a function to get the sum of the digits of a non-negative integer.,1,weak_auto_from_relevant_indices
53,"Write a function to convert the given decimal number to its binary equivalent, represented as a string with no leading zeros.",83,Write a function to find the ratio of zeroes to non-zeroes in an array of integers.,1,weak_auto_from_relevant_indices
54,"Write a function to find the next smallest palindrome of a specified integer, returned as an integer.",348,Create a function that returns the next palindrome greater than a given integer.,1,weak_auto_from_relevant_indices
54,"Write a function to find the next smallest palindrome of a specified integer, returned as an integer.",337,Develop a function that returns the largest integer less than a given number n.,1,weak_auto_from_relevant_indices
54,"Write a function to find the next smallest palindrome of a specified integer, returned as an integer.",43,Write a function to find the closest smaller number than n.,1,weak_auto_from_relevant_indices
55,Write a function to find the kth element in the given array using 1-based indexing.,349,"Develop a function that retrieves the kth element from an array, using 1-based indexing.",1,weak_auto_from_relevant_indices
55,Write a function to find the kth element in the given array using 1-based indexing.,278,Write a function to find kth element from the given two sorted arrays.,1,weak_auto_from_relevant_indices
55,Write a function to find the kth element in the given array using 1-based indexing.,572,Create a function that retrieves the kth element from the merged result of two sorted arrays.,1,weak_auto_from_relevant_indices
56,Write a function to convert a snake case string to camel case string.,176,Write a function to convert the given snake case string to camel case string.,1,weak_auto_from_relevant_indices
56,Write a function to convert a snake case string to camel case string.,350,Create a function that transforms a snake_case string into camel case format.,1,weak_auto_from_relevant_indices
56,Write a function to convert a snake case string to camel case string.,470,Create a function that changes snake_case strings to camelCase.,1,weak_auto_from_relevant_indices
57,"Write a function to find the Eulerian number a(n, m).",351,Develop a function to compute the Eulerian number for given n and m.,1,weak_auto_from_relevant_indices
57,"Write a function to find the Eulerian number a(n, m).",157,Write a function to find the n'th lucas number.,1,weak_auto_from_relevant_indices
57,"Write a function to find the Eulerian number a(n, m).",117,Write a function to find the n'th star number.,1,weak_auto_from_relevant_indices
58,Write a function to sort each sublist of strings in a given list of lists.,253,Write a function to sort each sublist of strings in a given list of lists.,1,weak_auto_from_relevant_indices
58,Write a function to sort each sublist of strings in a given list of lists.,352,Create a function that sorts every sublist of strings within a list of lists.,1,weak_auto_from_relevant_indices
58,Write a function to sort each sublist of strings in a given list of lists.,547,Create a function that arranges the strings in each sublist of a list of lists.,1,weak_auto_from_relevant_indices
59,Write a python function to count true booleans in the given list.,353,Develop a Python function to count the number of True values in a list.,1,weak_auto_from_relevant_indices
59,Write a python function to count true booleans in the given list.,24,Write a python function to count the number of positive numbers in a list.,1,weak_auto_from_relevant_indices
59,Write a python function to count true booleans in the given list.,209,Write a python function to count the occurence of all elements of list in a tuple.,1,weak_auto_from_relevant_indices
60,Write a function to append the given list to the given tuples.,354,Create a function that appends all elements of a list to a tuple.,1,weak_auto_from_relevant_indices
60,Write a function to append the given list to the given tuples.,92,Write a function to find number of lists present in the given tuple.,1,weak_auto_from_relevant_indices
60,Write a function to append the given list to the given tuples.,268,Write a function to convert a list to a tuple.,1,weak_auto_from_relevant_indices
61,Write a function to merge three lists into a single sorted list.,355,Develop a function that combines three lists and returns a single sorted list.,1,weak_auto_from_relevant_indices
61,Write a function to merge three lists into a single sorted list.,41,Write a function to merge three dictionaries into a single dictionary.,1,weak_auto_from_relevant_indices
61,Write a function to merge three lists into a single sorted list.,384,Create a function that merges all numbers from a list of lists into a single set.,1,weak_auto_from_relevant_indices
62,Write a python function to find the number of numbers with an odd value when rotating a binary string the given number of times.,241,Write a python function to count the number of pairs whose xor value is odd.,1,weak_auto_from_relevant_indices
62,Write a python function to find the number of numbers with an odd value when rotating a binary string the given number of times.,171,Write a python function to find whether the parity of a given number is odd.,1,weak_auto_from_relevant_indices
62,Write a python function to find the number of numbers with an odd value when rotating a binary string the given number of times.,239,Write a python function which takes a list of integers and only returns the odd ones.,1,weak_auto_from_relevant_indices
63,Write a function to find the common elements in given nested lists.,0,Write a function to find the shared elements from the given two lists.,1,weak_auto_from_relevant_indices
63,Write a function to find the common elements in given nested lists.,357,Develop a function that returns the elements shared by all nested lists.,1,weak_auto_from_relevant_indices
63,Write a function to find the common elements in given nested lists.,181,Write a function to find common first element in given list of tuple.,1,weak_auto_from_relevant_indices
64,Write a function to check if a string represents an integer or not.,358,Create a function that determines whether a string can be interpreted as an integer.,1,weak_auto_from_relevant_indices
64,Write a function to check if a string represents an integer or not.,285,Write a function to check if the given integer is a prime number.,1,weak_auto_from_relevant_indices
64,Write a function to check if a string represents an integer or not.,46,Write a function to check whether the given number is undulating or not.,1,weak_auto_from_relevant_indices
65,Write a function to check whether all dictionaries in a list are empty or not.,359,Develop a function that checks if every dictionary in a list is empty.,1,weak_auto_from_relevant_indices
65,Write a function to check whether all dictionaries in a list are empty or not.,226,Write a function to check whether the given dictionary is empty,1,weak_auto_from_relevant_indices
65,Write a function to check whether all dictionaries in a list are empty or not.,263,Write a function to check if a dictionary is empty,1,weak_auto_from_relevant_indices
66,Write a function to convert a given tuple of positive integers into a single integer.,360,Create a function that joins all numbers in a tuple into one integer.,1,weak_auto_from_relevant_indices
66,Write a function to convert a given tuple of positive integers into a single integer.,202,Write a function to join a list of multiple integers into a single integer.,1,weak_auto_from_relevant_indices
66,Write a function to convert a given tuple of positive integers into a single integer.,152,Write a function to convert a given string to a tuple of characters.,1,weak_auto_from_relevant_indices
67,Write a function to convert all possible convertible elements in a list of lists to floats.,361,Develop a function that converts all convertible elements in a list of lists to float type.,1,weak_auto_from_relevant_indices
67,Write a function to convert all possible convertible elements in a list of lists to floats.,224,Write a function to find all possible combinations of the elements of a given list.,1,weak_auto_from_relevant_indices
67,Write a function to convert all possible convertible elements in a list of lists to floats.,518,Create a function that generates all possible combinations of elements from a given list.,1,weak_auto_from_relevant_indices
68,Write a function to convert a string to a list of strings split on the space character.,362,Create a function that splits a string into a list of words using spaces as separators.,1,weak_auto_from_relevant_indices
68,Write a function to convert a string to a list of strings split on the space character.,249,Write a python function to split a string into characters.,1,weak_auto_from_relevant_indices
68,Write a function to convert a string to a list of strings split on the space character.,284,Write a function to reverse words seperated by spaces in a given string.,1,weak_auto_from_relevant_indices
69,Write a python function to find the element that appears only once in a sorted array.,363,Develop a Python function to identify the unique element in a sorted array where all others are duplicated.,1,weak_auto_from_relevant_indices
69,Write a python function to find the element that appears only once in a sorted array.,282,Write a python function to find the first repeated character in a given string.,1,weak_auto_from_relevant_indices
69,Write a python function to find the element that appears only once in a sorted array.,146,Write a python function to find element at a given index after number of rotations.,1,weak_auto_from_relevant_indices
70,Write a function to find the maximum absolute product between numbers in pairs of tuples within a given list.,364,Create a function that finds the largest absolute product among all pairs in a list of tuples.,1,weak_auto_from_relevant_indices
70,Write a function to find the maximum absolute product between numbers in pairs of tuples within a given list.,174,Write a function to find the minimum product from the pairs of tuples within a given list.,1,weak_auto_from_relevant_indices
70,Write a function to find the maximum absolute product between numbers in pairs of tuples within a given list.,21,Write a function to find the maximum difference between available pairs in the given tuple list.,1,weak_auto_from_relevant_indices
71,Write a function to sum all amicable numbers from 1 to a specified number.,365,Develop a function that calculates the sum of all amicable numbers up to a given limit.,1,weak_auto_from_relevant_indices
71,Write a function to sum all amicable numbers from 1 to a specified number.,165,Write a function to compute the sum of digits of each number of a given list.,1,weak_auto_from_relevant_indices
71,Write a function to sum all amicable numbers from 1 to a specified number.,577,Create a function that lists all lucid numbers up to a specified integer.,1,weak_auto_from_relevant_indices
72,Write a function to get the angle of a complex number.,366,Create a function that returns the phase angle of a complex number.,1,weak_auto_from_relevant_indices
72,Write a function to get the angle of a complex number.,85,Write a function to find the circumference of a circle.,1,weak_auto_from_relevant_indices
72,Write a function to get the angle of a complex number.,154,Write a function to find the volume of a cone.,1,weak_auto_from_relevant_indices
73,Write a function to find the maximum difference between the number of 0s and number of 1s in any sub-string of the given binary string.,367,Develop a function that finds the largest difference between the count of zeros and ones in any substring of a binary string.,1,weak_auto_from_relevant_indices
73,Write a function to find the maximum difference between the number of 0s and number of 1s in any sub-string of the given binary string.,93,Write a python function to find the maximum difference between any two elements in a given array.,1,weak_auto_from_relevant_indices
73,Write a function to find the maximum difference between the number of 0s and number of 1s in any sub-string of the given binary string.,570,Create a function that calculates the least number of swaps needed to change one binary string to another.,1,weak_auto_from_relevant_indices
74,Write a python function to find the sum of common divisors of two given numbers.,368,Create a Python function that returns the sum of all common divisors of two numbers.,1,weak_auto_from_relevant_indices
74,Write a python function to find the sum of common divisors of two given numbers.,50,Write a python function to find the number of divisors of a given integer.,1,weak_auto_from_relevant_indices
74,Write a python function to find the sum of common divisors of two given numbers.,98,Write a function to determine if the sum of the divisors of two integers are the same.,1,weak_auto_from_relevant_indices
75,Write a function to multiply two integers.,369,Develop a function that multiplies two integers together.,1,weak_auto_from_relevant_indices
75,Write a function to multiply two integers.,445,Create a function that returns the larger of two given numbers.,1,weak_auto_from_relevant_indices
75,Write a function to multiply two integers.,202,Write a function to join a list of multiple integers into a single integer.,1,weak_auto_from_relevant_indices
76,Write a function to find words that are longer than n characters from a given list of words.,370,Create a function that returns all words longer than n characters from a string.,1,weak_auto_from_relevant_indices
76,Write a function to find words that are longer than n characters from a given list of words.,4,Write a function to find all words which are at least 4 characters long in a string.,1,weak_auto_from_relevant_indices
76,Write a function to find words that are longer than n characters from a given list of words.,298,Write a function that extracts all words with a minimum length of four characters from a string.,1,weak_auto_from_relevant_indices
77,Write a function to calculate whether the matrix is a magic square.,371,Develop a function that checks if a matrix is a magic square.,1,weak_auto_from_relevant_indices
77,Write a function to calculate whether the matrix is a magic square.,30,Write a python function to check whether the given number can be represented as the difference of two squares or not.,1,weak_auto_from_relevant_indices
77,Write a function to calculate whether the matrix is a magic square.,324,Create a Python function to determine if a number can be written as the difference of two squares.,1,weak_auto_from_relevant_indices
78,Write a function to find the item with maximum frequency in a given list.,155,Write a function to find the list with maximum length.,1,weak_auto_from_relevant_indices
78,Write a function to find the item with maximum frequency in a given list.,135,Write a function to find the list of maximum length in a list of lists.,1,weak_auto_from_relevant_indices
78,Write a function to find the item with maximum frequency in a given list.,372,Create a function that returns the most frequent item in a list.,1,weak_auto_from_relevant_indices
79,Write a python function to reverse only the vowels of a given string (where y is not a vowel).,373,Develop a Python function that reverses only the vowels in a string.,1,weak_auto_from_relevant_indices
79,Write a python function to reverse only the vowels of a given string (where y is not a vowel).,284,Write a function to reverse words seperated by spaces in a given string.,1,weak_auto_from_relevant_indices
79,Write a python function to reverse only the vowels of a given string (where y is not a vowel).,218,Write a function to reverse each string in a given list of string values.,1,weak_auto_from_relevant_indices
80,Write a function to convert a tuple to a string.,152,Write a function to convert a given string to a tuple of characters.,1,weak_auto_from_relevant_indices
80,Write a function to convert a tuple to a string.,268,Write a function to convert a list to a tuple.,1,weak_auto_from_relevant_indices
80,Write a function to convert a tuple to a string.,446,Develop a function to transform a string into a tuple where each character is an element.,1,weak_auto_from_relevant_indices
81,Write a function to calculate the sum of the negative numbers of a given list of numbers.,375,Develop a function that sums all negative numbers in a list.,1,weak_auto_from_relevant_indices
81,Write a function to calculate the sum of the negative numbers of a given list of numbers.,165,Write a function to compute the sum of digits of each number of a given list.,1,weak_auto_from_relevant_indices
81,Write a function to calculate the sum of the negative numbers of a given list of numbers.,250,Write a function to get the sum of the digits of a non-negative integer.,1,weak_auto_from_relevant_indices
82,Write a function to find the nth hexagonal number.,40,Write a function to find nth centered hexagonal number.,1,weak_auto_from_relevant_indices
82,Write a function to find the nth hexagonal number.,376,Create a function that computes the nth hexagonal number.,1,weak_auto_from_relevant_indices
82,Write a function to find the nth hexagonal number.,18,Write a function to find the nth octagonal number.,1,weak_auto_from_relevant_indices
83,Write a function to find the ratio of zeroes to non-zeroes in an array of integers.,377,Develop a function that calculates the ratio of zeros to non-zeros in an integer array.,1,weak_auto_from_relevant_indices
83,Write a function to find the ratio of zeroes to non-zeroes in an array of integers.,205,Write a function to find the ration of positive numbers in an array of integers.,1,weak_auto_from_relevant_indices
83,Write a function to find the ratio of zeroes to non-zeroes in an array of integers.,499,Create a function that calculates the ratio of positive numbers in an array of integers.,1,weak_auto_from_relevant_indices
84,Write a python function to check whether the given number can be represented as sum of non-zero powers of 2 or not.,378,Create a Python function to determine if a number can be written as a sum of non-zero powers of two.,1,weak_auto_from_relevant_indices
84,Write a python function to check whether the given number can be represented as sum of non-zero powers of 2 or not.,30,Write a python function to check whether the given number can be represented as the difference of two squares or not.,1,weak_auto_from_relevant_indices
84,Write a python function to check whether the given number can be represented as sum of non-zero powers of 2 or not.,381,Create a Python function to determine the smallest power of 2 that is greater than or equal to a given number.,1,weak_auto_from_relevant_indices
85,Write a function to find the circumference of a circle.,379,Create a function that returns the circumference of a circle given its radius.,1,weak_auto_from_relevant_indices
85,Write a function to find the circumference of a circle.,36,Write a function to find the volume of a sphere.,1,weak_auto_from_relevant_indices
85,Write a function to find the circumference of a circle.,220,Write a function to find the area of a rectangle.,1,weak_auto_from_relevant_indices
86,Write a function to sort a list of elements.,29,Write a function to sort a list of elements.,1,weak_auto_from_relevant_indices
86,Write a function to sort a list of elements.,380,Implement a function that sorts the elements of a list in ascending order.,1,weak_auto_from_relevant_indices
86,Write a function to sort a list of elements.,323,Implement a function that sorts the elements of a list in ascending order.,1,weak_auto_from_relevant_indices
87,Write a python function to find the smallest power of 2 greater than or equal to n.,156,Write a python function to find the highest power of 2 that is less than or equal to n.,1,weak_auto_from_relevant_indices
87,Write a python function to find the smallest power of 2 greater than or equal to n.,381,Create a Python function to determine the smallest power of 2 that is greater than or equal to a given number.,1,weak_auto_from_relevant_indices
87,Write a python function to find the smallest power of 2 greater than or equal to n.,450,Create a function to determine the maximum power of two that does not exceed the input number n.,1,weak_auto_from_relevant_indices
88,Write a python function to check whether all the bits are unset in the given range or not.,382,Create a Python function to determine if a number has all bits set to zero within a specified range.,1,weak_auto_from_relevant_indices
88,Write a python function to check whether all the bits are unset in the given range or not.,3,Write a python function to check whether the two numbers differ at one bit position only or not.,1,weak_auto_from_relevant_indices
88,Write a python function to check whether all the bits are unset in the given range or not.,153,Write a python function to set the left most unset bit.,1,weak_auto_from_relevant_indices
89,Write a python function that takes in a positive integer n and finds the sum of even index binomial coefficients.,383,Create a Python function to compute the sum of binomial coefficients at even indices for a given positive integer n.,1,weak_auto_from_relevant_indices
89,Write a python function that takes in a positive integer n and finds the sum of even index binomial coefficients.,134,Write a python function takes in an integer n and returns the sum of squares of first n even natural numbers.,1,weak_auto_from_relevant_indices
89,Write a python function that takes in a positive integer n and finds the sum of even index binomial coefficients.,215,Write a python function to find the sum of even factors of a number.,1,weak_auto_from_relevant_indices
90,Write a function to flatten the list of lists into a single set of numbers.,436,Create a function that flattens a nested list into a single list with all the values.,1,weak_auto_from_relevant_indices
90,Write a function to flatten the list of lists into a single set of numbers.,384,Create a function that merges all numbers from a list of lists into a single set.,1,weak_auto_from_relevant_indices
90,Write a function to flatten the list of lists into a single set of numbers.,23,Write a function to flatten a list and sum all of its elements.,1,weak_auto_from_relevant_indices
91,Write a function to count number items that are identical in the same position of three given lists.,385,Develop a function that counts how many items are the same at the same index in three lists.,1,weak_auto_from_relevant_indices
91,Write a function to count number items that are identical in the same position of three given lists.,293,Write a function to count indices where the lists have the same values.,1,weak_auto_from_relevant_indices
91,Write a function to count number items that are identical in the same position of three given lists.,587,Create a function that counts the number of indices at which two lists have the same value.,1,weak_auto_from_relevant_indices
92,Write a function to find number of lists present in the given tuple.,386,Create a function that returns the count of lists inside a given tuple.,1,weak_auto_from_relevant_indices
92,Write a function to find number of lists present in the given tuple.,167,Write a function to extract the number of unique tuples in the given list.,1,weak_auto_from_relevant_indices
92,Write a function to find number of lists present in the given tuple.,461,Create a function that determines the count of unique tuples within a list.,1,weak_auto_from_relevant_indices
93,Write a python function to find the maximum difference between any two elements in a given array.,387,Develop a Python function to get the largest difference between any two elements in an array.,1,weak_auto_from_relevant_indices
93,Write a python function to find the maximum difference between any two elements in a given array.,269,Write a python function to find the difference between largest and smallest value in a given list.,1,weak_auto_from_relevant_indices
93,Write a python function to find the maximum difference between any two elements in a given array.,243,Write a python function to find the sum of the per-digit difference between two integers.,1,weak_auto_from_relevant_indices
94,"Write a function that returns integers x and y that satisfy ax + by = n as a tuple, or return None if no solution exists.",388,"Create a function that finds integers x and y such that ax plus by equals n, or returns None if not possible.",1,weak_auto_from_relevant_indices
94,"Write a function that returns integers x and y that satisfy ax + by = n as a tuple, or return None if no solution exists.",127,Write a function that takes in an array and element and returns a tuple containing a boolean that indicates if the element is in the array and the index position of the element (or -1 if the element is not found).,1,weak_auto_from_relevant_indices
94,"Write a function that returns integers x and y that satisfy ax + by = n as a tuple, or return None if no solution exists.",66,Write a function to convert a given tuple of positive integers into a single integer.,1,weak_auto_from_relevant_indices
95,Write a function to remove all elements from a given list present in another list.,389,Develop a function that removes every element from one list that also appears in a second list.,1,weak_auto_from_relevant_indices
95,Write a function to remove all elements from a given list present in another list.,224,Write a function to find all possible combinations of the elements of a given list.,1,weak_auto_from_relevant_indices
95,Write a function to remove all elements from a given list present in another list.,254,Write a python function to remove duplicate numbers from a given number of lists.,1,weak_auto_from_relevant_indices
96,"Write a function to calculate the sum (n - 2*i) from i=0 to n // 2, for instance n + (n-2) + (n-4)... (until n-x =< 0).",390,"Create a function that sums n, n-2, n-4, and so on, stopping when the result is less than or equal to zero.",1,weak_auto_from_relevant_indices
96,"Write a function to calculate the sum (n - 2*i) from i=0 to n // 2, for instance n + (n-2) + (n-4)... (until n-x =< 0).",454,"Create a function that calculates the highest possible sum using the formula f(n) = max( (f(n/2) + f(n/3) + f(n/4) + f(n/5)), n).",1,weak_auto_from_relevant_indices
96,"Write a function to calculate the sum (n - 2*i) from i=0 to n // 2, for instance n + (n-2) + (n-4)... (until n-x =< 0).",160,"Write a function to find the maximum sum possible by using the given equation f(n) = max( (f(n/2) + f(n/3) + f(n/4) + f(n/5)), n).",1,weak_auto_from_relevant_indices
97,Write a function to calculate the area of a regular polygon given the length and number of its sides.,391,Develop a function that computes the area of a regular polygon using its side length and number of sides.,1,weak_auto_from_relevant_indices
97,Write a function to calculate the area of a regular polygon given the length and number of its sides.,103,Write a function to find the perimeter of a regular pentagon from the length of its sides.,1,weak_auto_from_relevant_indices
97,Write a function to calculate the area of a regular polygon given the length and number of its sides.,397,Develop a function that calculates the perimeter of a regular pentagon given the side length.,1,weak_auto_from_relevant_indices
98,Write a function to determine if the sum of the divisors of two integers are the same.,392,Create a function that checks if two numbers have the same sum of divisors.,1,weak_auto_from_relevant_indices
98,Write a function to determine if the sum of the divisors of two integers are the same.,74,Write a python function to find the sum of common divisors of two given numbers.,1,weak_auto_from_relevant_indices
98,Write a function to determine if the sum of the divisors of two integers are the same.,140,Write a function to return the sum of all divisors of a number.,1,weak_auto_from_relevant_indices
99,Write a function to count the number of characters in a string that occur at the same position in the string as in the English alphabet (case insensitive).,393,Develop a function that counts characters whose position in a string matches their position in the alphabet.,1,weak_auto_from_relevant_indices
99,Write a function to count the number of characters in a string that occur at the same position in the string as in the English alphabet (case insensitive).,517,Create a function that tallies the number of uppercase characters in a string.,1,weak_auto_from_relevant_indices
99,Write a function to count the number of characters in a string that occur at the same position in the string as in the English alphabet (case insensitive).,223,Write a python function to count the upper case characters in a given string.,1,weak_auto_from_relevant_indices
100,Write a function that counts the number of pairs of integers in a list that xor to an even number.,535,Create a function that counts the number of pairs in a list that have an odd XOR value.,1,weak_auto_from_relevant_indices
100,Write a function that counts the number of pairs of integers in a list that xor to an even number.,394,Create a function that counts all pairs in a list whose XOR result is even.,1,weak_auto_from_relevant_indices
100,Write a function that counts the number of pairs of integers in a list that xor to an even number.,241,Write a python function to count the number of pairs whose xor value is odd.,1,weak_auto_from_relevant_indices
101,Write a function to count the number of occurrences of a number in a given list.,395,Develop a function that returns how many times a specific number appears in a list.,1,weak_auto_from_relevant_indices
101,Write a function to count the number of occurrences of a number in a given list.,92,Write a function to find number of lists present in the given tuple.,1,weak_auto_from_relevant_indices
101,Write a function to count the number of occurrences of a number in a given list.,165,Write a function to compute the sum of digits of each number of a given list.,1,weak_auto_from_relevant_indices
102,Write a function to find the sum of numbers in a list within a range specified by two indices.,396,"Create a function that sums the elements of a list between two given indices, inclusive.",1,weak_auto_from_relevant_indices
102,Write a function to find the sum of numbers in a list within a range specified by two indices.,165,Write a function to compute the sum of digits of each number of a given list.,1,weak_auto_from_relevant_indices
102,Write a function to find the sum of numbers in a list within a range specified by two indices.,587,Create a function that counts the number of indices at which two lists have the same value.,1,weak_auto_from_relevant_indices
103,Write a function to find the perimeter of a regular pentagon from the length of its sides.,397,Develop a function that calculates the perimeter of a regular pentagon given the side length.,1,weak_auto_from_relevant_indices
103,Write a function to find the perimeter of a regular pentagon from the length of its sides.,97,Write a function to calculate the area of a regular polygon given the length and number of its sides.,1,weak_auto_from_relevant_indices
103,Write a function to find the perimeter of a regular pentagon from the length of its sides.,305,Create a function to compute the perimeter of a square from its side length.,1,weak_auto_from_relevant_indices
104,Write a function to count the number of occurence of the string 'std' in a given string.,398,Create a function that counts how many times the substring 'std' appears in a string.,1,weak_auto_from_relevant_indices
104,Write a function to count the number of occurence of the string 'std' in a given string.,101,Write a function to count the number of occurrences of a number in a given list.,1,weak_auto_from_relevant_indices
104,Write a function to count the number of occurence of the string 'std' in a given string.,99,Write a function to count the number of characters in a string that occur at the same position in the string as in the English alphabet (case insensitive).,1,weak_auto_from_relevant_indices
105,Write a function to check if all the elements in tuple have same data type or not.,399,Develop a function that checks whether every element in a tuple is of the same type.,1,weak_auto_from_relevant_indices
105,Write a function to check if all the elements in tuple have same data type or not.,455,Create a function that verifies whether a tuple has any duplicate elements.,1,weak_auto_from_relevant_indices
105,Write a function to check if all the elements in tuple have same data type or not.,28,Write a function to find whether all the given tuples have equal length or not.,1,weak_auto_from_relevant_indices
106,"Write a function that takes in a sorted array, its length (n), and an element and returns whether the element is the majority element in the given sorted array. (The majority element is the element that occurs more than n/2 times.)",400,Create a function to check if a given element is the majority in a sorted array (appears more than n/2 times).,1,weak_auto_from_relevant_indices
106,"Write a function that takes in a sorted array, its length (n), and an element and returns whether the element is the majority element in the given sorted array. (The majority element is the element that occurs more than n/2 times.)",110,"Write a function that takes in an array and an integer n, and re-arranges the first n elements of the given array so that all negative elements appear before positive ones, and where the relative order among negative and positive elements is preserved.",1,weak_auto_from_relevant_indices
106,"Write a function that takes in a sorted array, its length (n), and an element and returns whether the element is the majority element in the given sorted array. (The majority element is the element that occurs more than n/2 times.)",133,Write a function to find the largest sum of a contiguous array in the modified array which is formed by repeating the given array k times.,1,weak_auto_from_relevant_indices
107,Write a function to count the number of set bits (binary digits with value 1) in a given number.,401,Develop a function that returns the count of 1s in the binary representation of a number.,1,weak_auto_from_relevant_indices
107,Write a function to count the number of set bits (binary digits with value 1) in a given number.,356,Create a Python function that counts the number of ones in the first n positions of a binary string.,1,weak_auto_from_relevant_indices
107,Write a function to count the number of set bits (binary digits with value 1) in a given number.,165,Write a function to compute the sum of digits of each number of a given list.,1,weak_auto_from_relevant_indices
108,Write a python function to remove the characters which have odd index values of a given string.,402,Create a Python function that removes all characters at odd indices from a string.,1,weak_auto_from_relevant_indices
108,Write a python function to remove the characters which have odd index values of a given string.,200,Write a function to remove odd characters in a string.,1,weak_auto_from_relevant_indices
108,Write a python function to remove the characters which have odd index values of a given string.,177,Write a python function to remove odd numbers from a given list.,1,weak_auto_from_relevant_indices
109,Write a function to find minimum of three numbers.,164,Write a function to find the median of three numbers.,1,weak_auto_from_relevant_indices
109,Write a function to find minimum of three numbers.,403,Develop a function that returns the smallest value among three given numbers.,1,weak_auto_from_relevant_indices
109,Write a function to find minimum of three numbers.,169,Write a python function to find the minimum of two numbers.,1,weak_auto_from_relevant_indices
110,"Write a function that takes in an array and an integer n, and re-arranges the first n elements of the given array so that all negative elements appear before positive ones, and where the relative order among negative and positive elements is preserved.",404,"Create a function that moves all negative numbers to the front of the first n elements of an array, keeping their order.",1,weak_auto_from_relevant_indices
110,"Write a function that takes in an array and an integer n, and re-arranges the first n elements of the given array so that all negative elements appear before positive ones, and where the relative order among negative and positive elements is preserved.",114,"Write a function that takes in a list and an integer n and splits a list for every nth element, returning a list of the resulting lists.",1,weak_auto_from_relevant_indices
110,"Write a function that takes in an array and an integer n, and re-arranges the first n elements of the given array so that all negative elements appear before positive ones, and where the relative order among negative and positive elements is preserved.",106,"Write a function that takes in a sorted array, its length (n), and an element and returns whether the element is the majority element in the given sorted array. (The majority element is the element that occurs more than n/2 times.)",1,weak_auto_from_relevant_indices
111,"Write a function that takes in a string and character, replaces blank spaces in the string with the character, and returns the string.",233,Write a function to replace characters in a string.,1,weak_auto_from_relevant_indices
111,"Write a function that takes in a string and character, replaces blank spaces in the string with the character, and returns the string.",405,Develop a function that replaces every space in a string with a specified character.,1,weak_auto_from_relevant_indices
111,"Write a function that takes in a string and character, replaces blank spaces in the string with the character, and returns the string.",527,Create a function that substitutes specified characters in a string with new ones.,1,weak_auto_from_relevant_indices
112,"Write a function that takes in a list and an integer n and splits the given list into two parts where the length of the first part of the list is L, and returns the resulting lists in a tuple.",406,Create a function that splits a list into two at a given index L and returns both parts as a tuple.,1,weak_auto_from_relevant_indices
112,"Write a function that takes in a list and an integer n and splits the given list into two parts where the length of the first part of the list is L, and returns the resulting lists in a tuple.",114,"Write a function that takes in a list and an integer n and splits a list for every nth element, returning a list of the resulting lists.",1,weak_auto_from_relevant_indices
112,"Write a function that takes in a list and an integer n and splits the given list into two parts where the length of the first part of the list is L, and returns the resulting lists in a tuple.",122,Write a function that takes in two tuples and subtracts the elements of the first tuple by the elements of the second tuple with the same index.,1,weak_auto_from_relevant_indices
113,Write a function to calculate a dog's age in dog's years.,407,Develop a function that computes a dog's age in dog years from its human age.,1,weak_auto_from_relevant_indices
113,Write a function to calculate a dog's age in dog's years.,211,Write a function to calculate the sum of perrin numbers.,1,weak_auto_from_relevant_indices
113,Write a function to calculate a dog's age in dog's years.,165,Write a function to compute the sum of digits of each number of a given list.,1,weak_auto_from_relevant_indices
114,"Write a function that takes in a list and an integer n and splits a list for every nth element, returning a list of the resulting lists.",408,Create a function that divides a list into n groups by taking every nth element for each group.,1,weak_auto_from_relevant_indices
114,"Write a function that takes in a list and an integer n and splits a list for every nth element, returning a list of the resulting lists.",112,"Write a function that takes in a list and an integer n and splits the given list into two parts where the length of the first part of the list is L, and returns the resulting lists in a tuple.",1,weak_auto_from_relevant_indices
114,"Write a function that takes in a list and an integer n and splits a list for every nth element, returning a list of the resulting lists.",561,Create a function that divides a list at the nth element and appends the first segment to the end.,1,weak_auto_from_relevant_indices
115,Write a function to find the lateral surface area of a cube given its side length.,409,Develop a function that calculates the lateral surface area of a cube from its side length.,1,weak_auto_from_relevant_indices
115,Write a function to find the lateral surface area of a cube given its side length.,204,Write a function to find the surface area of a cube of a given size.,1,weak_auto_from_relevant_indices
115,Write a function to find the lateral surface area of a cube given its side length.,498,Create a function that calculates the surface area of a cube based on its size.,1,weak_auto_from_relevant_indices
116,Write a python function that takes in an integer n and returns the sum of the squares of the first n odd natural numbers.,134,Write a python function takes in an integer n and returns the sum of squares of first n even natural numbers.,1,weak_auto_from_relevant_indices
116,Write a python function that takes in an integer n and returns the sum of the squares of the first n odd natural numbers.,410,Create a Python function that sums the squares of the first n odd numbers.,1,weak_auto_from_relevant_indices
116,Write a python function that takes in an integer n and returns the sum of the squares of the first n odd natural numbers.,120,Write a python function that takes in an integer n and finds the sum of the first n even natural numbers that are raised to the fifth power.,1,weak_auto_from_relevant_indices
117,Write a function to find the n'th star number.,411,Develop a function that computes the nth star number.,1,weak_auto_from_relevant_indices
117,Write a function to find the n'th star number.,157,Write a function to find the n'th lucas number.,1,weak_auto_from_relevant_indices
117,Write a function to find the n'th star number.,18,Write a function to find the nth octagonal number.,1,weak_auto_from_relevant_indices
118,Write a function to find the ascii value of a character.,412,Create a function that returns the ASCII code of a given character.,1,weak_auto_from_relevant_indices
118,Write a function to find the ascii value of a character.,37,Write a python function to find the character made by adding the ASCII value of all the characters of the given string modulo 26.,1,weak_auto_from_relevant_indices
118,Write a function to find the ascii value of a character.,331,Develop a Python function that returns the character corresponding to the sum of ASCII values of a string's characters modulo 26.,1,weak_auto_from_relevant_indices
119,Write a python function to find the sum of even numbers at even positions of a list.,215,Write a python function to find the sum of even factors of a number.,1,weak_auto_from_relevant_indices
119,Write a python function to find the sum of even numbers at even positions of a list.,413,Develop a Python function that adds up all even numbers found at even indices in a list.,1,weak_auto_from_relevant_indices
119,Write a python function to find the sum of even numbers at even positions of a list.,89,Write a python function that takes in a positive integer n and finds the sum of even index binomial coefficients.,1,weak_auto_from_relevant_indices
120,Write a python function that takes in an integer n and finds the sum of the first n even natural numbers that are raised to the fifth power.,414,Create a Python function that calculates the sum of the fifth powers of the first n even natural numbers.,1,weak_auto_from_relevant_indices
120,Write a python function that takes in an integer n and finds the sum of the first n even natural numbers that are raised to the fifth power.,134,Write a python function takes in an integer n and returns the sum of squares of first n even natural numbers.,1,weak_auto_from_relevant_indices
120,Write a python function that takes in an integer n and finds the sum of the first n even natural numbers that are raised to the fifth power.,116,Write a python function that takes in an integer n and returns the sum of the squares of the first n odd natural numbers.,1,weak_auto_from_relevant_indices
121,Write a function that takes in a list of tuples and returns a list containing the rear element of each tuple.,472,Create a function that retrieves the nth element from each tuple in a list of tuples.,1,weak_auto_from_relevant_indices
121,Write a function that takes in a list of tuples and returns a list containing the rear element of each tuple.,503,Create a function that tallies the occurrences of each list element in a tuple.,1,weak_auto_from_relevant_indices
121,Write a function that takes in a list of tuples and returns a list containing the rear element of each tuple.,386,Create a function that returns the count of lists inside a given tuple.,1,weak_auto_from_relevant_indices
122,Write a function that takes in two tuples and subtracts the elements of the first tuple by the elements of the second tuple with the same index.,416,Create a function that subtracts corresponding elements of two tuples and returns the result as a tuple.,1,weak_auto_from_relevant_indices
122,Write a function that takes in two tuples and subtracts the elements of the first tuple by the elements of the second tuple with the same index.,502,Create a function that multiplies elements of two tuples at the same index together.,1,weak_auto_from_relevant_indices
122,Write a function that takes in two tuples and subtracts the elements of the first tuple by the elements of the second tuple with the same index.,208,Write a function to perform index wise multiplication of tuple elements in the given two tuples.,1,weak_auto_from_relevant_indices
123,Write a function that takes in the radius and height of a cylinder and returns the the volume.,417,Create a function that computes the volume of a cylinder given its radius and height.,1,weak_auto_from_relevant_indices
123,Write a function that takes in the radius and height of a cylinder and returns the the volume.,550,Create a function that calculates the surface area of a cylinder given its radius and height.,1,weak_auto_from_relevant_indices
123,Write a function that takes in the radius and height of a cylinder and returns the the volume.,330,Create a function that computes the volume of a sphere given its radius.,1,weak_auto_from_relevant_indices
124,Write a function that takes in a dictionary and integer n and filters the dictionary to only include entries with values greater than or equal to n.,418,Develop a function that returns a dictionary containing only entries whose values are at least n.,1,weak_auto_from_relevant_indices
124,Write a function that takes in a dictionary and integer n and filters the dictionary to only include entries with values greater than or equal to n.,337,Develop a function that returns the largest integer less than a given number n.,1,weak_auto_from_relevant_indices
124,Write a function that takes in a dictionary and integer n and filters the dictionary to only include entries with values greater than or equal to n.,521,Create a function that removes entries with empty values from a dictionary.,1,weak_auto_from_relevant_indices
125,Write a function to find the number of elements that occurs before the tuple element in the given tuple.,419,Create a function that counts how many elements appear before the first tuple element in the given tuple.,1,weak_auto_from_relevant_indices
125,Write a function to find the number of elements that occurs before the tuple element in the given tuple.,92,Write a function to find number of lists present in the given tuple.,1,weak_auto_from_relevant_indices
125,Write a function to find the number of elements that occurs before the tuple element in the given tuple.,232,Write a function to find the tuple intersection of elements in the given tuple list irrespective of their order.,1,weak_auto_from_relevant_indices
126,Write a function to find the nth decagonal number.,18,Write a function to find the nth octagonal number.,1,weak_auto_from_relevant_indices
126,Write a function to find the nth decagonal number.,420,Implement a function that returns the nth decagonal number.,1,weak_auto_from_relevant_indices
126,Write a function to find the nth decagonal number.,82,Write a function to find the nth hexagonal number.,1,weak_auto_from_relevant_indices
127,Write a function that takes in an array and element and returns a tuple containing a boolean that indicates if the element is in the array and the index position of the element (or -1 if the element is not found).,421,"Create a function that checks whether an element exists in an array and returns (found, index) where index is -1 if not found.",1,weak_auto_from_relevant_indices
127,Write a function that takes in an array and element and returns a tuple containing a boolean that indicates if the element is in the array and the index position of the element (or -1 if the element is not found).,170,Write a function to check whether an element exists within a tuple.,1,weak_auto_from_relevant_indices
127,Write a function that takes in an array and element and returns a tuple containing a boolean that indicates if the element is in the array and the index position of the element (or -1 if the element is not found).,121,Write a function that takes in a list of tuples and returns a list containing the rear element of each tuple.,1,weak_auto_from_relevant_indices
128,Write a python function to check if the elements of a given list are unique or not.,422,Develop a Python function that determines whether all elements in a list are unique.,1,weak_auto_from_relevant_indices
128,Write a python function to check if the elements of a given list are unique or not.,257,Write a python function to check whether a list is sublist of another or not.,1,weak_auto_from_relevant_indices
128,Write a python function to check if the elements of a given list are unique or not.,255,Write a python function to calculate the product of the unique numbers in a given list.,1,weak_auto_from_relevant_indices
129,Write a function to subtract two lists element-wise.,423,Create a function that performs element-wise subtraction between two lists.,1,weak_auto_from_relevant_indices
129,Write a function to subtract two lists element-wise.,86,Write a function to sort a list of elements.,1,weak_auto_from_relevant_indices
129,Write a function to subtract two lists element-wise.,29,Write a function to sort a list of elements.,1,weak_auto_from_relevant_indices
130,Write a python function takes in an integer and check whether the frequency of each digit in the integer is less than or equal to the digit itself.,424,Develop a function that checks if the frequency of each digit in an integer n does not exceed the value of the digit.,1,weak_auto_from_relevant_indices
130,Write a python function takes in an integer and check whether the frequency of each digit in the integer is less than or equal to the digit itself.,281,Write a python function to check whether the given number is even or not.,1,weak_auto_from_relevant_indices
130,Write a python function takes in an integer and check whether the frequency of each digit in the integer is less than or equal to the digit itself.,15,Write a python function to check if a given number is one less than twice its reverse.,1,weak_auto_from_relevant_indices
131,Write a function that takes in a list and element and checks whether all items in the list are equal to the given element.,425,Create a function that checks if all elements in a list are the same as the given element.,1,weak_auto_from_relevant_indices
131,Write a function that takes in a list and element and checks whether all items in the list are equal to the given element.,488,Create a function that checks for any common element between two lists and returns true if found.,1,weak_auto_from_relevant_indices
131,Write a function that takes in a list and element and checks whether all items in the list are equal to the given element.,105,Write a function to check if all the elements in tuple have same data type or not.,1,weak_auto_from_relevant_indices
132,Write a function that checks whether a string contains the 'a' character followed by two or three 'b' characters.,426,Develop a function that checks for the presence of 'a' followed by two or three 'b' characters in a string.,1,weak_auto_from_relevant_indices
132,Write a function that checks whether a string contains the 'a' character followed by two or three 'b' characters.,491,Create a function that identifies strings containing 'a' followed by one or more 'b' characters.,1,weak_auto_from_relevant_indices
132,Write a function that checks whether a string contains the 'a' character followed by two or three 'b' characters.,197,Write a function that matches a string that has an a followed by one or more b's.,1,weak_auto_from_relevant_indices
133,Write a function to find the largest sum of a contiguous array in the modified array which is formed by repeating the given array k times.,427,Create a function that finds the maximum sum of a contiguous subarray in an array formed by repeating the original array k times.,1,weak_auto_from_relevant_indices
133,Write a function to find the largest sum of a contiguous array in the modified array which is formed by repeating the given array k times.,228,Write a function to find the maximum product formed by multiplying numbers of an increasing subsequence of that array.,1,weak_auto_from_relevant_indices
133,Write a function to find the largest sum of a contiguous array in the modified array which is formed by repeating the given array k times.,538,Create a function that calculates the sum of the largest contiguous subarray within a given list.,1,weak_auto_from_relevant_indices
134,Write a python function takes in an integer n and returns the sum of squares of first n even natural numbers.,116,Write a python function that takes in an integer n and returns the sum of the squares of the first n odd natural numbers.,1,weak_auto_from_relevant_indices
134,Write a python function takes in an integer n and returns the sum of squares of first n even natural numbers.,184,Write a python function to find the cube sum of first n even natural numbers.,1,weak_auto_from_relevant_indices
134,Write a python function takes in an integer n and returns the sum of squares of first n even natural numbers.,120,Write a python function that takes in an integer n and finds the sum of the first n even natural numbers that are raised to the fifth power.,1,weak_auto_from_relevant_indices
135,Write a function to find the list of maximum length in a list of lists.,155,Write a function to find the list with maximum length.,1,weak_auto_from_relevant_indices
135,Write a function to find the list of maximum length in a list of lists.,182,Write a python function to find element of a list having maximum length.,1,weak_auto_from_relevant_indices
135,Write a function to find the list of maximum length in a list of lists.,449,Create a function that determines which list in a collection of lists is the longest.,1,weak_auto_from_relevant_indices
136,Write a function to find out the number of ways of painting the fence such that at most 2 adjacent posts have the same color for the given fence with n posts and k colors.,430,Implement a function to calculate how many ways we can paint n fence posts using k colors where no more than 2 consecutive posts can be the same color.,1,weak_auto_from_relevant_indices
136,Write a function to find out the number of ways of painting the fence such that at most 2 adjacent posts have the same color for the given fence with n posts and k colors.,144,Write a function to find the count of all binary sequences of length 2n such that sum of first n bits is same as sum of last n bits.,1,weak_auto_from_relevant_indices
136,Write a function to find out the number of ways of painting the fence such that at most 2 adjacent posts have the same color for the given fence with n posts and k colors.,173,Write a function to find k number of smallest pairs which consist of one element from the first array and one element from the second array.,1,weak_auto_from_relevant_indices
137,Write a python function to find quotient of two numbers (rounded down to the nearest integer).,169,Write a python function to find the minimum of two numbers.,1,weak_auto_from_relevant_indices
137,Write a python function to find quotient of two numbers (rounded down to the nearest integer).,431,"Develop a function that calculates the quotient of two numbers, rounding down to the nearest whole number.",1,weak_auto_from_relevant_indices
137,Write a python function to find quotient of two numbers (rounded down to the nearest integer).,151,Write a python function to find the maximum of two numbers.,1,weak_auto_from_relevant_indices
138,Write a function to find the third side of a right angled triangle.,432,Create a function to calculate the length of the third side of a right triangle given the lengths of the other two sides.,1,weak_auto_from_relevant_indices
138,Write a function to find the third side of a right angled triangle.,164,Write a function to find the median of three numbers.,1,weak_auto_from_relevant_indices
138,Write a function to find the third side of a right angled triangle.,72,Write a function to get the angle of a complex number.,1,weak_auto_from_relevant_indices
139,Write a function to find the maximum value in a given heterogeneous list.,175,Write a function to find the minimum value in a given heterogeneous list.,1,weak_auto_from_relevant_indices
139,Write a function to find the maximum value in a given heterogeneous list.,469,Create a function that identifies the smallest value in a heterogeneous list.,1,weak_auto_from_relevant_indices
139,Write a function to find the maximum value in a given heterogeneous list.,135,Write a function to find the list of maximum length in a list of lists.,1,weak_auto_from_relevant_indices
140,Write a function to return the sum of all divisors of a number.,434,Create a function that calculates the total sum of all divisors of a given number.,1,weak_auto_from_relevant_indices
140,Write a function to return the sum of all divisors of a number.,368,Create a Python function that returns the sum of all common divisors of two numbers.,1,weak_auto_from_relevant_indices
140,Write a function to return the sum of all divisors of a number.,50,Write a python function to find the number of divisors of a given integer.,1,weak_auto_from_relevant_indices
141,Write a python function to count inversions in an array.,435,Develop a function to count the number of inversions needed to sort an array.,1,weak_auto_from_relevant_indices
141,Write a python function to count inversions in an array.,24,Write a python function to count the number of positive numbers in a list.,1,weak_auto_from_relevant_indices
141,Write a python function to count inversions in an array.,353,Develop a Python function to count the number of True values in a list.,1,weak_auto_from_relevant_indices
142,Write a function to flatten a given nested list structure.,436,Create a function that flattens a nested list into a single list with all the values.,1,weak_auto_from_relevant_indices
142,Write a function to flatten a given nested list structure.,317,Create a function that flattens a nested list and computes the total sum of its elements.,1,weak_auto_from_relevant_indices
142,Write a function to flatten a given nested list structure.,90,Write a function to flatten the list of lists into a single set of numbers.,1,weak_auto_from_relevant_indices
143,Write a function to calculate the maximum aggregate from the list of tuples.,364,Create a function that finds the largest absolute product among all pairs in a list of tuples.,1,weak_auto_from_relevant_indices
143,Write a function to calculate the maximum aggregate from the list of tuples.,70,Write a function to find the maximum absolute product between numbers in pairs of tuples within a given list.,1,weak_auto_from_relevant_indices
143,Write a function to calculate the maximum aggregate from the list of tuples.,315,Create a function that returns the largest difference among pairs in a list of tuples.,1,weak_auto_from_relevant_indices
144,Write a function to find the count of all binary sequences of length 2n such that sum of first n bits is same as sum of last n bits.,438,Calculate the number of binary sequences of length 2n with equal sums of the first n and last n bits.,1,weak_auto_from_relevant_indices
144,Write a function to find the count of all binary sequences of length 2n such that sum of first n bits is same as sum of last n bits.,356,Create a Python function that counts the number of ones in the first n positions of a binary string.,1,weak_auto_from_relevant_indices
144,Write a function to find the count of all binary sequences of length 2n such that sum of first n bits is same as sum of last n bits.,107,Write a function to count the number of set bits (binary digits with value 1) in a given number.,1,weak_auto_from_relevant_indices
145,Write a function to find the depth of a dictionary.,234,Write a function to sort a dictionary by value.,1,weak_auto_from_relevant_indices
145,Write a function to find the depth of a dictionary.,439,Determine the maximum depth of nesting in a given dictionary.,1,weak_auto_from_relevant_indices
145,Write a function to find the depth of a dictionary.,263,Write a function to check if a dictionary is empty,1,weak_auto_from_relevant_indices
146,Write a python function to find element at a given index after number of rotations.,440,Create a function to identify the element at a specific index in an array after a series of rotations.,1,weak_auto_from_relevant_indices
146,Write a python function to find element at a given index after number of rotations.,62,Write a python function to find the number of numbers with an odd value when rotating a binary string the given number of times.,1,weak_auto_from_relevant_indices
146,Write a python function to find element at a given index after number of rotations.,69,Write a python function to find the element that appears only once in a sorted array.,1,weak_auto_from_relevant_indices
147,Write a function to return two words from a list of words starting with letter 'p'.,441,Find and return two words from a list that both start with the letter 'p'.,1,weak_auto_from_relevant_indices
147,Write a function to return two words from a list of words starting with letter 'p'.,76,Write a function to find words that are longer than n characters from a given list of words.,1,weak_auto_from_relevant_indices
147,Write a function to return two words from a list of words starting with letter 'p'.,370,Create a function that returns all words longer than n characters from a string.,1,weak_auto_from_relevant_indices
148,"Write a function to find the maximum sum of increasing subsequence from prefix until ith index and also including a given kth element which is after i, i.e., k > i .",442,"Determine the highest sum of an increasing subsequence in an array, considering only elements up to index i and including a specified element at index k.",1,weak_auto_from_relevant_indices
148,"Write a function to find the maximum sum of increasing subsequence from prefix until ith index and also including a given kth element which is after i, i.e., k > i .",228,Write a function to find the maximum product formed by multiplying numbers of an increasing subsequence of that array.,1,weak_auto_from_relevant_indices
148,"Write a function to find the maximum sum of increasing subsequence from prefix until ith index and also including a given kth element which is after i, i.e., k > i .",522,Create a function that calculates the highest product obtainable from an increasing subsequence in the array.,1,weak_auto_from_relevant_indices
149,Write a function to get a colon of a tuple.,80,Write a function to convert a tuple to a string.,1,weak_auto_from_relevant_indices
149,Write a function to get a colon of a tuple.,268,Write a function to convert a list to a tuple.,1,weak_auto_from_relevant_indices
149,Write a function to get a colon of a tuple.,152,Write a function to convert a given string to a tuple of characters.,1,weak_auto_from_relevant_indices
150,"Write a function to find the specified number of largest products from two given lists, selecting one factor from each list.",444,Determine the N largest products that can be made by multiplying a number from each of two lists.,1,weak_auto_from_relevant_indices
150,"Write a function to find the specified number of largest products from two given lists, selecting one factor from each list.",70,Write a function to find the maximum absolute product between numbers in pairs of tuples within a given list.,1,weak_auto_from_relevant_indices
150,"Write a function to find the specified number of largest products from two given lists, selecting one factor from each list.",364,Create a function that finds the largest absolute product among all pairs in a list of tuples.,1,weak_auto_from_relevant_indices
151,Write a python function to find the maximum of two numbers.,169,Write a python function to find the minimum of two numbers.,1,weak_auto_from_relevant_indices
151,Write a python function to find the maximum of two numbers.,137,Write a python function to find quotient of two numbers (rounded down to the nearest integer).,1,weak_auto_from_relevant_indices
151,Write a python function to find the maximum of two numbers.,16,Write a python function to find the largest number that can be formed with the given list of digits.,1,weak_auto_from_relevant_indices
152,Write a function to convert a given string to a tuple of characters.,80,Write a function to convert a tuple to a string.,1,weak_auto_from_relevant_indices
152,Write a function to convert a given string to a tuple of characters.,446,Develop a function to transform a string into a tuple where each character is an element.,1,weak_auto_from_relevant_indices
152,Write a function to convert a given string to a tuple of characters.,268,Write a function to convert a list to a tuple.,1,weak_auto_from_relevant_indices
153,Write a python function to set the left most unset bit.,447,"Create a function that sets the leftmost unset bit in a number, returning the new number.",1,weak_auto_from_relevant_indices
153,Write a python function to set the left most unset bit.,88,Write a python function to check whether all the bits are unset in the given range or not.,1,weak_auto_from_relevant_indices
153,Write a python function to set the left most unset bit.,382,Create a Python function to determine if a number has all bits set to zero within a specified range.,1,weak_auto_from_relevant_indices
154,Write a function to find the volume of a cone.,36,Write a function to find the volume of a sphere.,1,weak_auto_from_relevant_indices
154,Write a function to find the volume of a cone.,448,Calculate the volume of a cone given its radius and height.,1,weak_auto_from_relevant_indices
154,Write a function to find the volume of a cone.,85,Write a function to find the circumference of a circle.,1,weak_auto_from_relevant_indices
155,Write a function to find the list with maximum length.,135,Write a function to find the list of maximum length in a list of lists.,1,weak_auto_from_relevant_indices
155,Write a function to find the list with maximum length.,182,Write a python function to find element of a list having maximum length.,1,weak_auto_from_relevant_indices
155,Write a function to find the list with maximum length.,476,Create a function that identifies the element with the greatest length in a list.,1,weak_auto_from_relevant_indices
156,Write a python function to find the highest power of 2 that is less than or equal to n.,87,Write a python function to find the smallest power of 2 greater than or equal to n.,1,weak_auto_from_relevant_indices
156,Write a python function to find the highest power of 2 that is less than or equal to n.,381,Create a Python function to determine the smallest power of 2 that is greater than or equal to a given number.,1,weak_auto_from_relevant_indices
156,Write a python function to find the highest power of 2 that is less than or equal to n.,450,Create a function to determine the maximum power of two that does not exceed the input number n.,1,weak_auto_from_relevant_indices
157,Write a function to find the n'th lucas number.,451,Create a function that calculates and returns the lucas number at position n in the sequence.,1,weak_auto_from_relevant_indices
157,Write a function to find the n'th lucas number.,117,Write a function to find the n'th star number.,1,weak_auto_from_relevant_indices
157,Write a function to find the n'th lucas number.,126,Write a function to find the nth decagonal number.,1,weak_auto_from_relevant_indices
158,Write a function to apply a given format string to all of the elements in a list.,452,Create a function that formats every element of a list using a provided string template.,1,weak_auto_from_relevant_indices
158,Write a function to apply a given format string to all of the elements in a list.,224,Write a function to find all possible combinations of the elements of a given list.,1,weak_auto_from_relevant_indices
158,Write a function to apply a given format string to all of the elements in a list.,354,Create a function that appends all elements of a list to a tuple.,1,weak_auto_from_relevant_indices
159,Write a function to convert more than one list to nested dictionary.,453,Create a function that transforms multiple lists into a nested dictionary structure.,1,weak_auto_from_relevant_indices
159,Write a function to convert more than one list to nested dictionary.,41,Write a function to merge three dictionaries into a single dictionary.,1,weak_auto_from_relevant_indices
159,Write a function to convert more than one list to nested dictionary.,268,Write a function to convert a list to a tuple.,1,weak_auto_from_relevant_indices
160,"Write a function to find the maximum sum possible by using the given equation f(n) = max( (f(n/2) + f(n/3) + f(n/4) + f(n/5)), n).",454,"Create a function that calculates the highest possible sum using the formula f(n) = max( (f(n/2) + f(n/3) + f(n/4) + f(n/5)), n).",1,weak_auto_from_relevant_indices
160,"Write a function to find the maximum sum possible by using the given equation f(n) = max( (f(n/2) + f(n/3) + f(n/4) + f(n/5)), n).",96,"Write a function to calculate the sum (n - 2*i) from i=0 to n // 2, for instance n + (n-2) + (n-4)... (until n-x =< 0).",1,weak_auto_from_relevant_indices
160,"Write a function to find the maximum sum possible by using the given equation f(n) = max( (f(n/2) + f(n/3) + f(n/4) + f(n/5)), n).",390,"Create a function that sums n, n-2, n-4, and so on, stopping when the result is less than or equal to zero.",1,weak_auto_from_relevant_indices
161,Write a function to check if given tuple contains no duplicates.,455,Create a function that verifies whether a tuple has any duplicate elements.,1,weak_auto_from_relevant_indices
161,Write a function to check if given tuple contains no duplicates.,170,Write a function to check whether an element exists within a tuple.,1,weak_auto_from_relevant_indices
161,Write a function to check if given tuple contains no duplicates.,105,Write a function to check if all the elements in tuple have same data type or not.,1,weak_auto_from_relevant_indices
162,Write a python function to find the first non-repeated character in a given string.,282,Write a python function to find the first repeated character in a given string.,1,weak_auto_from_relevant_indices
162,Write a python function to find the first non-repeated character in a given string.,456,Create a function that identifies the first non-repeating character in a string.,1,weak_auto_from_relevant_indices
162,Write a python function to find the first non-repeated character in a given string.,7,Write a python function to remove first and last occurrence of a given character from the string.,1,weak_auto_from_relevant_indices
163,Write a function to check whether the given string starts and ends with the same character or not.,457,Create a function that checks if a string begins and ends with the identical character.,1,weak_auto_from_relevant_indices
163,Write a function to check whether the given string starts and ends with the same character or not.,64,Write a function to check if a string represents an integer or not.,1,weak_auto_from_relevant_indices
163,Write a function to check whether the given string starts and ends with the same character or not.,456,Create a function that identifies the first non-repeating character in a string.,1,weak_auto_from_relevant_indices
164,Write a function to find the median of three numbers.,458,Create a function that determines the median value among three given numbers.,1,weak_auto_from_relevant_indices
164,Write a function to find the median of three numbers.,109,Write a function to find minimum of three numbers.,1,weak_auto_from_relevant_indices
164,Write a function to find the median of three numbers.,403,Develop a function that returns the smallest value among three given numbers.,1,weak_auto_from_relevant_indices
165,Write a function to compute the sum of digits of each number of a given list.,459,Create a function that calculates the sum of digits for every number in a list.,1,weak_auto_from_relevant_indices
165,Write a function to compute the sum of digits of each number of a given list.,81,Write a function to calculate the sum of the negative numbers of a given list of numbers.,1,weak_auto_from_relevant_indices
165,Write a function to compute the sum of digits of each number of a given list.,183,Write a function to round every number of a given list of numbers and print the total sum multiplied by the length of the list.,1,weak_auto_from_relevant_indices
166,Write a function to perform the mathematical bitwise xor operation across the given tuples.,460,Create a function that executes the bitwise XOR operation on the elements of two tuples.,1,weak_auto_from_relevant_indices
166,Write a function to perform the mathematical bitwise xor operation across the given tuples.,208,Write a function to perform index wise multiplication of tuple elements in the given two tuples.,1,weak_auto_from_relevant_indices
166,Write a function to perform the mathematical bitwise xor operation across the given tuples.,192,Write a function to extract the elementwise and tuples from the given two tuples.,1,weak_auto_from_relevant_indices
167,Write a function to extract the number of unique tuples in the given list.,461,Create a function that determines the count of unique tuples within a list.,1,weak_auto_from_relevant_indices
167,Write a function to extract the number of unique tuples in the given list.,92,Write a function to find number of lists present in the given tuple.,1,weak_auto_from_relevant_indices
167,Write a function to extract the number of unique tuples in the given list.,386,Create a function that returns the count of lists inside a given tuple.,1,weak_auto_from_relevant_indices
168,Write a function to perform index wise addition of tuple elements in the given two nested tuples.,208,Write a function to perform index wise multiplication of tuple elements in the given two tuples.,1,weak_auto_from_relevant_indices
168,Write a function to perform index wise addition of tuple elements in the given two nested tuples.,462,Create a function that adds together elements of two nested tuples at the same index.,1,weak_auto_from_relevant_indices
168,Write a function to perform index wise addition of tuple elements in the given two nested tuples.,229,Write a function to find the pairwise addition of the neighboring elements of the given tuple.,1,weak_auto_from_relevant_indices
169,Write a python function to find the minimum of two numbers.,151,Write a python function to find the maximum of two numbers.,1,weak_auto_from_relevant_indices
169,Write a python function to find the minimum of two numbers.,20,Write a python function to find smallest number in a list.,1,weak_auto_from_relevant_indices
169,Write a python function to find the minimum of two numbers.,137,Write a python function to find quotient of two numbers (rounded down to the nearest integer).,1,weak_auto_from_relevant_indices
170,Write a function to check whether an element exists within a tuple.,464,Create a function that verifies the existence of an element in a tuple.,1,weak_auto_from_relevant_indices
170,Write a function to check whether an element exists within a tuple.,455,Create a function that verifies whether a tuple has any duplicate elements.,1,weak_auto_from_relevant_indices
170,Write a function to check whether an element exists within a tuple.,161,Write a function to check if given tuple contains no duplicates.,1,weak_auto_from_relevant_indices
171,Write a python function to find whether the parity of a given number is odd.,465,Create a function that determines if the parity of a number is odd.,1,weak_auto_from_relevant_indices
171,Write a python function to find whether the parity of a given number is odd.,281,Write a python function to check whether the given number is even or not.,1,weak_auto_from_relevant_indices
171,Write a python function to find whether the parity of a given number is odd.,328,Create a Python function to determine if the length of a word is an odd number.,1,weak_auto_from_relevant_indices
172,Write a function to create the next bigger number by rearranging the digits of a given number.,466,Create a function that generates the next larger number by permuting the digits of the current number.,1,weak_auto_from_relevant_indices
172,Write a function to create the next bigger number by rearranging the digits of a given number.,445,Create a function that returns the larger of two given numbers.,1,weak_auto_from_relevant_indices
172,Write a function to create the next bigger number by rearranging the digits of a given number.,310,Develop a Python function that constructs the biggest number possible from a list of digits.,1,weak_auto_from_relevant_indices
173,Write a function to find k number of smallest pairs which consist of one element from the first array and one element from the second array.,467,Create a function that identifies k smallest pairs formed by elements from two arrays.,1,weak_auto_from_relevant_indices
173,Write a function to find k number of smallest pairs which consist of one element from the first array and one element from the second array.,278,Write a function to find kth element from the given two sorted arrays.,1,weak_auto_from_relevant_indices
173,Write a function to find k number of smallest pairs which consist of one element from the first array and one element from the second array.,572,Create a function that retrieves the kth element from the merged result of two sorted arrays.,1,weak_auto_from_relevant_indices
174,Write a function to find the minimum product from the pairs of tuples within a given list.,468,Create a function that determines the lowest product obtainable from tuple pairs in a list.,1,weak_auto_from_relevant_indices
174,Write a function to find the minimum product from the pairs of tuples within a given list.,70,Write a function to find the maximum absolute product between numbers in pairs of tuples within a given list.,1,weak_auto_from_relevant_indices
174,Write a function to find the minimum product from the pairs of tuples within a given list.,364,Create a function that finds the largest absolute product among all pairs in a list of tuples.,1,weak_auto_from_relevant_indices
175,Write a function to find the minimum value in a given heterogeneous list.,139,Write a function to find the maximum value in a given heterogeneous list.,1,weak_auto_from_relevant_indices
175,Write a function to find the minimum value in a given heterogeneous list.,469,Create a function that identifies the smallest value in a heterogeneous list.,1,weak_auto_from_relevant_indices
175,Write a function to find the minimum value in a given heterogeneous list.,314,Develop a Python function to return the minimum value in a list.,1,weak_auto_from_relevant_indices
176,Write a function to convert the given snake case string to camel case string.,56,Write a function to convert a snake case string to camel case string.,1,weak_auto_from_relevant_indices
176,Write a function to convert the given snake case string to camel case string.,350,Create a function that transforms a snake_case string into camel case format.,1,weak_auto_from_relevant_indices
176,Write a function to convert the given snake case string to camel case string.,470,Create a function that changes snake_case strings to camelCase.,1,weak_auto_from_relevant_indices
177,Write a python function to remove odd numbers from a given list.,483,Create a function that filters out odd numbers from a list.,1,weak_auto_from_relevant_indices
177,Write a python function to remove odd numbers from a given list.,471,Create a function that filters out odd numbers from a list.,1,weak_auto_from_relevant_indices
177,Write a python function to remove odd numbers from a given list.,254,Write a python function to remove duplicate numbers from a given number of lists.,1,weak_auto_from_relevant_indices
178,Write a function to extract the nth element from a given list of tuples.,472,Create a function that retrieves the nth element from each tuple in a list of tuples.,1,weak_auto_from_relevant_indices
178,Write a function to extract the nth element from a given list of tuples.,167,Write a function to extract the number of unique tuples in the given list.,1,weak_auto_from_relevant_indices
178,Write a function to extract the nth element from a given list of tuples.,415,Develop a function that extracts the last element from each tuple in a list.,1,weak_auto_from_relevant_indices
179,Write a python function to check whether any value in a sequence exists in a sequence or not.,473,Create a function that checks for the existence of any value from one sequence in another sequence.,1,weak_auto_from_relevant_indices
179,Write a python function to check whether any value in a sequence exists in a sequence or not.,231,Write a python function to check whether the given list contains consecutive numbers or not.,1,weak_auto_from_relevant_indices
179,Write a python function to check whether any value in a sequence exists in a sequence or not.,281,Write a python function to check whether the given number is even or not.,1,weak_auto_from_relevant_indices
180,Write a python function to find a pair with highest product from a given array of integers.,474,Create a function that identifies the pair of integers in an array that yields the highest product.,1,weak_auto_from_relevant_indices
180,Write a python function to find a pair with highest product from a given array of integers.,70,Write a function to find the maximum absolute product between numbers in pairs of tuples within a given list.,1,weak_auto_from_relevant_indices
180,Write a python function to find a pair with highest product from a given array of integers.,225,Write a function to find the maximum product subarray of the given array.,1,weak_auto_from_relevant_indices
181,Write a function to find common first element in given list of tuple.,475,Create a function that identifies the shared first element in a list of tuples.,1,weak_auto_from_relevant_indices
181,Write a function to find common first element in given list of tuple.,526,"Create a function that finds common elements in tuples within a list, regardless of their order.",1,weak_auto_from_relevant_indices
181,Write a function to find common first element in given list of tuple.,63,Write a function to find the common elements in given nested lists.,1,weak_auto_from_relevant_indices
182,Write a python function to find element of a list having maximum length.,155,Write a function to find the list with maximum length.,1,weak_auto_from_relevant_indices
182,Write a python function to find element of a list having maximum length.,135,Write a function to find the list of maximum length in a list of lists.,1,weak_auto_from_relevant_indices
182,Write a python function to find element of a list having maximum length.,338,Create a Python function to determine the maximum word length in a list.,1,weak_auto_from_relevant_indices
183,Write a function to round every number of a given list of numbers and print the total sum multiplied by the length of the list.,477,"Create a function that rounds each number in a list, then returns the total sum multiplied by the list's length.",1,weak_auto_from_relevant_indices
183,Write a function to round every number of a given list of numbers and print the total sum multiplied by the length of the list.,52,Write a function to multiply all the numbers in a list and divide with the length of the list.,1,weak_auto_from_relevant_indices
183,Write a function to round every number of a given list of numbers and print the total sum multiplied by the length of the list.,165,Write a function to compute the sum of digits of each number of a given list.,1,weak_auto_from_relevant_indices
184,Write a python function to find the cube sum of first n even natural numbers.,186,Write a python function to find the average of cubes of first n natural numbers.,1,weak_auto_from_relevant_indices
184,Write a python function to find the cube sum of first n even natural numbers.,478,Create a function that calculates the cube sum of the initial n even natural numbers.,1,weak_auto_from_relevant_indices
184,Write a python function to find the cube sum of first n even natural numbers.,240,Write a python function to find the difference between the sum of cubes of the first n natural numbers and the sum of the first n natural numbers.,1,weak_auto_from_relevant_indices
185,Write a function to concatenate each element of tuple by the delimiter.,479,Create a function that concatenates the elements of a tuple using a specified delimiter.,1,weak_auto_from_relevant_indices
185,Write a function to concatenate each element of tuple by the delimiter.,374,Create a function that concatenates all elements of a tuple into a single string.,1,weak_auto_from_relevant_indices
185,Write a function to concatenate each element of tuple by the delimiter.,354,Create a function that appends all elements of a list to a tuple.,1,weak_auto_from_relevant_indices
186,Write a python function to find the average of cubes of first n natural numbers.,184,Write a python function to find the cube sum of first n even natural numbers.,1,weak_auto_from_relevant_indices
186,Write a python function to find the average of cubes of first n natural numbers.,480,Create a function that calculates the average value of the cubes of the first n natural numbers.,1,weak_auto_from_relevant_indices
186,Write a python function to find the average of cubes of first n natural numbers.,240,Write a python function to find the difference between the sum of cubes of the first n natural numbers and the sum of the first n natural numbers.,1,weak_auto_from_relevant_indices
187,Write a function to extract only the rear index element of each string in the given tuple.,121,Write a function that takes in a list of tuples and returns a list containing the rear element of each tuple.,1,weak_auto_from_relevant_indices
187,Write a function to extract only the rear index element of each string in the given tuple.,481,Create a function that retrieves the last character from each string in a tuple.,1,weak_auto_from_relevant_indices
187,Write a function to extract only the rear index element of each string in the given tuple.,374,Create a function that concatenates all elements of a tuple into a single string.,1,weak_auto_from_relevant_indices
188,Write a function to count the number of sublists containing a particular element.,482,Create a function that tallies the number of sublists that include a specific element.,1,weak_auto_from_relevant_indices
188,Write a function to count the number of sublists containing a particular element.,27,Write a function to check whether a list contains the given sublist or not.,1,weak_auto_from_relevant_indices
188,Write a function to count the number of sublists containing a particular element.,101,Write a function to count the number of occurrences of a number in a given list.,1,weak_auto_from_relevant_indices
189,Write a function to filter odd numbers.,483,Create a function that filters out odd numbers from a list.,1,weak_auto_from_relevant_indices
189,Write a function to filter odd numbers.,471,Create a function that filters out odd numbers from a list.,1,weak_auto_from_relevant_indices
189,Write a function to filter odd numbers.,533,Create a function that filters and returns only the odd integers from a list.,1,weak_auto_from_relevant_indices
190,Write a function to convert a date of yyyy-mm-dd format to dd-mm-yyyy format.,484,Create a function that changes date formats from yyyy-mm-dd to dd-mm-yyyy.,1,weak_auto_from_relevant_indices
190,Write a function to convert a date of yyyy-mm-dd format to dd-mm-yyyy format.,66,Write a function to convert a given tuple of positive integers into a single integer.,1,weak_auto_from_relevant_indices
190,Write a function to convert a date of yyyy-mm-dd format to dd-mm-yyyy format.,80,Write a function to convert a tuple to a string.,1,weak_auto_from_relevant_indices
191,Write a function to sort the given array by using shell sort.,485,Create a function that arranges an array using the shell sort algorithm.,1,weak_auto_from_relevant_indices
191,Write a function to sort the given array by using shell sort.,86,Write a function to sort a list of elements.,1,weak_auto_from_relevant_indices
191,Write a function to sort the given array by using shell sort.,29,Write a function to sort a list of elements.,1,weak_auto_from_relevant_indices
192,Write a function to extract the elementwise and tuples from the given two tuples.,486,Create a function that retrieves the element-wise AND results of two tuples.,1,weak_auto_from_relevant_indices
192,Write a function to extract the elementwise and tuples from the given two tuples.,260,Write a function to find the dissimilar elements in the given two tuples.,1,weak_auto_from_relevant_indices
192,Write a function to extract the elementwise and tuples from the given two tuples.,208,Write a function to perform index wise multiplication of tuple elements in the given two tuples.,1,weak_auto_from_relevant_indices
193,Write a function to find the directrix of a parabola.,487,Create a function that calculates the directrix of a parabola given its parameters.,1,weak_auto_from_relevant_indices
193,Write a function to find the directrix of a parabola.,85,Write a function to find the circumference of a circle.,1,weak_auto_from_relevant_indices
193,Write a function to find the directrix of a parabola.,36,Write a function to find the volume of a sphere.,1,weak_auto_from_relevant_indices
194,Write a function that takes two lists and returns true if they have at least one common element.,488,Create a function that checks for any common element between two lists and returns true if found.,1,weak_auto_from_relevant_indices
194,Write a function that takes two lists and returns true if they have at least one common element.,131,Write a function that takes in a list and element and checks whether all items in the list are equal to the given element.,1,weak_auto_from_relevant_indices
194,Write a function that takes two lists and returns true if they have at least one common element.,294,Create a function that returns the elements found in both of the provided lists.,1,weak_auto_from_relevant_indices
195,Write a function to find the median length of a trapezium.,489,Create a function that calculates the median length of a trapezium given its bases and height.,1,weak_auto_from_relevant_indices
195,Write a function to find the median length of a trapezium.,164,Write a function to find the median of three numbers.,1,weak_auto_from_relevant_indices
195,Write a function to find the median length of a trapezium.,155,Write a function to find the list with maximum length.,1,weak_auto_from_relevant_indices
196,Write a function to check whether the entered number is greater than the elements of the given array.,490,Create a function that verifies if a given number is larger than all elements in an array.,1,weak_auto_from_relevant_indices
196,Write a function to check whether the entered number is greater than the elements of the given array.,13,Write a function to find whether a given array of integers contains any duplicate element.,1,weak_auto_from_relevant_indices
196,Write a function to check whether the entered number is greater than the elements of the given array.,307,Create a function to check if an integer array has any repeated elements.,1,weak_auto_from_relevant_indices
197,Write a function that matches a string that has an a followed by one or more b's.,491,Create a function that identifies strings containing 'a' followed by one or more 'b' characters.,1,weak_auto_from_relevant_indices
197,Write a function that matches a string that has an a followed by one or more b's.,426,Develop a function that checks for the presence of 'a' followed by two or three 'b' characters in a string.,1,weak_auto_from_relevant_indices
197,Write a function that matches a string that has an a followed by one or more b's.,132,Write a function that checks whether a string contains the 'a' character followed by two or three 'b' characters.,1,weak_auto_from_relevant_indices
198,Write a python function to find the last digit of a given number.,258,Write a python function to find the last digit in factorial of a given number.,1,weak_auto_from_relevant_indices
198,Write a python function to find the last digit of a given number.,238,Write a python function to find the first digit of a given number.,1,weak_auto_from_relevant_indices
198,Write a python function to find the last digit of a given number.,492,Create a function that extracts the last digit from a given number.,1,weak_auto_from_relevant_indices
199,Write a python function to return the negative numbers in a list.,24,Write a python function to count the number of positive numbers in a list.,1,weak_auto_from_relevant_indices
199,Write a python function to return the negative numbers in a list.,318,Develop a Python function to count how many numbers in a list are positive.,1,weak_auto_from_relevant_indices
199,Write a python function to return the negative numbers in a list.,493,Create a function that filters and returns negative numbers from a list.,1,weak_auto_from_relevant_indices
200,Write a function to remove odd characters in a string.,494,Create a function that eliminates characters at odd positions in a string.,1,weak_auto_from_relevant_indices
200,Write a function to remove odd characters in a string.,108,Write a python function to remove the characters which have odd index values of a given string.,1,weak_auto_from_relevant_indices
200,Write a function to remove odd characters in a string.,402,Create a Python function that removes all characters at odd indices from a string.,1,weak_auto_from_relevant_indices
201,Write a function to count bidirectional tuple pairs.,495,Create a function that counts pairs of tuples that are bidirectional.,1,weak_auto_from_relevant_indices
201,Write a function to count bidirectional tuple pairs.,523,Create a function that computes the pairwise sum of adjacent elements in a tuple.,1,weak_auto_from_relevant_indices
201,Write a function to count bidirectional tuple pairs.,386,Create a function that returns the count of lists inside a given tuple.,1,weak_auto_from_relevant_indices
202,Write a function to join a list of multiple integers into a single integer.,496,Create a function that concatenates multiple integers from a list into one single integer.,1,weak_auto_from_relevant_indices
202,Write a function to join a list of multiple integers into a single integer.,360,Create a function that joins all numbers in a tuple into one integer.,1,weak_auto_from_relevant_indices
202,Write a function to join a list of multiple integers into a single integer.,66,Write a function to convert a given tuple of positive integers into a single integer.,1,weak_auto_from_relevant_indices
203,Write a function to find the first adverb and their positions in a given sentence.,497,Create a function that identifies the first adverb in a sentence and provides its position.,1,weak_auto_from_relevant_indices
203,Write a function to find the first adverb and their positions in a given sentence.,265,Write a function to find the first adverb ending with ly and its positions in a given sentence.,1,weak_auto_from_relevant_indices
203,Write a function to find the first adverb and their positions in a given sentence.,559,Create a function that identifies the first adverb in a sentence ending with 'ly' and provides its position.,1,weak_auto_from_relevant_indices
204,Write a function to find the surface area of a cube of a given size.,498,Create a function that calculates the surface area of a cube based on its size.,1,weak_auto_from_relevant_indices
204,Write a function to find the surface area of a cube of a given size.,39,Write a function to find the surface area of a sphere.,1,weak_auto_from_relevant_indices
204,Write a function to find the surface area of a cube of a given size.,115,Write a function to find the lateral surface area of a cube given its side length.,1,weak_auto_from_relevant_indices
205,Write a function to find the ration of positive numbers in an array of integers.,499,Create a function that calculates the ratio of positive numbers in an array of integers.,1,weak_auto_from_relevant_indices
205,Write a function to find the ration of positive numbers in an array of integers.,83,Write a function to find the ratio of zeroes to non-zeroes in an array of integers.,1,weak_auto_from_relevant_indices
205,Write a function to find the ration of positive numbers in an array of integers.,81,Write a function to calculate the sum of the negative numbers of a given list of numbers.,1,weak_auto_from_relevant_indices
206,Write a python function to find the largest negative number from the given list.,500,Create a function that identifies the largest negative number in a list.,1,weak_auto_from_relevant_indices
206,Write a python function to find the largest negative number from the given list.,16,Write a python function to find the largest number that can be formed with the given list of digits.,1,weak_auto_from_relevant_indices
206,Write a python function to find the largest negative number from the given list.,199,Write a python function to return the negative numbers in a list.,1,weak_auto_from_relevant_indices
207,Write a function to trim each tuple by k in the given tuple list.,501,Create a function that shortens each tuple in a list of tuples by removing the first and last k elements.,1,weak_auto_from_relevant_indices
207,Write a function to trim each tuple by k in the given tuple list.,32,Write a function to find tuples which have all elements divisible by k from the given list of tuples.,1,weak_auto_from_relevant_indices
207,Write a function to trim each tuple by k in the given tuple list.,326,Create a function that returns tuples from a list where every element is divisible by a given number k.,1,weak_auto_from_relevant_indices
208,Write a function to perform index wise multiplication of tuple elements in the given two tuples.,168,Write a function to perform index wise addition of tuple elements in the given two nested tuples.,1,weak_auto_from_relevant_indices
208,Write a function to perform index wise multiplication of tuple elements in the given two tuples.,502,Create a function that multiplies elements of two tuples at the same index together.,1,weak_auto_from_relevant_indices
208,Write a function to perform index wise multiplication of tuple elements in the given two tuples.,192,Write a function to extract the elementwise and tuples from the given two tuples.,1,weak_auto_from_relevant_indices
209,Write a python function to count the occurence of all elements of list in a tuple.,503,Create a function that tallies the occurrences of each list element in a tuple.,1,weak_auto_from_relevant_indices
209,Write a python function to count the occurence of all elements of list in a tuple.,92,Write a function to find number of lists present in the given tuple.,1,weak_auto_from_relevant_indices
209,Write a python function to count the occurence of all elements of list in a tuple.,386,Create a function that returns the count of lists inside a given tuple.,1,weak_auto_from_relevant_indices
210,Write a function to find cubes of individual elements in a list.,5,Write a function to find squares of individual elements in a list.,1,weak_auto_from_relevant_indices
210,Write a function to find cubes of individual elements in a list.,504,Create a function that computes the cube of each element in a list.,1,weak_auto_from_relevant_indices
210,Write a function to find cubes of individual elements in a list.,224,Write a function to find all possible combinations of the elements of a given list.,1,weak_auto_from_relevant_indices
211,Write a function to calculate the sum of perrin numbers.,505,Create a function that computes the sum of Perrin numbers up to the nth term.,1,weak_auto_from_relevant_indices
211,Write a function to calculate the sum of perrin numbers.,81,Write a function to calculate the sum of the negative numbers of a given list of numbers.,1,weak_auto_from_relevant_indices
211,Write a function to calculate the sum of perrin numbers.,165,Write a function to compute the sum of digits of each number of a given list.,1,weak_auto_from_relevant_indices
212,Write a function to extract specified size of strings from a given list of string values.,506,Create a function that retrieves strings of a certain length from a list.,1,weak_auto_from_relevant_indices
212,Write a function to extract specified size of strings from a given list of string values.,68,Write a function to convert a string to a list of strings split on the space character.,1,weak_auto_from_relevant_indices
212,Write a function to extract specified size of strings from a given list of string values.,218,Write a function to reverse each string in a given list of string values.,1,weak_auto_from_relevant_indices
213,Write a function to remove all whitespaces from the given string.,507,Create a function that eliminates all whitespace characters from a string.,1,weak_auto_from_relevant_indices
213,Write a function to remove all whitespaces from the given string.,221,Write a function to remove uppercase substrings from a given string.,1,weak_auto_from_relevant_indices
213,Write a function to remove all whitespaces from the given string.,200,Write a function to remove odd characters in a string.,1,weak_auto_from_relevant_indices
214,Write a function that gives loss amount on a sale if the given amount has loss else return 0.,508,"Create a function that calculates the loss amount on a sale, returning 0 if there is no loss.",1,weak_auto_from_relevant_indices
214,Write a function that gives loss amount on a sale if the given amount has loss else return 0.,81,Write a function to calculate the sum of the negative numbers of a given list of numbers.,1,weak_auto_from_relevant_indices
214,Write a function that gives loss amount on a sale if the given amount has loss else return 0.,390,"Create a function that sums n, n-2, n-4, and so on, stopping when the result is less than or equal to zero.",1,weak_auto_from_relevant_indices
215,Write a python function to find the sum of even factors of a number.,119,Write a python function to find the sum of even numbers at even positions of a list.,1,weak_auto_from_relevant_indices
215,Write a python function to find the sum of even factors of a number.,509,Create a function that computes the sum of all even factors of a given number.,1,weak_auto_from_relevant_indices
215,Write a python function to find the sum of even factors of a number.,89,Write a python function that takes in a positive integer n and finds the sum of even index binomial coefficients.,1,weak_auto_from_relevant_indices
216,Write a function that matches a word containing 'z'.,510,Create a function that identifies words with the letter 'z' in them.,1,weak_auto_from_relevant_indices
216,Write a function that matches a word containing 'z'.,197,Write a function that matches a string that has an a followed by one or more b's.,1,weak_auto_from_relevant_indices
216,Write a function that matches a word containing 'z'.,76,Write a function to find words that are longer than n characters from a given list of words.,1,weak_auto_from_relevant_indices
217,Write a function to check whether the given month number contains 31 days or not.,511,Create a function that verifies if a month number corresponds to a month with 31 days.,1,weak_auto_from_relevant_indices
217,Write a function to check whether the given month number contains 31 days or not.,46,Write a function to check whether the given number is undulating or not.,1,weak_auto_from_relevant_indices
217,Write a function to check whether the given month number contains 31 days or not.,64,Write a function to check if a string represents an integer or not.,1,weak_auto_from_relevant_indices
218,Write a function to reverse each string in a given list of string values.,512,Create a function that reverses the characters in each string within a list.,1,weak_auto_from_relevant_indices
218,Write a function to reverse each string in a given list of string values.,284,Write a function to reverse words seperated by spaces in a given string.,1,weak_auto_from_relevant_indices
218,Write a function to reverse each string in a given list of string values.,591,Write a function to reverse a string,1,weak_auto_from_relevant_indices
219,Write a python function to find the sublist having minimum length.,246,Write a python function to find the length of the longest sublists.,1,weak_auto_from_relevant_indices
219,Write a python function to find the sublist having minimum length.,513,Create a function that identifies the sublist with the smallest length within a list of sublists.,1,weak_auto_from_relevant_indices
219,Write a python function to find the sublist having minimum length.,49,Write a python function to find the length of the smallest list in a list of lists.,1,weak_auto_from_relevant_indices
220,Write a function to find the area of a rectangle.,514,Create a function that calculates the area of a rectangle given its length and breadth.,1,weak_auto_from_relevant_indices
220,Write a function to find the area of a rectangle.,39,Write a function to find the surface area of a sphere.,1,weak_auto_from_relevant_indices
220,Write a function to find the area of a rectangle.,204,Write a function to find the surface area of a cube of a given size.,1,weak_auto_from_relevant_indices
221,Write a function to remove uppercase substrings from a given string.,237,Write a python function to remove lowercase substrings from a given string.,1,weak_auto_from_relevant_indices
221,Write a function to remove uppercase substrings from a given string.,515,Create a function that eliminates uppercase letter sequences from a string.,1,weak_auto_from_relevant_indices
221,Write a function to remove uppercase substrings from a given string.,531,Create a function that eliminates lowercase letter sequences from a string.,1,weak_auto_from_relevant_indices
222,Write a python function to get the first element of each sublist.,516,Create a function that retrieves the initial element from each sublist in a list of sublists.,1,weak_auto_from_relevant_indices
222,Write a python function to get the first element of each sublist.,272,Write a python function to interchange the first and last elements in a list.,1,weak_auto_from_relevant_indices
222,Write a python function to get the first element of each sublist.,219,Write a python function to find the sublist having minimum length.,1,weak_auto_from_relevant_indices
223,Write a python function to count the upper case characters in a given string.,517,Create a function that tallies the number of uppercase characters in a string.,1,weak_auto_from_relevant_indices
223,Write a python function to count the upper case characters in a given string.,236,Write a python function to convert the given string to lower case.,1,weak_auto_from_relevant_indices
223,Write a python function to count the upper case characters in a given string.,282,Write a python function to find the first repeated character in a given string.,1,weak_auto_from_relevant_indices
224,Write a function to find all possible combinations of the elements of a given list.,518,Create a function that generates all possible combinations of elements from a given list.,1,weak_auto_from_relevant_indices
224,Write a function to find all possible combinations of the elements of a given list.,210,Write a function to find cubes of individual elements in a list.,1,weak_auto_from_relevant_indices
224,Write a function to find all possible combinations of the elements of a given list.,158,Write a function to apply a given format string to all of the elements in a list.,1,weak_auto_from_relevant_indices
225,Write a function to find the maximum product subarray of the given array.,519,Create a function that identifies the subarray with the highest product within an array.,1,weak_auto_from_relevant_indices
225,Write a function to find the maximum product subarray of the given array.,228,Write a function to find the maximum product formed by multiplying numbers of an increasing subsequence of that array.,1,weak_auto_from_relevant_indices
225,Write a function to find the maximum product subarray of the given array.,522,Create a function that calculates the highest product obtainable from an increasing subsequence in the array.,1,weak_auto_from_relevant_indices
226,Write a function to check whether the given dictionary is empty,263,Write a function to check if a dictionary is empty,1,weak_auto_from_relevant_indices
226,Write a function to check whether the given dictionary is empty,557,Create a function that verifies if a dictionary is empty.,1,weak_auto_from_relevant_indices
226,Write a function to check whether the given dictionary is empty,520,Create a function that verifies if a dictionary is empty.,1,weak_auto_from_relevant_indices
227,Write a function to drop empty items from a given dictionary.,521,Create a function that removes entries with empty values from a dictionary.,1,weak_auto_from_relevant_indices
227,Write a function to drop empty items from a given dictionary.,226,Write a function to check whether the given dictionary is empty,1,weak_auto_from_relevant_indices
227,Write a function to drop empty items from a given dictionary.,252,Write a function to create a list of N empty dictionaries.,1,weak_auto_from_relevant_indices
228,Write a function to find the maximum product formed by multiplying numbers of an increasing subsequence of that array.,522,Create a function that calculates the highest product obtainable from an increasing subsequence in the array.,1,weak_auto_from_relevant_indices
228,Write a function to find the maximum product formed by multiplying numbers of an increasing subsequence of that array.,225,Write a function to find the maximum product subarray of the given array.,1,weak_auto_from_relevant_indices
228,Write a function to find the maximum product formed by multiplying numbers of an increasing subsequence of that array.,474,Create a function that identifies the pair of integers in an array that yields the highest product.,1,weak_auto_from_relevant_indices
229,Write a function to find the pairwise addition of the neighboring elements of the given tuple.,523,Create a function that computes the pairwise sum of adjacent elements in a tuple.,1,weak_auto_from_relevant_indices
229,Write a function to find the pairwise addition of the neighboring elements of the given tuple.,168,Write a function to perform index wise addition of tuple elements in the given two nested tuples.,1,weak_auto_from_relevant_indices
229,Write a function to find the pairwise addition of the neighboring elements of the given tuple.,260,Write a function to find the dissimilar elements in the given two tuples.,1,weak_auto_from_relevant_indices
230,Write a python function to find the product of the array multiplication modulo n.,524,"Create a function that calculates the product of an array's elements multiplied together, then applies a modulo operation with n.",1,weak_auto_from_relevant_indices
230,Write a python function to find the product of the array multiplication modulo n.,228,Write a function to find the maximum product formed by multiplying numbers of an increasing subsequence of that array.,1,weak_auto_from_relevant_indices
230,Write a python function to find the product of the array multiplication modulo n.,180,Write a python function to find a pair with highest product from a given array of integers.,1,weak_auto_from_relevant_indices
231,Write a python function to check whether the given list contains consecutive numbers or not.,525,Create a function that verifies if a list of numbers is consecutive.,1,weak_auto_from_relevant_indices
231,Write a python function to check whether the given list contains consecutive numbers or not.,179,Write a python function to check whether any value in a sequence exists in a sequence or not.,1,weak_auto_from_relevant_indices
231,Write a python function to check whether the given list contains consecutive numbers or not.,281,Write a python function to check whether the given number is even or not.,1,weak_auto_from_relevant_indices
232,Write a function to find the tuple intersection of elements in the given tuple list irrespective of their order.,526,"Create a function that finds common elements in tuples within a list, regardless of their order.",1,weak_auto_from_relevant_indices
232,Write a function to find the tuple intersection of elements in the given tuple list irrespective of their order.,125,Write a function to find the number of elements that occurs before the tuple element in the given tuple.,1,weak_auto_from_relevant_indices
232,Write a function to find the tuple intersection of elements in the given tuple list irrespective of their order.,245,Write a function to find the union of the elements of two given tuples and output them in sorted order.,1,weak_auto_from_relevant_indices
233,Write a function to replace characters in a string.,527,Create a function that substitutes specified characters in a string with new ones.,1,weak_auto_from_relevant_indices
233,Write a function to replace characters in a string.,200,Write a function to remove odd characters in a string.,1,weak_auto_from_relevant_indices
233,Write a function to replace characters in a string.,405,Develop a function that replaces every space in a string with a specified character.,1,weak_auto_from_relevant_indices
234,Write a function to sort a dictionary by value.,528,Create a function that arranges the entries of a dictionary based on their values.,1,weak_auto_from_relevant_indices
234,Write a function to sort a dictionary by value.,86,Write a function to sort a list of elements.,1,weak_auto_from_relevant_indices
234,Write a function to sort a dictionary by value.,29,Write a function to sort a list of elements.,1,weak_auto_from_relevant_indices
235,Write a python function to find the sum of the largest and smallest value in a given array.,269,Write a python function to find the difference between largest and smallest value in a given list.,1,weak_auto_from_relevant_indices
235,Write a python function to find the sum of the largest and smallest value in a given array.,529,Create a function that computes the sum of the maximum and minimum values in an array.,1,weak_auto_from_relevant_indices
235,Write a python function to find the sum of the largest and smallest value in a given array.,20,Write a python function to find smallest number in a list.,1,weak_auto_from_relevant_indices
236,Write a python function to convert the given string to lower case.,237,Write a python function to remove lowercase substrings from a given string.,1,weak_auto_from_relevant_indices
236,Write a python function to convert the given string to lower case.,223,Write a python function to count the upper case characters in a given string.,1,weak_auto_from_relevant_indices
236,Write a python function to convert the given string to lower case.,249,Write a python function to split a string into characters.,1,weak_auto_from_relevant_indices
237,Write a python function to remove lowercase substrings from a given string.,221,Write a function to remove uppercase substrings from a given string.,1,weak_auto_from_relevant_indices
237,Write a python function to remove lowercase substrings from a given string.,236,Write a python function to convert the given string to lower case.,1,weak_auto_from_relevant_indices
237,Write a python function to remove lowercase substrings from a given string.,531,Create a function that eliminates lowercase letter sequences from a string.,1,weak_auto_from_relevant_indices
238,Write a python function to find the first digit of a given number.,198,Write a python function to find the last digit of a given number.,1,weak_auto_from_relevant_indices
238,Write a python function to find the first digit of a given number.,532,Create a function that extracts the first digit from a given number.,1,weak_auto_from_relevant_indices
238,Write a python function to find the first digit of a given number.,258,Write a python function to find the last digit in factorial of a given number.,1,weak_auto_from_relevant_indices
239,Write a python function which takes a list of integers and only returns the odd ones.,533,Create a function that filters and returns only the odd integers from a list.,1,weak_auto_from_relevant_indices
239,Write a python function which takes a list of integers and only returns the odd ones.,177,Write a python function to remove odd numbers from a given list.,1,weak_auto_from_relevant_indices
239,Write a python function which takes a list of integers and only returns the odd ones.,116,Write a python function that takes in an integer n and returns the sum of the squares of the first n odd natural numbers.,1,weak_auto_from_relevant_indices
240,Write a python function to find the difference between the sum of cubes of the first n natural numbers and the sum of the first n natural numbers.,534,Create a function that calculates the difference between the sum of cubes and the sum of the first n natural numbers.,1,weak_auto_from_relevant_indices
240,Write a python function to find the difference between the sum of cubes of the first n natural numbers and the sum of the first n natural numbers.,184,Write a python function to find the cube sum of first n even natural numbers.,1,weak_auto_from_relevant_indices
240,Write a python function to find the difference between the sum of cubes of the first n natural numbers and the sum of the first n natural numbers.,186,Write a python function to find the average of cubes of first n natural numbers.,1,weak_auto_from_relevant_indices
241,Write a python function to count the number of pairs whose xor value is odd.,535,Create a function that counts the number of pairs in a list that have an odd XOR value.,1,weak_auto_from_relevant_indices
241,Write a python function to count the number of pairs whose xor value is odd.,100,Write a function that counts the number of pairs of integers in a list that xor to an even number.,1,weak_auto_from_relevant_indices
241,Write a python function to count the number of pairs whose xor value is odd.,171,Write a python function to find whether the parity of a given number is odd.,1,weak_auto_from_relevant_indices
242,Write a function to toggle the case of all characters in a string.,536,Create a function that switches the case of each character in a string.,1,weak_auto_from_relevant_indices
242,Write a function to toggle the case of all characters in a string.,530,Create a function that changes all characters in a string to lowercase.,1,weak_auto_from_relevant_indices
242,Write a function to toggle the case of all characters in a string.,233,Write a function to replace characters in a string.,1,weak_auto_from_relevant_indices
243,Write a python function to find the sum of the per-digit difference between two integers.,537,Create a function that computes the sum of differences between corresponding digits of two integers.,1,weak_auto_from_relevant_indices
243,Write a python function to find the sum of the per-digit difference between two integers.,74,Write a python function to find the sum of common divisors of two given numbers.,1,weak_auto_from_relevant_indices
243,Write a python function to find the sum of the per-digit difference between two integers.,3,Write a python function to check whether the two numbers differ at one bit position only or not.,1,weak_auto_from_relevant_indices
244,Write a function to find the sum of the largest contiguous sublist in the given list.,538,Create a function that calculates the sum of the largest contiguous subarray within a given list.,1,weak_auto_from_relevant_indices
244,Write a function to find the sum of the largest contiguous sublist in the given list.,133,Write a function to find the largest sum of a contiguous array in the modified array which is formed by repeating the given array k times.,1,weak_auto_from_relevant_indices
244,Write a function to find the sum of the largest contiguous sublist in the given list.,139,Write a function to find the maximum value in a given heterogeneous list.,1,weak_auto_from_relevant_indices
245,Write a function to find the union of the elements of two given tuples and output them in sorted order.,539,Create a function that determines the union of two tuples' elements and returns them in sorted order.,1,weak_auto_from_relevant_indices
245,Write a function to find the union of the elements of two given tuples and output them in sorted order.,486,Create a function that retrieves the element-wise AND results of two tuples.,1,weak_auto_from_relevant_indices
245,Write a function to find the union of the elements of two given tuples and output them in sorted order.,192,Write a function to extract the elementwise and tuples from the given two tuples.,1,weak_auto_from_relevant_indices
246,Write a python function to find the length of the longest sublists.,219,Write a python function to find the sublist having minimum length.,1,weak_auto_from_relevant_indices
246,Write a python function to find the length of the longest sublists.,540,Create a function that determines the length of the longest sublist within a list of sublists.,1,weak_auto_from_relevant_indices
246,Write a python function to find the length of the longest sublists.,182,Write a python function to find element of a list having maximum length.,1,weak_auto_from_relevant_indices
247,Write a function to extract values between quotation marks from a string.,541,Create a function that retrieves values enclosed in quotation marks from a string.,1,weak_auto_from_relevant_indices
247,Write a function to extract values between quotation marks from a string.,212,Write a function to extract specified size of strings from a given list of string values.,1,weak_auto_from_relevant_indices
247,Write a function to extract values between quotation marks from a string.,233,Write a function to replace characters in a string.,1,weak_auto_from_relevant_indices
248,Write a python function which takes a list of integers and counts the number of possible unordered pairs where both elements are unequal.,542,Create a function that counts the number of unordered pairs in a list of integers where the two integers are different.,1,weak_auto_from_relevant_indices
248,Write a python function which takes a list of integers and counts the number of possible unordered pairs where both elements are unequal.,239,Write a python function which takes a list of integers and only returns the odd ones.,1,weak_auto_from_relevant_indices
248,Write a python function which takes a list of integers and counts the number of possible unordered pairs where both elements are unequal.,241,Write a python function to count the number of pairs whose xor value is odd.,1,weak_auto_from_relevant_indices
249,Write a python function to split a string into characters.,543,Create a function that divides a string into its individual characters.,1,weak_auto_from_relevant_indices
249,Write a python function to split a string into characters.,68,Write a function to convert a string to a list of strings split on the space character.,1,weak_auto_from_relevant_indices
249,Write a python function to split a string into characters.,233,Write a function to replace characters in a string.,1,weak_auto_from_relevant_indices
250,Write a function to get the sum of the digits of a non-negative integer.,544,Create a function that computes the sum of all digits in a non-negative integer.,1,weak_auto_from_relevant_indices
250,Write a function to get the sum of the digits of a non-negative integer.,81,Write a function to calculate the sum of the negative numbers of a given list of numbers.,1,weak_auto_from_relevant_indices
250,Write a function to get the sum of the digits of a non-negative integer.,165,Write a function to compute the sum of digits of each number of a given list.,1,weak_auto_from_relevant_indices
251,Write a function to check whether a specified list is sorted or not.,545,Create a function that verifies if a list is sorted in ascending order.,1,weak_auto_from_relevant_indices
251,Write a function to check whether a specified list is sorted or not.,27,Write a function to check whether a list contains the given sublist or not.,1,weak_auto_from_relevant_indices
251,Write a function to check whether a specified list is sorted or not.,257,Write a python function to check whether a list is sublist of another or not.,1,weak_auto_from_relevant_indices
252,Write a function to create a list of N empty dictionaries.,546,Create a function that generates a list containing N empty dictionaries.,1,weak_auto_from_relevant_indices
252,Write a function to create a list of N empty dictionaries.,65,Write a function to check whether all dictionaries in a list are empty or not.,1,weak_auto_from_relevant_indices
252,Write a function to create a list of N empty dictionaries.,359,Develop a function that checks if every dictionary in a list is empty.,1,weak_auto_from_relevant_indices
253,Write a function to sort each sublist of strings in a given list of lists.,58,Write a function to sort each sublist of strings in a given list of lists.,1,weak_auto_from_relevant_indices
253,Write a function to sort each sublist of strings in a given list of lists.,352,Create a function that sorts every sublist of strings within a list of lists.,1,weak_auto_from_relevant_indices
253,Write a function to sort each sublist of strings in a given list of lists.,547,Create a function that arranges the strings in each sublist of a list of lists.,1,weak_auto_from_relevant_indices
254,Write a python function to remove duplicate numbers from a given number of lists.,548,Create a function that filters out duplicate numbers from multiple lists.,1,weak_auto_from_relevant_indices
254,Write a python function to remove duplicate numbers from a given number of lists.,177,Write a python function to remove odd numbers from a given list.,1,weak_auto_from_relevant_indices
254,Write a python function to remove duplicate numbers from a given number of lists.,255,Write a python function to calculate the product of the unique numbers in a given list.,1,weak_auto_from_relevant_indices
255,Write a python function to calculate the product of the unique numbers in a given list.,549,Create a function that computes the product of all unique numbers in a list.,1,weak_auto_from_relevant_indices
255,Write a python function to calculate the product of the unique numbers in a given list.,254,Write a python function to remove duplicate numbers from a given number of lists.,1,weak_auto_from_relevant_indices
255,Write a python function to calculate the product of the unique numbers in a given list.,24,Write a python function to count the number of positive numbers in a list.,1,weak_auto_from_relevant_indices
256,Write a function to find the surface area of a cylinder.,39,Write a function to find the surface area of a sphere.,1,weak_auto_from_relevant_indices
256,Write a function to find the surface area of a cylinder.,550,Create a function that calculates the surface area of a cylinder given its radius and height.,1,weak_auto_from_relevant_indices
256,Write a function to find the surface area of a cylinder.,204,Write a function to find the surface area of a cube of a given size.,1,weak_auto_from_relevant_indices
257,Write a python function to check whether a list is sublist of another or not.,551,Create a function that verifies if one list is a sublist of another list.,1,weak_auto_from_relevant_indices
257,Write a python function to check whether a list is sublist of another or not.,27,Write a function to check whether a list contains the given sublist or not.,1,weak_auto_from_relevant_indices
257,Write a python function to check whether a list is sublist of another or not.,128,Write a python function to check if the elements of a given list are unique or not.,1,weak_auto_from_relevant_indices
258,Write a python function to find the last digit in factorial of a given number.,198,Write a python function to find the last digit of a given number.,1,weak_auto_from_relevant_indices
258,Write a python function to find the last digit in factorial of a given number.,552,Create a function that determines the last digit of the factorial of a number.,1,weak_auto_from_relevant_indices
258,Write a python function to find the last digit in factorial of a given number.,238,Write a python function to find the first digit of a given number.,1,weak_auto_from_relevant_indices
259,Write a python function to interleave 3 lists of the same length into a single flat list.,553,Create a function that merges three lists of equal length into one flat list by alternating their elements.,1,weak_auto_from_relevant_indices
259,Write a python function to interleave 3 lists of the same length into a single flat list.,61,Write a function to merge three lists into a single sorted list.,1,weak_auto_from_relevant_indices
259,Write a python function to interleave 3 lists of the same length into a single flat list.,90,Write a function to flatten the list of lists into a single set of numbers.,1,weak_auto_from_relevant_indices
260,Write a function to find the dissimilar elements in the given two tuples.,192,Write a function to extract the elementwise and tuples from the given two tuples.,1,weak_auto_from_relevant_indices
260,Write a function to find the dissimilar elements in the given two tuples.,208,Write a function to perform index wise multiplication of tuple elements in the given two tuples.,1,weak_auto_from_relevant_indices
260,Write a function to find the dissimilar elements in the given two tuples.,245,Write a function to find the union of the elements of two given tuples and output them in sorted order.,1,weak_auto_from_relevant_indices
261,Write a function to remove uneven elements in the nested mixed tuple.,555,Create a function that filters out uneven elements from nested tuples.,1,weak_auto_from_relevant_indices
261,Write a function to remove uneven elements in the nested mixed tuple.,168,Write a function to perform index wise addition of tuple elements in the given two nested tuples.,1,weak_auto_from_relevant_indices
261,Write a function to remove uneven elements in the nested mixed tuple.,260,Write a function to find the dissimilar elements in the given two tuples.,1,weak_auto_from_relevant_indices
262,Write a python function to find the surface area of a square pyramid with a given base edge and height.,556,Create a function that calculates the surface area of a square pyramid given the length of a base edge and the pyramid's height.,1,weak_auto_from_relevant_indices
262,Write a python function to find the surface area of a square pyramid with a given base edge and height.,204,Write a function to find the surface area of a cube of a given size.,1,weak_auto_from_relevant_indices
262,Write a python function to find the surface area of a square pyramid with a given base edge and height.,550,Create a function that calculates the surface area of a cylinder given its radius and height.,1,weak_auto_from_relevant_indices
263,Write a function to check if a dictionary is empty,226,Write a function to check whether the given dictionary is empty,1,weak_auto_from_relevant_indices
263,Write a function to check if a dictionary is empty,557,Create a function that verifies if a dictionary is empty.,1,weak_auto_from_relevant_indices
263,Write a function to check if a dictionary is empty,520,Create a function that verifies if a dictionary is empty.,1,weak_auto_from_relevant_indices
264,Write a function which returns nth catalan number.,558,Create a function that computes the nth Catalan number.,1,weak_auto_from_relevant_indices
264,Write a function which returns nth catalan number.,420,Implement a function that returns the nth decagonal number.,1,weak_auto_from_relevant_indices
264,Write a function which returns nth catalan number.,18,Write a function to find the nth octagonal number.,1,weak_auto_from_relevant_indices
265,Write a function to find the first adverb ending with ly and its positions in a given sentence.,559,Create a function that identifies the first adverb in a sentence ending with 'ly' and provides its position.,1,weak_auto_from_relevant_indices
265,Write a function to find the first adverb ending with ly and its positions in a given sentence.,203,Write a function to find the first adverb and their positions in a given sentence.,1,weak_auto_from_relevant_indices
265,Write a function to find the first adverb ending with ly and its positions in a given sentence.,497,Create a function that identifies the first adverb in a sentence and provides its position.,1,weak_auto_from_relevant_indices
266,Write a function to find the n most expensive items in a given dataset.,560,Create a function that retrieves the n items with the highest price from a dataset.,1,weak_auto_from_relevant_indices
266,Write a function to find the n most expensive items in a given dataset.,78,Write a function to find the item with maximum frequency in a given list.,1,weak_auto_from_relevant_indices
266,Write a function to find the n most expensive items in a given dataset.,139,Write a function to find the maximum value in a given heterogeneous list.,1,weak_auto_from_relevant_indices
267,Write a python function to split a list at the nth eelment and add the first part to the end.,561,Create a function that divides a list at the nth element and appends the first segment to the end.,1,weak_auto_from_relevant_indices
267,Write a python function to split a list at the nth eelment and add the first part to the end.,272,Write a python function to interchange the first and last elements in a list.,1,weak_auto_from_relevant_indices
267,Write a python function to split a list at the nth eelment and add the first part to the end.,114,"Write a function that takes in a list and an integer n and splits a list for every nth element, returning a list of the resulting lists.",1,weak_auto_from_relevant_indices
268,Write a function to convert a list to a tuple.,562,Create a function that changes a list into a tuple.,1,weak_auto_from_relevant_indices
268,Write a function to convert a list to a tuple.,80,Write a function to convert a tuple to a string.,1,weak_auto_from_relevant_indices
268,Write a function to convert a list to a tuple.,152,Write a function to convert a given string to a tuple of characters.,1,weak_auto_from_relevant_indices
269,Write a python function to find the difference between largest and smallest value in a given list.,235,Write a python function to find the sum of the largest and smallest value in a given array.,1,weak_auto_from_relevant_indices
269,Write a python function to find the difference between largest and smallest value in a given list.,49,Write a python function to find the length of the smallest list in a list of lists.,1,weak_auto_from_relevant_indices
269,Write a python function to find the difference between largest and smallest value in a given list.,20,Write a python function to find smallest number in a list.,1,weak_auto_from_relevant_indices
270,Write a function to find perfect squares between two given numbers.,564,Create a function that identifies all perfect squares within a specified range.,1,weak_auto_from_relevant_indices
270,Write a function to find perfect squares between two given numbers.,70,Write a function to find the maximum absolute product between numbers in pairs of tuples within a given list.,1,weak_auto_from_relevant_indices
270,Write a function to find perfect squares between two given numbers.,324,Create a Python function to determine if a number can be written as the difference of two squares.,1,weak_auto_from_relevant_indices
271,Write a function to convert polar coordinates to rectangular coordinates.,565,Create a function that transforms polar coordinates into rectangular coordinates.,1,weak_auto_from_relevant_indices
271,Write a function to convert polar coordinates to rectangular coordinates.,286,Write a function to convert degrees to radians.,1,weak_auto_from_relevant_indices
271,Write a function to convert polar coordinates to rectangular coordinates.,580,Create a function that converts an angle from degrees to radians.,1,weak_auto_from_relevant_indices
272,Write a python function to interchange the first and last elements in a list.,566,Create a function that swaps the first and last elements of a list.,1,weak_auto_from_relevant_indices
272,Write a python function to interchange the first and last elements in a list.,267,Write a python function to split a list at the nth eelment and add the first part to the end.,1,weak_auto_from_relevant_indices
272,Write a python function to interchange the first and last elements in a list.,222,Write a python function to get the first element of each sublist.,1,weak_auto_from_relevant_indices
273,Write a python function to find the sum of the product of consecutive binomial co-efficients.,567,Create a function that computes the sum of products of consecutive binomial coefficients.,1,weak_auto_from_relevant_indices
273,Write a python function to find the sum of the product of consecutive binomial co-efficients.,89,Write a python function that takes in a positive integer n and finds the sum of even index binomial coefficients.,1,weak_auto_from_relevant_indices
273,Write a python function to find the sum of the product of consecutive binomial co-efficients.,383,Create a Python function to compute the sum of binomial coefficients at even indices for a given positive integer n.,1,weak_auto_from_relevant_indices
274,Write a function to remove leading zeroes from an ip address.,568,Create a function that eliminates leading zeros from an IP address.,1,weak_auto_from_relevant_indices
274,Write a function to remove leading zeroes from an ip address.,200,Write a function to remove odd characters in a string.,1,weak_auto_from_relevant_indices
274,Write a function to remove leading zeroes from an ip address.,108,Write a python function to remove the characters which have odd index values of a given string.,1,weak_auto_from_relevant_indices
275,Write a function to find the difference of the first even and first odd number of a given list.,569,Create a function that calculates the difference between the first even and first odd number in a list.,1,weak_auto_from_relevant_indices
275,Write a function to find the difference of the first even and first odd number of a given list.,119,Write a python function to find the sum of even numbers at even positions of a list.,1,weak_auto_from_relevant_indices
275,Write a function to find the difference of the first even and first odd number of a given list.,483,Create a function that filters out odd numbers from a list.,1,weak_auto_from_relevant_indices
276,Write a python function to count minimum number of swaps required to convert one binary number represented as a string to another.,570,Create a function that calculates the least number of swaps needed to change one binary string to another.,1,weak_auto_from_relevant_indices
276,Write a python function to count minimum number of swaps required to convert one binary number represented as a string to another.,356,Create a Python function that counts the number of ones in the first n positions of a binary string.,1,weak_auto_from_relevant_indices
276,Write a python function to count minimum number of swaps required to convert one binary number represented as a string to another.,62,Write a python function to find the number of numbers with an odd value when rotating a binary string the given number of times.,1,weak_auto_from_relevant_indices
277,Write a function to find the size in bytes of the given tuple.,571,Create a function that determines the byte size of a given tuple.,1,weak_auto_from_relevant_indices
277,Write a function to find the size in bytes of the given tuple.,92,Write a function to find number of lists present in the given tuple.,1,weak_auto_from_relevant_indices
277,Write a function to find the size in bytes of the given tuple.,152,Write a function to convert a given string to a tuple of characters.,1,weak_auto_from_relevant_indices
278,Write a function to find kth element from the given two sorted arrays.,572,Create a function that retrieves the kth element from the merged result of two sorted arrays.,1,weak_auto_from_relevant_indices
278,Write a function to find kth element from the given two sorted arrays.,55,Write a function to find the kth element in the given array using 1-based indexing.,1,weak_auto_from_relevant_indices
278,Write a function to find kth element from the given two sorted arrays.,349,"Develop a function that retrieves the kth element from an array, using 1-based indexing.",1,weak_auto_from_relevant_indices
279,Write a function to check whether the given number is armstrong or not.,46,Write a function to check whether the given number is undulating or not.,1,weak_auto_from_relevant_indices
279,Write a function to check whether the given number is armstrong or not.,573,Create a function that verifies if a number is an Armstrong number.,1,weak_auto_from_relevant_indices
279,Write a function to check whether the given number is armstrong or not.,14,Write a function to check if the given number is woodball or not.,1,weak_auto_from_relevant_indices
280,Write a function to find sum and average of first n natural numbers.,574,Create a function that calculates both the sum and the average of the first n natural numbers.,1,weak_auto_from_relevant_indices
280,Write a function to find sum and average of first n natural numbers.,480,Create a function that calculates the average value of the cubes of the first n natural numbers.,1,weak_auto_from_relevant_indices
280,Write a function to find sum and average of first n natural numbers.,186,Write a python function to find the average of cubes of first n natural numbers.,1,weak_auto_from_relevant_indices
281,Write a python function to check whether the given number is even or not.,171,Write a python function to find whether the parity of a given number is odd.,1,weak_auto_from_relevant_indices
281,Write a python function to check whether the given number is even or not.,15,Write a python function to check if a given number is one less than twice its reverse.,1,weak_auto_from_relevant_indices
281,Write a python function to check whether the given number is even or not.,575,Create a function that determines if a number is even.,1,weak_auto_from_relevant_indices
282,Write a python function to find the first repeated character in a given string.,162,Write a python function to find the first non-repeated character in a given string.,1,weak_auto_from_relevant_indices
282,Write a python function to find the first repeated character in a given string.,576,Create a function that identifies the first character that appears more than once in a string.,1,weak_auto_from_relevant_indices
282,Write a python function to find the first repeated character in a given string.,456,Create a function that identifies the first non-repeating character in a string.,1,weak_auto_from_relevant_indices
283,Write a function to get all lucid numbers smaller than or equal to a given integer.,577,Create a function that lists all lucid numbers up to a specified integer.,1,weak_auto_from_relevant_indices
283,Write a function to get all lucid numbers smaller than or equal to a given integer.,337,Develop a function that returns the largest integer less than a given number n.,1,weak_auto_from_relevant_indices
283,Write a function to get all lucid numbers smaller than or equal to a given integer.,43,Write a function to find the closest smaller number than n.,1,weak_auto_from_relevant_indices
284,Write a function to reverse words seperated by spaces in a given string.,578,Create a function that reverses the order of words in a string where words are separated by spaces.,1,weak_auto_from_relevant_indices
284,Write a function to reverse words seperated by spaces in a given string.,218,Write a function to reverse each string in a given list of string values.,1,weak_auto_from_relevant_indices
284,Write a function to reverse words seperated by spaces in a given string.,362,Create a function that splits a string into a list of words using spaces as separators.,1,weak_auto_from_relevant_indices
285,Write a function to check if the given integer is a prime number.,579,Create a function that determines whether a given integer is prime.,1,weak_auto_from_relevant_indices
285,Write a function to check if the given integer is a prime number.,295,Develop a Python function that checks if a number is not a prime.,1,weak_auto_from_relevant_indices
285,Write a function to check if the given integer is a prime number.,64,Write a function to check if a string represents an integer or not.,1,weak_auto_from_relevant_indices
286,Write a function to convert degrees to radians.,580,Create a function that converts an angle from degrees to radians.,1,weak_auto_from_relevant_indices
286,Write a function to convert degrees to radians.,271,Write a function to convert polar coordinates to rectangular coordinates.,1,weak_auto_from_relevant_indices
286,Write a function to convert degrees to radians.,565,Create a function that transforms polar coordinates into rectangular coordinates.,1,weak_auto_from_relevant_indices
287,"Write a function to search a string for a regex pattern. The function should return the matching subtring, a start index and an end index.",581,Create a function that searches for a regex pattern in a string and returns the matching substring along with its start and end indices.,1,weak_auto_from_relevant_indices
287,"Write a function to search a string for a regex pattern. The function should return the matching subtring, a start index and an end index.",457,Create a function that checks if a string begins and ends with the identical character.,1,weak_auto_from_relevant_indices
287,"Write a function to search a string for a regex pattern. The function should return the matching subtring, a start index and an end index.",163,Write a function to check whether the given string starts and ends with the same character or not.,1,weak_auto_from_relevant_indices
288,Write a python function to find nth bell number.,582,Create a function that computes the nth Bell number.,1,weak_auto_from_relevant_indices
288,Write a python function to find nth bell number.,238,Write a python function to find the first digit of a given number.,1,weak_auto_from_relevant_indices
288,Write a python function to find nth bell number.,18,Write a function to find the nth octagonal number.,1,weak_auto_from_relevant_indices
289,"Write a python function which takes a list and returns a list with the same elements, but the k'th element removed.",583,Create a function that produces a list identical to the input list but with the k'th element excluded.,1,weak_auto_from_relevant_indices
289,"Write a python function which takes a list and returns a list with the same elements, but the k'th element removed.",239,Write a python function which takes a list of integers and only returns the odd ones.,1,weak_auto_from_relevant_indices
289,"Write a python function which takes a list and returns a list with the same elements, but the k'th element removed.",254,Write a python function to remove duplicate numbers from a given number of lists.,1,weak_auto_from_relevant_indices
290,"Given a square matrix of size N*N given as a list of lists, where each cell is associated with a specific cost. A path is defined as a specific sequence of cells that starts from the top-left cell move only right or down and ends on bottom right cell. We want to find a path with the maximum average over all existing paths. Average is computed as total cost divided by the number of cells visited in the path.",584,"Create a function that finds a path through a cost matrix (N*N) with the highest average value, starting from the top-left and ending at the bottom-right, only moving right or down.",1,weak_auto_from_relevant_indices
290,"Given a square matrix of size N*N given as a list of lists, where each cell is associated with a specific cost. A path is defined as a specific sequence of cells that starts from the top-left cell move only right or down and ends on bottom right cell. We want to find a path with the maximum average over all existing paths. Average is computed as total cost divided by the number of cells visited in the path.",302,Implement a function that sorts a matrix by the sum of each row in ascending order.,1,weak_auto_from_relevant_indices
290,"Given a square matrix of size N*N given as a list of lists, where each cell is associated with a specific cost. A path is defined as a specific sequence of cells that starts from the top-left cell move only right or down and ends on bottom right cell. We want to find a path with the maximum average over all existing paths. Average is computed as total cost divided by the number of cells visited in the path.",8,Write a function to sort a given matrix in ascending order according to the sum of its rows.,1,weak_auto_from_relevant_indices
291,Write a function to find the median of two sorted lists of same size.,585,Create a function that determines the median value of two equally sized sorted lists.,1,weak_auto_from_relevant_indices
291,Write a function to find the median of two sorted lists of same size.,587,Create a function that counts the number of indices at which two lists have the same value.,1,weak_auto_from_relevant_indices
291,Write a function to find the median of two sorted lists of same size.,164,Write a function to find the median of three numbers.,1,weak_auto_from_relevant_indices
292,"The input is given as - a dictionary with a student name as a key and a tuple of float (student_height, student_weight) as a value, - minimal height, - minimal weight. Write a function to filter students that have height and weight above the minimum.",586,Create a function that filters out students who do not meet the minimum height and weight requirements.,1,weak_auto_from_relevant_indices
292,"The input is given as - a dictionary with a student name as a key and a tuple of float (student_height, student_weight) as a value, - minimal height, - minimal weight. Write a function to filter students that have height and weight above the minimum.",124,Write a function that takes in a dictionary and integer n and filters the dictionary to only include entries with values greater than or equal to n.,1,weak_auto_from_relevant_indices
292,"The input is given as - a dictionary with a student name as a key and a tuple of float (student_height, student_weight) as a value, - minimal height, - minimal weight. Write a function to filter students that have height and weight above the minimum.",563,Create a function that calculates the difference between the maximum and minimum values in a list.,1,weak_auto_from_relevant_indices
293,Write a function to count indices where the lists have the same values.,587,Create a function that counts the number of indices at which two lists have the same value.,1,weak_auto_from_relevant_indices
293,Write a function to count indices where the lists have the same values.,385,Develop a function that counts how many items are the same at the same index in three lists.,1,weak_auto_from_relevant_indices
293,Write a function to count indices where the lists have the same values.,91,Write a function to count number items that are identical in the same position of three given lists.,1,weak_auto_from_relevant_indices
294,Create a function that returns the elements found in both of the provided lists.,0,Write a function to find the shared elements from the given two lists.,1,weak_auto_from_relevant_indices
294,Create a function that returns the elements found in both of the provided lists.,423,Create a function that performs element-wise subtraction between two lists.,1,weak_auto_from_relevant_indices
294,Create a function that returns the elements found in both of the provided lists.,357,Develop a function that returns the elements shared by all nested lists.,1,weak_auto_from_relevant_indices
295,Develop a Python function that checks if a number is not a prime.,1,Write a python function to identify non-prime numbers.,1,weak_auto_from_relevant_indices
295,Develop a Python function that checks if a number is not a prime.,285,Write a function to check if the given integer is a prime number.,1,weak_auto_from_relevant_indices
295,Develop a Python function that checks if a number is not a prime.,579,Create a function that determines whether a given integer is prime.,1,weak_auto_from_relevant_indices
296,"Implement a function that returns the n biggest numbers from a list, sorted from highest to lowest.",2,"Write a function to find the n largest integers from a given list of numbers, returned in descending order.",1,weak_auto_from_relevant_indices
296,"Implement a function that returns the n biggest numbers from a list, sorted from highest to lowest.",337,Develop a function that returns the largest integer less than a given number n.,1,weak_auto_from_relevant_indices
296,"Implement a function that returns the n biggest numbers from a list, sorted from highest to lowest.",500,Create a function that identifies the largest negative number in a list.,1,weak_auto_from_relevant_indices
297,Create a Python function to determine if two numbers differ by exactly one bit position.,3,Write a python function to check whether the two numbers differ at one bit position only or not.,1,weak_auto_from_relevant_indices
297,Create a Python function to determine if two numbers differ by exactly one bit position.,324,Create a Python function to determine if a number can be written as the difference of two squares.,1,weak_auto_from_relevant_indices
297,Create a Python function to determine if two numbers differ by exactly one bit position.,311,Create a Python function to verify if two integers have different signs.,1,weak_auto_from_relevant_indices
298,Write a function that extracts all words with a minimum length of four characters from a string.,4,Write a function to find all words which are at least 4 characters long in a string.,1,weak_auto_from_relevant_indices
298,Write a function that extracts all words with a minimum length of four characters from a string.,370,Create a function that returns all words longer than n characters from a string.,1,weak_auto_from_relevant_indices
298,Write a function that extracts all words with a minimum length of four characters from a string.,76,Write a function to find words that are longer than n characters from a given list of words.,1,weak_auto_from_relevant_indices
299,Create a function that computes the square of each element in a list.,504,Create a function that computes the cube of each element in a list.,1,weak_auto_from_relevant_indices
299,Create a function that computes the square of each element in a list.,5,Write a function to find squares of individual elements in a list.,1,weak_auto_from_relevant_indices
299,Create a function that computes the square of each element in a list.,459,Create a function that calculates the sum of digits for every number in a list.,1,weak_auto_from_relevant_indices
300,Develop a Python function to determine the smallest number of rotations needed to return a string to its original form.,6,Write a python function to find the minimum number of rotations (greater than 0) required to get the same string.,1,weak_auto_from_relevant_indices
300,Develop a Python function to determine the smallest number of rotations needed to return a string to its original form.,314,Develop a Python function to return the minimum value in a list.,1,weak_auto_from_relevant_indices
300,Develop a Python function to determine the smallest number of rotations needed to return a string to its original form.,146,Write a python function to find element at a given index after number of rotations.,1,weak_auto_from_relevant_indices
301,Create a Python function that deletes the first and last appearance of a specified character in a string.,7,Write a python function to remove first and last occurrence of a given character from the string.,1,weak_auto_from_relevant_indices
301,Create a Python function that deletes the first and last appearance of a specified character in a string.,306,Develop a function that deletes all characters from the first string that also appear in the second string.,1,weak_auto_from_relevant_indices
301,Create a Python function that deletes the first and last appearance of a specified character in a string.,282,Write a python function to find the first repeated character in a given string.,1,weak_auto_from_relevant_indices
302,Implement a function that sorts a matrix by the sum of each row in ascending order.,8,Write a function to sort a given matrix in ascending order according to the sum of its rows.,1,weak_auto_from_relevant_indices
302,Implement a function that sorts a matrix by the sum of each row in ascending order.,380,Implement a function that sorts the elements of a list in ascending order.,1,weak_auto_from_relevant_indices
302,Implement a function that sorts a matrix by the sum of each row in ascending order.,323,Implement a function that sorts the elements of a list in ascending order.,1,weak_auto_from_relevant_indices
303,Create a Python function that calculates the volume of a triangular prism.,9,Write a python function to find the volume of a triangular prism.,1,weak_auto_from_relevant_indices
303,Create a Python function that calculates the volume of a triangular prism.,330,Create a function that computes the volume of a sphere given its radius.,1,weak_auto_from_relevant_indices
303,Create a Python function that calculates the volume of a triangular prism.,36,Write a function to find the volume of a sphere.,1,weak_auto_from_relevant_indices
304,Write a function that checks if a string has lowercase letter sequences separated by an underscore.,10,Write a function to that returns true if the input string contains sequences of lowercase letters joined with an underscore and false otherwise.,1,weak_auto_from_relevant_indices
304,Write a function that checks if a string has lowercase letter sequences separated by an underscore.,531,Create a function that eliminates lowercase letter sequences from a string.,1,weak_auto_from_relevant_indices
304,Write a function that checks if a string has lowercase letter sequences separated by an underscore.,515,Create a function that eliminates uppercase letter sequences from a string.,1,weak_auto_from_relevant_indices
305,Create a function to compute the perimeter of a square from its side length.,11,Write a function that returns the perimeter of a square given its side length as input.,1,weak_auto_from_relevant_indices
305,Create a function to compute the perimeter of a square from its side length.,397,Develop a function that calculates the perimeter of a regular pentagon given the side length.,1,weak_auto_from_relevant_indices
305,Create a function to compute the perimeter of a square from its side length.,409,Develop a function that calculates the lateral surface area of a cube from its side length.,1,weak_auto_from_relevant_indices
306,Develop a function that deletes all characters from the first string that also appear in the second string.,12,Write a function to remove characters from the first string which are present in the second string.,1,weak_auto_from_relevant_indices
306,Develop a function that deletes all characters from the first string that also appear in the second string.,301,Create a Python function that deletes the first and last appearance of a specified character in a string.,1,weak_auto_from_relevant_indices
306,Develop a function that deletes all characters from the first string that also appear in the second string.,389,Develop a function that removes every element from one list that also appears in a second list.,1,weak_auto_from_relevant_indices
307,Create a function to check if an integer array has any repeated elements.,13,Write a function to find whether a given array of integers contains any duplicate element.,1,weak_auto_from_relevant_indices
307,Create a function to check if an integer array has any repeated elements.,455,Create a function that verifies whether a tuple has any duplicate elements.,1,weak_auto_from_relevant_indices
307,Create a function to check if an integer array has any repeated elements.,525,Create a function that verifies if a list of numbers is consecutive.,1,weak_auto_from_relevant_indices
308,Develop a function to determine whether a number is a woodball number.,14,Write a function to check if the given number is woodball or not.,1,weak_auto_from_relevant_indices
308,Develop a function to determine whether a number is a woodball number.,575,Create a function that determines if a number is even.,1,weak_auto_from_relevant_indices
308,Develop a function to determine whether a number is a woodball number.,465,Create a function that determines if the parity of a number is odd.,1,weak_auto_from_relevant_indices
309,Create a Python function to determine if a number equals two times its reverse minus one.,15,Write a python function to check if a given number is one less than twice its reverse.,1,weak_auto_from_relevant_indices
309,Create a Python function to determine if a number equals two times its reverse minus one.,378,Create a Python function to determine if a number can be written as a sum of non-zero powers of two.,1,weak_auto_from_relevant_indices
309,Create a Python function to determine if a number equals two times its reverse minus one.,324,Create a Python function to determine if a number can be written as the difference of two squares.,1,weak_auto_from_relevant_indices
310,Develop a Python function that constructs the biggest number possible from a list of digits.,16,Write a python function to find the largest number that can be formed with the given list of digits.,1,weak_auto_from_relevant_indices
310,Develop a Python function that constructs the biggest number possible from a list of digits.,151,Write a python function to find the maximum of two numbers.,1,weak_auto_from_relevant_indices
310,Develop a Python function that constructs the biggest number possible from a list of digits.,182,Write a python function to find element of a list having maximum length.,1,weak_auto_from_relevant_indices
311,Create a Python function to verify if two integers have different signs.,17,Write a python function to check whether the given two integers have opposite sign or not.,1,weak_auto_from_relevant_indices
311,Create a Python function to verify if two integers have different signs.,324,Create a Python function to determine if a number can be written as the difference of two squares.,1,weak_auto_from_relevant_indices
311,Create a Python function to verify if two integers have different signs.,30,Write a python function to check whether the given number can be represented as the difference of two squares or not.,1,weak_auto_from_relevant_indices
312,Implement a function that calculates the nth octagonal number.,18,Write a function to find the nth octagonal number.,1,weak_auto_from_relevant_indices
312,Implement a function that calculates the nth octagonal number.,420,Implement a function that returns the nth decagonal number.,1,weak_auto_from_relevant_indices
312,Implement a function that calculates the nth octagonal number.,376,Create a function that computes the nth hexagonal number.,1,weak_auto_from_relevant_indices
313,Create a Python function that counts substrings where the sum of digits matches the substring's length.,19,Write a python function to count the number of substrings with the sum of digits equal to their length.,1,weak_auto_from_relevant_indices
313,Create a Python function that counts substrings where the sum of digits matches the substring's length.,246,Write a python function to find the length of the longest sublists.,1,weak_auto_from_relevant_indices
313,Create a Python function that counts substrings where the sum of digits matches the substring's length.,219,Write a python function to find the sublist having minimum length.,1,weak_auto_from_relevant_indices
314,Develop a Python function to return the minimum value in a list.,343,Develop a Python function to return the length of the shortest list among a list of lists.,1,weak_auto_from_relevant_indices
314,Develop a Python function to return the minimum value in a list.,20,Write a python function to find smallest number in a list.,1,weak_auto_from_relevant_indices
314,Develop a Python function to return the minimum value in a list.,49,Write a python function to find the length of the smallest list in a list of lists.,1,weak_auto_from_relevant_indices
315,Create a function that returns the largest difference among pairs in a list of tuples.,21,Write a function to find the maximum difference between available pairs in the given tuple list.,1,weak_auto_from_relevant_indices
315,Create a function that returns the largest difference among pairs in a list of tuples.,364,Create a function that finds the largest absolute product among all pairs in a list of tuples.,1,weak_auto_from_relevant_indices
315,Create a function that returns the largest difference among pairs in a list of tuples.,70,Write a function to find the maximum absolute product between numbers in pairs of tuples within a given list.,1,weak_auto_from_relevant_indices
316,Implement a function to sort tuples in a list based on their second element.,22,Write a function to sort a list of tuples using the second value of each tuple.,1,weak_auto_from_relevant_indices
316,Implement a function to sort tuples in a list based on their second element.,539,Create a function that determines the union of two tuples' elements and returns them in sorted order.,1,weak_auto_from_relevant_indices
316,Implement a function to sort tuples in a list based on their second element.,342,Create a function that finds the first element from the tuple with the lowest second value in a list.,1,weak_auto_from_relevant_indices
317,Create a function that flattens a nested list and computes the total sum of its elements.,23,Write a function to flatten a list and sum all of its elements.,1,weak_auto_from_relevant_indices
317,Create a function that flattens a nested list and computes the total sum of its elements.,436,Create a function that flattens a nested list into a single list with all the values.,1,weak_auto_from_relevant_indices
317,Create a function that flattens a nested list and computes the total sum of its elements.,142,Write a function to flatten a given nested list structure.,1,weak_auto_from_relevant_indices
318,Develop a Python function to count how many numbers in a list are positive.,24,Write a python function to count the number of positive numbers in a list.,1,weak_auto_from_relevant_indices
318,Develop a Python function to count how many numbers in a list are positive.,353,Develop a Python function to count the number of True values in a list.,1,weak_auto_from_relevant_indices
318,Develop a Python function to count how many numbers in a list are positive.,199,Write a python function to return the negative numbers in a list.,1,weak_auto_from_relevant_indices
319,Create a function that calculates the number of partitions for a set using Bell numbers.,25,Write a function to find the number of ways to partition a set of Bell numbers.,1,weak_auto_from_relevant_indices
319,Create a function that calculates the number of partitions for a set using Bell numbers.,582,Create a function that computes the nth Bell number.,1,weak_auto_from_relevant_indices
319,Create a function that calculates the number of partitions for a set using Bell numbers.,107,Write a function to count the number of set bits (binary digits with value 1) in a given number.,1,weak_auto_from_relevant_indices
320,Develop a Python function to determine if an array is monotonic (entirely non-increasing or non-decreasing).,26,Write a python function to check whether the given array is monotonic or not.,1,weak_auto_from_relevant_indices
320,Develop a Python function to determine if an array is monotonic (entirely non-increasing or non-decreasing).,295,Develop a Python function that checks if a number is not a prime.,1,weak_auto_from_relevant_indices
320,Develop a Python function to determine if an array is monotonic (entirely non-increasing or non-decreasing).,363,Develop a Python function to identify the unique element in a sorted array where all others are duplicated.,1,weak_auto_from_relevant_indices
321,Create a function that verifies if a sublist exists within a list.,551,Create a function that verifies if one list is a sublist of another list.,1,weak_auto_from_relevant_indices
321,Create a function that verifies if a sublist exists within a list.,27,Write a function to check whether a list contains the given sublist or not.,1,weak_auto_from_relevant_indices
321,Create a function that verifies if a sublist exists within a list.,339,Develop a function to check if any string in a list contains a given substring.,1,weak_auto_from_relevant_indices
322,Develop a function to check if all tuples in a list have the same length.,28,Write a function to find whether all the given tuples have equal length or not.,1,weak_auto_from_relevant_indices
322,Develop a function to check if all tuples in a list have the same length.,399,Develop a function that checks whether every element in a tuple is of the same type.,1,weak_auto_from_relevant_indices
322,Develop a function to check if all tuples in a list have the same length.,105,Write a function to check if all the elements in tuple have same data type or not.,1,weak_auto_from_relevant_indices
323,Implement a function that sorts the elements of a list in ascending order.,380,Implement a function that sorts the elements of a list in ascending order.,1,weak_auto_from_relevant_indices
323,Implement a function that sorts the elements of a list in ascending order.,545,Create a function that verifies if a list is sorted in ascending order.,1,weak_auto_from_relevant_indices
323,Implement a function that sorts the elements of a list in ascending order.,86,Write a function to sort a list of elements.,1,weak_auto_from_relevant_indices
324,Create a Python function to determine if a number can be written as the difference of two squares.,30,Write a python function to check whether the given number can be represented as the difference of two squares or not.,1,weak_auto_from_relevant_indices
324,Create a Python function to determine if a number can be written as the difference of two squares.,378,Create a Python function to determine if a number can be written as a sum of non-zero powers of two.,1,weak_auto_from_relevant_indices
324,Create a Python function to determine if a number can be written as the difference of two squares.,311,Create a Python function to verify if two integers have different signs.,1,weak_auto_from_relevant_indices
325,Develop a function to verify if a list matches the sequence pattern provided.,31,Write a function to check whether it follows the sequence given in the patterns array.,1,weak_auto_from_relevant_indices
325,Develop a function to verify if a list matches the sequence pattern provided.,525,Create a function that verifies if a list of numbers is consecutive.,1,weak_auto_from_relevant_indices
325,Develop a function to verify if a list matches the sequence pattern provided.,545,Create a function that verifies if a list is sorted in ascending order.,1,weak_auto_from_relevant_indices
326,Create a function that returns tuples from a list where every element is divisible by a given number k.,32,Write a function to find tuples which have all elements divisible by k from the given list of tuples.,1,weak_auto_from_relevant_indices
326,Create a function that returns tuples from a list where every element is divisible by a given number k.,207,Write a function to trim each tuple by k in the given tuple list.,1,weak_auto_from_relevant_indices
326,Create a function that returns tuples from a list where every element is divisible by a given number k.,501,Create a function that shortens each tuple in a list of tuples by removing the first and last k elements.,1,weak_auto_from_relevant_indices
327,Develop a Python function to check if a number can be divided by 11 without remainder.,33,Write a python function to find whether a number is divisible by 11.,1,weak_auto_from_relevant_indices
327,Develop a Python function to check if a number can be divided by 11 without remainder.,295,Develop a Python function that checks if a number is not a prime.,1,weak_auto_from_relevant_indices
327,Develop a Python function to check if a number can be divided by 11 without remainder.,378,Create a Python function to determine if a number can be written as a sum of non-zero powers of two.,1,weak_auto_from_relevant_indices
328,Create a Python function to determine if the length of a word is an odd number.,34,Write a python function to check whether the length of the word is odd or not.,1,weak_auto_from_relevant_indices
328,Create a Python function to determine if the length of a word is an odd number.,171,Write a python function to find whether the parity of a given number is odd.,1,weak_auto_from_relevant_indices
328,Create a Python function to determine if the length of a word is an odd number.,44,Write a python function to find the length of the longest word.,1,weak_auto_from_relevant_indices
329,Implement a function to calculate the nth tetrahedral number.,35,Write a function to find the nth tetrahedral number.,1,weak_auto_from_relevant_indices
329,Implement a function to calculate the nth tetrahedral number.,312,Implement a function that calculates the nth octagonal number.,1,weak_auto_from_relevant_indices
329,Implement a function to calculate the nth tetrahedral number.,376,Create a function that computes the nth hexagonal number.,1,weak_auto_from_relevant_indices
330,Create a function that computes the volume of a sphere given its radius.,36,Write a function to find the volume of a sphere.,1,weak_auto_from_relevant_indices
330,Create a function that computes the volume of a sphere given its radius.,333,Implement a function to calculate the surface area of a sphere from its radius.,1,weak_auto_from_relevant_indices
330,Create a function that computes the volume of a sphere given its radius.,417,Create a function that computes the volume of a cylinder given its radius and height.,1,weak_auto_from_relevant_indices
331,Develop a Python function that returns the character corresponding to the sum of ASCII values of a string's characters modulo 26.,37,Write a python function to find the character made by adding the ASCII value of all the characters of the given string modulo 26.,1,weak_auto_from_relevant_indices
331,Develop a Python function that returns the character corresponding to the sum of ASCII values of a string's characters modulo 26.,412,Create a function that returns the ASCII code of a given character.,1,weak_auto_from_relevant_indices
331,Develop a Python function that returns the character corresponding to the sum of ASCII values of a string's characters modulo 26.,118,Write a function to find the ascii value of a character.,1,weak_auto_from_relevant_indices
332,Create a function to compute the nth value in the Newman-Conway sequence.,38,Write a function to find the nth number in the newman conway sequence.,1,weak_auto_from_relevant_indices
332,Create a function to compute the nth value in the Newman-Conway sequence.,582,Create a function that computes the nth Bell number.,1,weak_auto_from_relevant_indices
332,Create a function to compute the nth value in the Newman-Conway sequence.,411,Develop a function that computes the nth star number.,1,weak_auto_from_relevant_indices
333,Implement a function to calculate the surface area of a sphere from its radius.,330,Create a function that computes the volume of a sphere given its radius.,1,weak_auto_from_relevant_indices
333,Implement a function to calculate the surface area of a sphere from its radius.,39,Write a function to find the surface area of a sphere.,1,weak_auto_from_relevant_indices
333,Implement a function to calculate the surface area of a sphere from its radius.,498,Create a function that calculates the surface area of a cube based on its size.,1,weak_auto_from_relevant_indices
334,Create a function that returns the nth centered hexagonal number.,376,Create a function that computes the nth hexagonal number.,1,weak_auto_from_relevant_indices
334,Create a function that returns the nth centered hexagonal number.,40,Write a function to find nth centered hexagonal number.,1,weak_auto_from_relevant_indices
334,Create a function that returns the nth centered hexagonal number.,82,Write a function to find the nth hexagonal number.,1,weak_auto_from_relevant_indices
335,Develop a function that combines three dictionaries into one.,41,Write a function to merge three dictionaries into a single dictionary.,1,weak_auto_from_relevant_indices
335,Develop a function that combines three dictionaries into one.,355,Develop a function that combines three lists and returns a single sorted list.,1,weak_auto_from_relevant_indices
335,Develop a function that combines three dictionaries into one.,453,Create a function that transforms multiple lists into a nested dictionary structure.,1,weak_auto_from_relevant_indices
336,Create a function that counts how often each element appears in a list and returns the result as a dictionary.,42,"Write a function to get the frequency of all the elements in a list, returned as a dictionary.",1,weak_auto_from_relevant_indices
336,Create a function that counts how often each element appears in a list and returns the result as a dictionary.,345,Develop a function that flattens a list of lists and returns a dictionary with the frequency of each element.,1,weak_auto_from_relevant_indices
336,Create a function that counts how often each element appears in a list and returns the result as a dictionary.,51,"Write a function to find frequency of each element in a flattened list of lists, returned in a dictionary.",1,weak_auto_from_relevant_indices
337,Develop a function that returns the largest integer less than a given number n.,2,"Write a function to find the n largest integers from a given list of numbers, returned in descending order.",1,weak_auto_from_relevant_indices
337,Develop a function that returns the largest integer less than a given number n.,43,Write a function to find the closest smaller number than n.,1,weak_auto_from_relevant_indices
337,Develop a function that returns the largest integer less than a given number n.,296,"Implement a function that returns the n biggest numbers from a list, sorted from highest to lowest.",1,weak_auto_from_relevant_indices
338,Create a Python function to determine the maximum word length in a list.,44,Write a python function to find the length of the longest word.,1,weak_auto_from_relevant_indices
338,Create a Python function to determine the maximum word length in a list.,182,Write a python function to find element of a list having maximum length.,1,weak_auto_from_relevant_indices
338,Create a Python function to determine the maximum word length in a list.,135,Write a function to find the list of maximum length in a list of lists.,1,weak_auto_from_relevant_indices
339,Develop a function to check if any string in a list contains a given substring.,45,Write a function to check if a string is present as a substring in a given list of string values.,1,weak_auto_from_relevant_indices
339,Develop a function to check if any string in a list contains a given substring.,27,Write a function to check whether a list contains the given sublist or not.,1,weak_auto_from_relevant_indices
339,Develop a function to check if any string in a list contains a given substring.,321,Create a function that verifies if a sublist exists within a list.,1,weak_auto_from_relevant_indices
340,Create a function to determine if a number is undulating (alternating digits).,46,Write a function to check whether the given number is undulating or not.,1,weak_auto_from_relevant_indices
340,Create a function to determine if a number is undulating (alternating digits).,465,Create a function that determines if the parity of a number is odd.,1,weak_auto_from_relevant_indices
340,Create a function to determine if a number is undulating (alternating digits).,575,Create a function that determines if a number is even.,1,weak_auto_from_relevant_indices
341,Develop a function that computes a raised to the power of b.,47,Write a function to calculate the value of 'a' to the power 'b'.,1,weak_auto_from_relevant_indices
341,Develop a function that computes a raised to the power of b.,369,Develop a function that multiplies two integers together.,1,weak_auto_from_relevant_indices
341,Develop a function that computes a raised to the power of b.,582,Create a function that computes the nth Bell number.,1,weak_auto_from_relevant_indices
342,Create a function that finds the first element from the tuple with the lowest second value in a list.,48,"Given a list of tuples, write a function that returns the first value of the tuple with the smallest second value.",1,weak_auto_from_relevant_indices
342,Create a function that finds the first element from the tuple with the lowest second value in a list.,468,Create a function that determines the lowest product obtainable from tuple pairs in a list.,1,weak_auto_from_relevant_indices
342,Create a function that finds the first element from the tuple with the lowest second value in a list.,174,Write a function to find the minimum product from the pairs of tuples within a given list.,1,weak_auto_from_relevant_indices
343,Develop a Python function to return the length of the shortest list among a list of lists.,49,Write a python function to find the length of the smallest list in a list of lists.,1,weak_auto_from_relevant_indices
343,Develop a Python function to return the length of the shortest list among a list of lists.,314,Develop a Python function to return the minimum value in a list.,1,weak_auto_from_relevant_indices
343,Develop a Python function to return the length of the shortest list among a list of lists.,219,Write a python function to find the sublist having minimum length.,1,weak_auto_from_relevant_indices
344,Create a Python function that counts how many divisors a given integer has.,50,Write a python function to find the number of divisors of a given integer.,1,weak_auto_from_relevant_indices
344,Create a Python function that counts how many divisors a given integer has.,434,Create a function that calculates the total sum of all divisors of a given number.,1,weak_auto_from_relevant_indices
344,Create a Python function that counts how many divisors a given integer has.,368,Create a Python function that returns the sum of all common divisors of two numbers.,1,weak_auto_from_relevant_indices
345,Develop a function that flattens a list of lists and returns a dictionary with the frequency of each element.,51,"Write a function to find frequency of each element in a flattened list of lists, returned in a dictionary.",1,weak_auto_from_relevant_indices
345,Develop a function that flattens a list of lists and returns a dictionary with the frequency of each element.,42,"Write a function to get the frequency of all the elements in a list, returned as a dictionary.",1,weak_auto_from_relevant_indices
345,Develop a function that flattens a list of lists and returns a dictionary with the frequency of each element.,336,Create a function that counts how often each element appears in a list and returns the result as a dictionary.,1,weak_auto_from_relevant_indices
346,Create a function that multiplies all elements in a list and divides the result by the list's length.,52,Write a function to multiply all the numbers in a list and divide with the length of the list.,1,weak_auto_from_relevant_indices
346,Create a function that multiplies all elements in a list and divides the result by the list's length.,477,"Create a function that rounds each number in a list, then returns the total sum multiplied by the list's length.",1,weak_auto_from_relevant_indices
346,Create a function that multiplies all elements in a list and divides the result by the list's length.,183,Write a function to round every number of a given list of numbers and print the total sum multiplied by the length of the list.,1,weak_auto_from_relevant_indices
347,Develop a function that converts a decimal number to its binary string representation without leading zeros.,53,"Write a function to convert the given decimal number to its binary equivalent, represented as a string with no leading zeros.",1,weak_auto_from_relevant_indices
347,Develop a function that converts a decimal number to its binary string representation without leading zeros.,377,Develop a function that calculates the ratio of zeros to non-zeros in an integer array.,1,weak_auto_from_relevant_indices
347,Develop a function that converts a decimal number to its binary string representation without leading zeros.,401,Develop a function that returns the count of 1s in the binary representation of a number.,1,weak_auto_from_relevant_indices
348,Create a function that returns the next palindrome greater than a given integer.,54,"Write a function to find the next smallest palindrome of a specified integer, returned as an integer.",1,weak_auto_from_relevant_indices
348,Create a function that returns the next palindrome greater than a given integer.,445,Create a function that returns the larger of two given numbers.,1,weak_auto_from_relevant_indices
348,Create a function that returns the next palindrome greater than a given integer.,337,Develop a function that returns the largest integer less than a given number n.,1,weak_auto_from_relevant_indices
349,"Develop a function that retrieves the kth element from an array, using 1-based indexing.",55,Write a function to find the kth element in the given array using 1-based indexing.,1,weak_auto_from_relevant_indices
349,"Develop a function that retrieves the kth element from an array, using 1-based indexing.",572,Create a function that retrieves the kth element from the merged result of two sorted arrays.,1,weak_auto_from_relevant_indices
349,"Develop a function that retrieves the kth element from an array, using 1-based indexing.",278,Write a function to find kth element from the given two sorted arrays.,1,weak_auto_from_relevant_indices
350,Create a function that transforms a snake_case string into camel case format.,56,Write a function to convert a snake case string to camel case string.,1,weak_auto_from_relevant_indices
350,Create a function that transforms a snake_case string into camel case format.,176,Write a function to convert the given snake case string to camel case string.,1,weak_auto_from_relevant_indices
350,Create a function that transforms a snake_case string into camel case format.,470,Create a function that changes snake_case strings to camelCase.,1,weak_auto_from_relevant_indices
351,Develop a function to compute the Eulerian number for given n and m.,57,"Write a function to find the Eulerian number a(n, m).",1,weak_auto_from_relevant_indices
351,Develop a function to compute the Eulerian number for given n and m.,411,Develop a function that computes the nth star number.,1,weak_auto_from_relevant_indices
351,Develop a function to compute the Eulerian number for given n and m.,505,Create a function that computes the sum of Perrin numbers up to the nth term.,1,weak_auto_from_relevant_indices
352,Create a function that sorts every sublist of strings within a list of lists.,547,Create a function that arranges the strings in each sublist of a list of lists.,1,weak_auto_from_relevant_indices
352,Create a function that sorts every sublist of strings within a list of lists.,253,Write a function to sort each sublist of strings in a given list of lists.,1,weak_auto_from_relevant_indices
352,Create a function that sorts every sublist of strings within a list of lists.,58,Write a function to sort each sublist of strings in a given list of lists.,1,weak_auto_from_relevant_indices
353,Develop a Python function to count the number of True values in a list.,318,Develop a Python function to count how many numbers in a list are positive.,1,weak_auto_from_relevant_indices
353,Develop a Python function to count the number of True values in a list.,24,Write a python function to count the number of positive numbers in a list.,1,weak_auto_from_relevant_indices
353,Develop a Python function to count the number of True values in a list.,209,Write a python function to count the occurence of all elements of list in a tuple.,1,weak_auto_from_relevant_indices
354,Create a function that appends all elements of a list to a tuple.,374,Create a function that concatenates all elements of a tuple into a single string.,1,weak_auto_from_relevant_indices
354,Create a function that appends all elements of a list to a tuple.,503,Create a function that tallies the occurrences of each list element in a tuple.,1,weak_auto_from_relevant_indices
354,Create a function that appends all elements of a list to a tuple.,60,Write a function to append the given list to the given tuples.,1,weak_auto_from_relevant_indices
355,Develop a function that combines three lists and returns a single sorted list.,61,Write a function to merge three lists into a single sorted list.,1,weak_auto_from_relevant_indices
355,Develop a function that combines three lists and returns a single sorted list.,553,Create a function that merges three lists of equal length into one flat list by alternating their elements.,1,weak_auto_from_relevant_indices
355,Develop a function that combines three lists and returns a single sorted list.,335,Develop a function that combines three dictionaries into one.,1,weak_auto_from_relevant_indices
356,Create a Python function that counts the number of ones in the first n positions of a binary string.,401,Develop a function that returns the count of 1s in the binary representation of a number.,1,weak_auto_from_relevant_indices
356,Create a Python function that counts the number of ones in the first n positions of a binary string.,62,Write a python function to find the number of numbers with an odd value when rotating a binary string the given number of times.,1,weak_auto_from_relevant_indices
356,Create a Python function that counts the number of ones in the first n positions of a binary string.,107,Write a function to count the number of set bits (binary digits with value 1) in a given number.,1,weak_auto_from_relevant_indices
357,Develop a function that returns the elements shared by all nested lists.,63,Write a function to find the common elements in given nested lists.,1,weak_auto_from_relevant_indices
357,Develop a function that returns the elements shared by all nested lists.,294,Create a function that returns the elements found in both of the provided lists.,1,weak_auto_from_relevant_indices
357,Develop a function that returns the elements shared by all nested lists.,518,Create a function that generates all possible combinations of elements from a given list.,1,weak_auto_from_relevant_indices
358,Create a function that determines whether a string can be interpreted as an integer.,64,Write a function to check if a string represents an integer or not.,1,weak_auto_from_relevant_indices
358,Create a function that determines whether a string can be interpreted as an integer.,579,Create a function that determines whether a given integer is prime.,1,weak_auto_from_relevant_indices
358,Create a function that determines whether a string can be interpreted as an integer.,285,Write a function to check if the given integer is a prime number.,1,weak_auto_from_relevant_indices
359,Develop a function that checks if every dictionary in a list is empty.,65,Write a function to check whether all dictionaries in a list are empty or not.,1,weak_auto_from_relevant_indices
359,Develop a function that checks if every dictionary in a list is empty.,557,Create a function that verifies if a dictionary is empty.,1,weak_auto_from_relevant_indices
359,Develop a function that checks if every dictionary in a list is empty.,520,Create a function that verifies if a dictionary is empty.,1,weak_auto_from_relevant_indices
360,Create a function that joins all numbers in a tuple into one integer.,374,Create a function that concatenates all elements of a tuple into a single string.,1,weak_auto_from_relevant_indices
360,Create a function that joins all numbers in a tuple into one integer.,202,Write a function to join a list of multiple integers into a single integer.,1,weak_auto_from_relevant_indices
360,Create a function that joins all numbers in a tuple into one integer.,66,Write a function to convert a given tuple of positive integers into a single integer.,1,weak_auto_from_relevant_indices
361,Develop a function that converts all convertible elements in a list of lists to float type.,67,Write a function to convert all possible convertible elements in a list of lists to floats.,1,weak_auto_from_relevant_indices
361,Develop a function that converts all convertible elements in a list of lists to float type.,354,Create a function that appends all elements of a list to a tuple.,1,weak_auto_from_relevant_indices
361,Develop a function that converts all convertible elements in a list of lists to float type.,452,Create a function that formats every element of a list using a provided string template.,1,weak_auto_from_relevant_indices
362,Create a function that splits a string into a list of words using spaces as separators.,68,Write a function to convert a string to a list of strings split on the space character.,1,weak_auto_from_relevant_indices
362,Create a function that splits a string into a list of words using spaces as separators.,578,Create a function that reverses the order of words in a string where words are separated by spaces.,1,weak_auto_from_relevant_indices
362,Create a function that splits a string into a list of words using spaces as separators.,284,Write a function to reverse words seperated by spaces in a given string.,1,weak_auto_from_relevant_indices
363,Develop a Python function to identify the unique element in a sorted array where all others are duplicated.,422,Develop a Python function that determines whether all elements in a list are unique.,1,weak_auto_from_relevant_indices
363,Develop a Python function to identify the unique element in a sorted array where all others are duplicated.,69,Write a python function to find the element that appears only once in a sorted array.,1,weak_auto_from_relevant_indices
363,Develop a Python function to identify the unique element in a sorted array where all others are duplicated.,128,Write a python function to check if the elements of a given list are unique or not.,1,weak_auto_from_relevant_indices
364,Create a function that finds the largest absolute product among all pairs in a list of tuples.,70,Write a function to find the maximum absolute product between numbers in pairs of tuples within a given list.,1,weak_auto_from_relevant_indices
364,Create a function that finds the largest absolute product among all pairs in a list of tuples.,315,Create a function that returns the largest difference among pairs in a list of tuples.,1,weak_auto_from_relevant_indices
364,Create a function that finds the largest absolute product among all pairs in a list of tuples.,174,Write a function to find the minimum product from the pairs of tuples within a given list.,1,weak_auto_from_relevant_indices
365,Develop a function that calculates the sum of all amicable numbers up to a given limit.,71,Write a function to sum all amicable numbers from 1 to a specified number.,1,weak_auto_from_relevant_indices
365,Develop a function that calculates the sum of all amicable numbers up to a given limit.,509,Create a function that computes the sum of all even factors of a given number.,1,weak_auto_from_relevant_indices
365,Develop a function that calculates the sum of all amicable numbers up to a given limit.,434,Create a function that calculates the total sum of all divisors of a given number.,1,weak_auto_from_relevant_indices
366,Create a function that returns the phase angle of a complex number.,72,Write a function to get the angle of a complex number.,1,weak_auto_from_relevant_indices
366,Create a function that returns the phase angle of a complex number.,580,Create a function that converts an angle from degrees to radians.,1,weak_auto_from_relevant_indices
366,Create a function that returns the phase angle of a complex number.,379,Create a function that returns the circumference of a circle given its radius.,1,weak_auto_from_relevant_indices
367,Develop a function that finds the largest difference between the count of zeros and ones in any substring of a binary string.,73,Write a function to find the maximum difference between the number of 0s and number of 1s in any sub-string of the given binary string.,1,weak_auto_from_relevant_indices
367,Develop a function that finds the largest difference between the count of zeros and ones in any substring of a binary string.,387,Develop a Python function to get the largest difference between any two elements in an array.,1,weak_auto_from_relevant_indices
367,Develop a function that finds the largest difference between the count of zeros and ones in any substring of a binary string.,377,Develop a function that calculates the ratio of zeros to non-zeros in an integer array.,1,weak_auto_from_relevant_indices
368,Create a Python function that returns the sum of all common divisors of two numbers.,74,Write a python function to find the sum of common divisors of two given numbers.,1,weak_auto_from_relevant_indices
368,Create a Python function that returns the sum of all common divisors of two numbers.,140,Write a function to return the sum of all divisors of a number.,1,weak_auto_from_relevant_indices
368,Create a Python function that returns the sum of all common divisors of two numbers.,434,Create a function that calculates the total sum of all divisors of a given number.,1,weak_auto_from_relevant_indices
369,Develop a function that multiplies two integers together.,75,Write a function to multiply two integers.,1,weak_auto_from_relevant_indices
369,Develop a function that multiplies two integers together.,502,Create a function that multiplies elements of two tuples at the same index together.,1,weak_auto_from_relevant_indices
369,Develop a function that multiplies two integers together.,445,Create a function that returns the larger of two given numbers.,1,weak_auto_from_relevant_indices
370,Create a function that returns all words longer than n characters from a string.,76,Write a function to find words that are longer than n characters from a given list of words.,1,weak_auto_from_relevant_indices
370,Create a function that returns all words longer than n characters from a string.,298,Write a function that extracts all words with a minimum length of four characters from a string.,1,weak_auto_from_relevant_indices
370,Create a function that returns all words longer than n characters from a string.,4,Write a function to find all words which are at least 4 characters long in a string.,1,weak_auto_from_relevant_indices
371,Develop a function that checks if a matrix is a magic square.,77,Write a function to calculate whether the matrix is a magic square.,1,weak_auto_from_relevant_indices
371,Develop a function that checks if a matrix is a magic square.,465,Create a function that determines if the parity of a number is odd.,1,weak_auto_from_relevant_indices
371,Develop a function that checks if a matrix is a magic square.,308,Develop a function to determine whether a number is a woodball number.,1,weak_auto_from_relevant_indices
372,Create a function that returns the most frequent item in a list.,78,Write a function to find the item with maximum frequency in a given list.,1,weak_auto_from_relevant_indices
372,Create a function that returns the most frequent item in a list.,395,Develop a function that returns how many times a specific number appears in a list.,1,weak_auto_from_relevant_indices
372,Create a function that returns the most frequent item in a list.,336,Create a function that counts how often each element appears in a list and returns the result as a dictionary.,1,weak_auto_from_relevant_indices
373,Develop a Python function that reverses only the vowels in a string.,79,Write a python function to reverse only the vowels of a given string (where y is not a vowel).,1,weak_auto_from_relevant_indices
373,Develop a Python function that reverses only the vowels in a string.,512,Create a function that reverses the characters in each string within a list.,1,weak_auto_from_relevant_indices
373,Develop a Python function that reverses only the vowels in a string.,402,Create a Python function that removes all characters at odd indices from a string.,1,weak_auto_from_relevant_indices
374,Create a function that concatenates all elements of a tuple into a single string.,354,Create a function that appends all elements of a list to a tuple.,1,weak_auto_from_relevant_indices
374,Create a function that concatenates all elements of a tuple into a single string.,360,Create a function that joins all numbers in a tuple into one integer.,1,weak_auto_from_relevant_indices
374,Create a function that concatenates all elements of a tuple into a single string.,185,Write a function to concatenate each element of tuple by the delimiter.,1,weak_auto_from_relevant_indices
375,Develop a function that sums all negative numbers in a list.,81,Write a function to calculate the sum of the negative numbers of a given list of numbers.,1,weak_auto_from_relevant_indices
375,Develop a function that sums all negative numbers in a list.,459,Create a function that calculates the sum of digits for every number in a list.,1,weak_auto_from_relevant_indices
375,Develop a function that sums all negative numbers in a list.,544,Create a function that computes the sum of all digits in a non-negative integer.,1,weak_auto_from_relevant_indices
376,Create a function that computes the nth hexagonal number.,82,Write a function to find the nth hexagonal number.,1,weak_auto_from_relevant_indices
376,Create a function that computes the nth hexagonal number.,334,Create a function that returns the nth centered hexagonal number.,1,weak_auto_from_relevant_indices
376,Create a function that computes the nth hexagonal number.,40,Write a function to find nth centered hexagonal number.,1,weak_auto_from_relevant_indices
377,Develop a function that calculates the ratio of zeros to non-zeros in an integer array.,83,Write a function to find the ratio of zeroes to non-zeroes in an array of integers.,1,weak_auto_from_relevant_indices
377,Develop a function that calculates the ratio of zeros to non-zeros in an integer array.,499,Create a function that calculates the ratio of positive numbers in an array of integers.,1,weak_auto_from_relevant_indices
377,Develop a function that calculates the ratio of zeros to non-zeros in an integer array.,544,Create a function that computes the sum of all digits in a non-negative integer.,1,weak_auto_from_relevant_indices
378,Create a Python function to determine if a number can be written as a sum of non-zero powers of two.,84,Write a python function to check whether the given number can be represented as sum of non-zero powers of 2 or not.,1,weak_auto_from_relevant_indices
378,Create a Python function to determine if a number can be written as a sum of non-zero powers of two.,324,Create a Python function to determine if a number can be written as the difference of two squares.,1,weak_auto_from_relevant_indices
378,Create a Python function to determine if a number can be written as a sum of non-zero powers of two.,381,Create a Python function to determine the smallest power of 2 that is greater than or equal to a given number.,1,weak_auto_from_relevant_indices
379,Create a function that returns the circumference of a circle given its radius.,85,Write a function to find the circumference of a circle.,1,weak_auto_from_relevant_indices
379,Create a function that returns the circumference of a circle given its radius.,330,Create a function that computes the volume of a sphere given its radius.,1,weak_auto_from_relevant_indices
379,Create a function that returns the circumference of a circle given its radius.,333,Implement a function to calculate the surface area of a sphere from its radius.,1,weak_auto_from_relevant_indices
380,Implement a function that sorts the elements of a list in ascending order.,323,Implement a function that sorts the elements of a list in ascending order.,1,weak_auto_from_relevant_indices
380,Implement a function that sorts the elements of a list in ascending order.,545,Create a function that verifies if a list is sorted in ascending order.,1,weak_auto_from_relevant_indices
380,Implement a function that sorts the elements of a list in ascending order.,86,Write a function to sort a list of elements.,1,weak_auto_from_relevant_indices
381,Create a Python function to determine the smallest power of 2 that is greater than or equal to a given number.,87,Write a python function to find the smallest power of 2 greater than or equal to n.,1,weak_auto_from_relevant_indices
381,Create a Python function to determine the smallest power of 2 that is greater than or equal to a given number.,156,Write a python function to find the highest power of 2 that is less than or equal to n.,1,weak_auto_from_relevant_indices
381,Create a Python function to determine the smallest power of 2 that is greater than or equal to a given number.,378,Create a Python function to determine if a number can be written as a sum of non-zero powers of two.,1,weak_auto_from_relevant_indices
382,Create a Python function to determine if a number has all bits set to zero within a specified range.,88,Write a python function to check whether all the bits are unset in the given range or not.,1,weak_auto_from_relevant_indices
382,Create a Python function to determine if a number has all bits set to zero within a specified range.,297,Create a Python function to determine if two numbers differ by exactly one bit position.,1,weak_auto_from_relevant_indices
382,Create a Python function to determine if a number has all bits set to zero within a specified range.,378,Create a Python function to determine if a number can be written as a sum of non-zero powers of two.,1,weak_auto_from_relevant_indices
383,Create a Python function to compute the sum of binomial coefficients at even indices for a given positive integer n.,89,Write a python function that takes in a positive integer n and finds the sum of even index binomial coefficients.,1,weak_auto_from_relevant_indices
383,Create a Python function to compute the sum of binomial coefficients at even indices for a given positive integer n.,273,Write a python function to find the sum of the product of consecutive binomial co-efficients.,1,weak_auto_from_relevant_indices
383,Create a Python function to compute the sum of binomial coefficients at even indices for a given positive integer n.,215,Write a python function to find the sum of even factors of a number.,1,weak_auto_from_relevant_indices
384,Create a function that merges all numbers from a list of lists into a single set.,496,Create a function that concatenates multiple integers from a list into one single integer.,1,weak_auto_from_relevant_indices
384,Create a function that merges all numbers from a list of lists into a single set.,90,Write a function to flatten the list of lists into a single set of numbers.,1,weak_auto_from_relevant_indices
384,Create a function that merges all numbers from a list of lists into a single set.,549,Create a function that computes the product of all unique numbers in a list.,1,weak_auto_from_relevant_indices
385,Develop a function that counts how many items are the same at the same index in three lists.,91,Write a function to count number items that are identical in the same position of three given lists.,1,weak_auto_from_relevant_indices
385,Develop a function that counts how many items are the same at the same index in three lists.,587,Create a function that counts the number of indices at which two lists have the same value.,1,weak_auto_from_relevant_indices
385,Develop a function that counts how many items are the same at the same index in three lists.,293,Write a function to count indices where the lists have the same values.,1,weak_auto_from_relevant_indices
386,Create a function that returns the count of lists inside a given tuple.,461,Create a function that determines the count of unique tuples within a list.,1,weak_auto_from_relevant_indices
386,Create a function that returns the count of lists inside a given tuple.,92,Write a function to find number of lists present in the given tuple.,1,weak_auto_from_relevant_indices
386,Create a function that returns the count of lists inside a given tuple.,503,Create a function that tallies the occurrences of each list element in a tuple.,1,weak_auto_from_relevant_indices
387,Develop a Python function to get the largest difference between any two elements in an array.,93,Write a python function to find the maximum difference between any two elements in a given array.,1,weak_auto_from_relevant_indices
387,Develop a Python function to get the largest difference between any two elements in an array.,269,Write a python function to find the difference between largest and smallest value in a given list.,1,weak_auto_from_relevant_indices
387,Develop a Python function to get the largest difference between any two elements in an array.,315,Create a function that returns the largest difference among pairs in a list of tuples.,1,weak_auto_from_relevant_indices
388,"Create a function that finds integers x and y such that ax plus by equals n, or returns None if not possible.",94,"Write a function that returns integers x and y that satisfy ax + by = n as a tuple, or return None if no solution exists.",1,weak_auto_from_relevant_indices
388,"Create a function that finds integers x and y such that ax plus by equals n, or returns None if not possible.",390,"Create a function that sums n, n-2, n-4, and so on, stopping when the result is less than or equal to zero.",1,weak_auto_from_relevant_indices
388,"Create a function that finds integers x and y such that ax plus by equals n, or returns None if not possible.",337,Develop a function that returns the largest integer less than a given number n.,1,weak_auto_from_relevant_indices
389,Develop a function that removes every element from one list that also appears in a second list.,95,Write a function to remove all elements from a given list present in another list.,1,weak_auto_from_relevant_indices
389,Develop a function that removes every element from one list that also appears in a second list.,306,Develop a function that deletes all characters from the first string that also appear in the second string.,1,weak_auto_from_relevant_indices
389,Develop a function that removes every element from one list that also appears in a second list.,415,Develop a function that extracts the last element from each tuple in a list.,1,weak_auto_from_relevant_indices
390,"Create a function that sums n, n-2, n-4, and so on, stopping when the result is less than or equal to zero.",96,"Write a function to calculate the sum (n - 2*i) from i=0 to n // 2, for instance n + (n-2) + (n-4)... (until n-x =< 0).",1,weak_auto_from_relevant_indices
390,"Create a function that sums n, n-2, n-4, and so on, stopping when the result is less than or equal to zero.",388,"Create a function that finds integers x and y such that ax plus by equals n, or returns None if not possible.",1,weak_auto_from_relevant_indices
390,"Create a function that sums n, n-2, n-4, and so on, stopping when the result is less than or equal to zero.",378,Create a Python function to determine if a number can be written as a sum of non-zero powers of two.,1,weak_auto_from_relevant_indices
391,Develop a function that computes the area of a regular polygon using its side length and number of sides.,97,Write a function to calculate the area of a regular polygon given the length and number of its sides.,1,weak_auto_from_relevant_indices
391,Develop a function that computes the area of a regular polygon using its side length and number of sides.,397,Develop a function that calculates the perimeter of a regular pentagon given the side length.,1,weak_auto_from_relevant_indices
391,Develop a function that computes the area of a regular polygon using its side length and number of sides.,409,Develop a function that calculates the lateral surface area of a cube from its side length.,1,weak_auto_from_relevant_indices
392,Create a function that checks if two numbers have the same sum of divisors.,98,Write a function to determine if the sum of the divisors of two integers are the same.,1,weak_auto_from_relevant_indices
392,Create a function that checks if two numbers have the same sum of divisors.,74,Write a python function to find the sum of common divisors of two given numbers.,1,weak_auto_from_relevant_indices
392,Create a function that checks if two numbers have the same sum of divisors.,368,Create a Python function that returns the sum of all common divisors of two numbers.,1,weak_auto_from_relevant_indices
393,Develop a function that counts characters whose position in a string matches their position in the alphabet.,99,Write a function to count the number of characters in a string that occur at the same position in the string as in the English alphabet (case insensitive).,1,weak_auto_from_relevant_indices
393,Develop a function that counts characters whose position in a string matches their position in the alphabet.,494,Create a function that eliminates characters at odd positions in a string.,1,weak_auto_from_relevant_indices
393,Develop a function that counts characters whose position in a string matches their position in the alphabet.,517,Create a function that tallies the number of uppercase characters in a string.,1,weak_auto_from_relevant_indices
394,Create a function that counts all pairs in a list whose XOR result is even.,535,Create a function that counts the number of pairs in a list that have an odd XOR value.,1,weak_auto_from_relevant_indices
394,Create a function that counts all pairs in a list whose XOR result is even.,100,Write a function that counts the number of pairs of integers in a list that xor to an even number.,1,weak_auto_from_relevant_indices
394,Create a function that counts all pairs in a list whose XOR result is even.,241,Write a python function to count the number of pairs whose xor value is odd.,1,weak_auto_from_relevant_indices
395,Develop a function that returns how many times a specific number appears in a list.,101,Write a function to count the number of occurrences of a number in a given list.,1,weak_auto_from_relevant_indices
395,Develop a function that returns how many times a specific number appears in a list.,336,Create a function that counts how often each element appears in a list and returns the result as a dictionary.,1,weak_auto_from_relevant_indices
395,Develop a function that returns how many times a specific number appears in a list.,386,Create a function that returns the count of lists inside a given tuple.,1,weak_auto_from_relevant_indices
396,"Create a function that sums the elements of a list between two given indices, inclusive.",102,Write a function to find the sum of numbers in a list within a range specified by two indices.,1,weak_auto_from_relevant_indices
396,"Create a function that sums the elements of a list between two given indices, inclusive.",423,Create a function that performs element-wise subtraction between two lists.,1,weak_auto_from_relevant_indices
396,"Create a function that sums the elements of a list between two given indices, inclusive.",587,Create a function that counts the number of indices at which two lists have the same value.,1,weak_auto_from_relevant_indices
397,Develop a function that calculates the perimeter of a regular pentagon given the side length.,103,Write a function to find the perimeter of a regular pentagon from the length of its sides.,1,weak_auto_from_relevant_indices
397,Develop a function that calculates the perimeter of a regular pentagon given the side length.,391,Develop a function that computes the area of a regular polygon using its side length and number of sides.,1,weak_auto_from_relevant_indices
397,Develop a function that calculates the perimeter of a regular pentagon given the side length.,305,Create a function to compute the perimeter of a square from its side length.,1,weak_auto_from_relevant_indices
398,Create a function that counts how many times the substring 'std' appears in a string.,104,Write a function to count the number of occurence of the string 'std' in a given string.,1,weak_auto_from_relevant_indices
398,Create a function that counts how many times the substring 'std' appears in a string.,45,Write a function to check if a string is present as a substring in a given list of string values.,1,weak_auto_from_relevant_indices
398,Create a function that counts how many times the substring 'std' appears in a string.,313,Create a Python function that counts substrings where the sum of digits matches the substring's length.,1,weak_auto_from_relevant_indices
399,Develop a function that checks whether every element in a tuple is of the same type.,105,Write a function to check if all the elements in tuple have same data type or not.,1,weak_auto_from_relevant_indices
399,Develop a function that checks whether every element in a tuple is of the same type.,455,Create a function that verifies whether a tuple has any duplicate elements.,1,weak_auto_from_relevant_indices
399,Develop a function that checks whether every element in a tuple is of the same type.,322,Develop a function to check if all tuples in a list have the same length.,1,weak_auto_from_relevant_indices
400,Create a function to check if a given element is the majority in a sorted array (appears more than n/2 times).,106,"Write a function that takes in a sorted array, its length (n), and an element and returns whether the element is the majority element in the given sorted array. (The majority element is the element that occurs more than n/2 times.)",1,weak_auto_from_relevant_indices
400,Create a function to check if a given element is the majority in a sorted array (appears more than n/2 times).,490,Create a function that verifies if a given number is larger than all elements in an array.,1,weak_auto_from_relevant_indices
400,Create a function to check if a given element is the majority in a sorted array (appears more than n/2 times).,196,Write a function to check whether the entered number is greater than the elements of the given array.,1,weak_auto_from_relevant_indices
401,Develop a function that returns the count of 1s in the binary representation of a number.,107,Write a function to count the number of set bits (binary digits with value 1) in a given number.,1,weak_auto_from_relevant_indices
401,Develop a function that returns the count of 1s in the binary representation of a number.,356,Create a Python function that counts the number of ones in the first n positions of a binary string.,1,weak_auto_from_relevant_indices
401,Develop a function that returns the count of 1s in the binary representation of a number.,347,Develop a function that converts a decimal number to its binary string representation without leading zeros.,1,weak_auto_from_relevant_indices
402,Create a Python function that removes all characters at odd indices from a string.,108,Write a python function to remove the characters which have odd index values of a given string.,1,weak_auto_from_relevant_indices
402,Create a Python function that removes all characters at odd indices from a string.,494,Create a function that eliminates characters at odd positions in a string.,1,weak_auto_from_relevant_indices
402,Create a Python function that removes all characters at odd indices from a string.,200,Write a function to remove odd characters in a string.,1,weak_auto_from_relevant_indices
403,Develop a function that returns the smallest value among three given numbers.,109,Write a function to find minimum of three numbers.,1,weak_auto_from_relevant_indices
403,Develop a function that returns the smallest value among three given numbers.,463,Create a function that identifies the smaller of two given numbers.,1,weak_auto_from_relevant_indices
403,Develop a function that returns the smallest value among three given numbers.,458,Create a function that determines the median value among three given numbers.,1,weak_auto_from_relevant_indices
404,"Create a function that moves all negative numbers to the front of the first n elements of an array, keeping their order.",110,"Write a function that takes in an array and an integer n, and re-arranges the first n elements of the given array so that all negative elements appear before positive ones, and where the relative order among negative and positive elements is preserved.",1,weak_auto_from_relevant_indices
404,"Create a function that moves all negative numbers to the front of the first n elements of an array, keeping their order.",375,Develop a function that sums all negative numbers in a list.,1,weak_auto_from_relevant_indices
404,"Create a function that moves all negative numbers to the front of the first n elements of an array, keeping their order.",561,Create a function that divides a list at the nth element and appends the first segment to the end.,1,weak_auto_from_relevant_indices
405,Develop a function that replaces every space in a string with a specified character.,527,Create a function that substitutes specified characters in a string with new ones.,1,weak_auto_from_relevant_indices
405,Develop a function that replaces every space in a string with a specified character.,233,Write a function to replace characters in a string.,1,weak_auto_from_relevant_indices
405,Develop a function that replaces every space in a string with a specified character.,536,Create a function that switches the case of each character in a string.,1,weak_auto_from_relevant_indices
406,Create a function that splits a list into two at a given index L and returns both parts as a tuple.,112,"Write a function that takes in a list and an integer n and splits the given list into two parts where the length of the first part of the list is L, and returns the resulting lists in a tuple.",1,weak_auto_from_relevant_indices
406,Create a function that splits a list into two at a given index L and returns both parts as a tuple.,416,Create a function that subtracts corresponding elements of two tuples and returns the result as a tuple.,1,weak_auto_from_relevant_indices
406,Create a function that splits a list into two at a given index L and returns both parts as a tuple.,122,Write a function that takes in two tuples and subtracts the elements of the first tuple by the elements of the second tuple with the same index.,1,weak_auto_from_relevant_indices
407,Develop a function that computes a dog's age in dog years from its human age.,113,Write a function to calculate a dog's age in dog's years.,1,weak_auto_from_relevant_indices
407,Develop a function that computes a dog's age in dog years from its human age.,505,Create a function that computes the sum of Perrin numbers up to the nth term.,1,weak_auto_from_relevant_indices
407,Develop a function that computes a dog's age in dog years from its human age.,484,Create a function that changes date formats from yyyy-mm-dd to dd-mm-yyyy.,1,weak_auto_from_relevant_indices
408,Create a function that divides a list into n groups by taking every nth element for each group.,114,"Write a function that takes in a list and an integer n and splits a list for every nth element, returning a list of the resulting lists.",1,weak_auto_from_relevant_indices
408,Create a function that divides a list into n groups by taking every nth element for each group.,561,Create a function that divides a list at the nth element and appends the first segment to the end.,1,weak_auto_from_relevant_indices
408,Create a function that divides a list into n groups by taking every nth element for each group.,472,Create a function that retrieves the nth element from each tuple in a list of tuples.,1,weak_auto_from_relevant_indices
409,Develop a function that calculates the lateral surface area of a cube from its side length.,115,Write a function to find the lateral surface area of a cube given its side length.,1,weak_auto_from_relevant_indices
409,Develop a function that calculates the lateral surface area of a cube from its side length.,498,Create a function that calculates the surface area of a cube based on its size.,1,weak_auto_from_relevant_indices
409,Develop a function that calculates the lateral surface area of a cube from its side length.,305,Create a function to compute the perimeter of a square from its side length.,1,weak_auto_from_relevant_indices
410,Create a Python function that sums the squares of the first n odd numbers.,116,Write a python function that takes in an integer n and returns the sum of the squares of the first n odd natural numbers.,1,weak_auto_from_relevant_indices
410,Create a Python function that sums the squares of the first n odd numbers.,134,Write a python function takes in an integer n and returns the sum of squares of first n even natural numbers.,1,weak_auto_from_relevant_indices
410,Create a Python function that sums the squares of the first n odd numbers.,428,Develop a function that calculates the sum of squares of the first n even natural numbers.,1,weak_auto_from_relevant_indices
411,Develop a function that computes the nth star number.,117,Write a function to find the n'th star number.,1,weak_auto_from_relevant_indices
411,Develop a function that computes the nth star number.,582,Create a function that computes the nth Bell number.,1,weak_auto_from_relevant_indices
411,Develop a function that computes the nth star number.,312,Implement a function that calculates the nth octagonal number.,1,weak_auto_from_relevant_indices
412,Create a function that returns the ASCII code of a given character.,118,Write a function to find the ascii value of a character.,1,weak_auto_from_relevant_indices
412,Create a function that returns the ASCII code of a given character.,331,Develop a Python function that returns the character corresponding to the sum of ASCII values of a string's characters modulo 26.,1,weak_auto_from_relevant_indices
412,Create a function that returns the ASCII code of a given character.,37,Write a python function to find the character made by adding the ASCII value of all the characters of the given string modulo 26.,1,weak_auto_from_relevant_indices
413,Develop a Python function that adds up all even numbers found at even indices in a list.,119,Write a python function to find the sum of even numbers at even positions of a list.,1,weak_auto_from_relevant_indices
413,Develop a Python function that adds up all even numbers found at even indices in a list.,215,Write a python function to find the sum of even factors of a number.,1,weak_auto_from_relevant_indices
413,Develop a Python function that adds up all even numbers found at even indices in a list.,383,Create a Python function to compute the sum of binomial coefficients at even indices for a given positive integer n.,1,weak_auto_from_relevant_indices
414,Create a Python function that calculates the sum of the fifth powers of the first n even natural numbers.,120,Write a python function that takes in an integer n and finds the sum of the first n even natural numbers that are raised to the fifth power.,1,weak_auto_from_relevant_indices
414,Create a Python function that calculates the sum of the fifth powers of the first n even natural numbers.,134,Write a python function takes in an integer n and returns the sum of squares of first n even natural numbers.,1,weak_auto_from_relevant_indices
414,Create a Python function that calculates the sum of the fifth powers of the first n even natural numbers.,184,Write a python function to find the cube sum of first n even natural numbers.,1,weak_auto_from_relevant_indices
415,Develop a function that extracts the last element from each tuple in a list.,481,Create a function that retrieves the last character from each string in a tuple.,1,weak_auto_from_relevant_indices
415,Develop a function that extracts the last element from each tuple in a list.,472,Create a function that retrieves the nth element from each tuple in a list of tuples.,1,weak_auto_from_relevant_indices
415,Develop a function that extracts the last element from each tuple in a list.,503,Create a function that tallies the occurrences of each list element in a tuple.,1,weak_auto_from_relevant_indices
416,Create a function that subtracts corresponding elements of two tuples and returns the result as a tuple.,486,Create a function that retrieves the element-wise AND results of two tuples.,1,weak_auto_from_relevant_indices
416,Create a function that subtracts corresponding elements of two tuples and returns the result as a tuple.,122,Write a function that takes in two tuples and subtracts the elements of the first tuple by the elements of the second tuple with the same index.,1,weak_auto_from_relevant_indices
416,Create a function that subtracts corresponding elements of two tuples and returns the result as a tuple.,539,Create a function that determines the union of two tuples' elements and returns them in sorted order.,1,weak_auto_from_relevant_indices
417,Create a function that computes the volume of a cylinder given its radius and height.,550,Create a function that calculates the surface area of a cylinder given its radius and height.,1,weak_auto_from_relevant_indices
417,Create a function that computes the volume of a cylinder given its radius and height.,123,Write a function that takes in the radius and height of a cylinder and returns the the volume.,1,weak_auto_from_relevant_indices
417,Create a function that computes the volume of a cylinder given its radius and height.,330,Create a function that computes the volume of a sphere given its radius.,1,weak_auto_from_relevant_indices
418,Develop a function that returns a dictionary containing only entries whose values are at least n.,124,Write a function that takes in a dictionary and integer n and filters the dictionary to only include entries with values greater than or equal to n.,1,weak_auto_from_relevant_indices
418,Develop a function that returns a dictionary containing only entries whose values are at least n.,546,Create a function that generates a list containing N empty dictionaries.,1,weak_auto_from_relevant_indices
418,Develop a function that returns a dictionary containing only entries whose values are at least n.,337,Develop a function that returns the largest integer less than a given number n.,1,weak_auto_from_relevant_indices
419,Create a function that counts how many elements appear before the first tuple element in the given tuple.,125,Write a function to find the number of elements that occurs before the tuple element in the given tuple.,1,weak_auto_from_relevant_indices
419,Create a function that counts how many elements appear before the first tuple element in the given tuple.,503,Create a function that tallies the occurrences of each list element in a tuple.,1,weak_auto_from_relevant_indices
419,Create a function that counts how many elements appear before the first tuple element in the given tuple.,475,Create a function that identifies the shared first element in a list of tuples.,1,weak_auto_from_relevant_indices
420,Implement a function that returns the nth decagonal number.,126,Write a function to find the nth decagonal number.,1,weak_auto_from_relevant_indices
420,Implement a function that returns the nth decagonal number.,312,Implement a function that calculates the nth octagonal number.,1,weak_auto_from_relevant_indices
420,Implement a function that returns the nth decagonal number.,334,Create a function that returns the nth centered hexagonal number.,1,weak_auto_from_relevant_indices
421,"Create a function that checks whether an element exists in an array and returns (found, index) where index is -1 if not found.",127,Write a function that takes in an array and element and returns a tuple containing a boolean that indicates if the element is in the array and the index position of the element (or -1 if the element is not found).,1,weak_auto_from_relevant_indices
421,"Create a function that checks whether an element exists in an array and returns (found, index) where index is -1 if not found.",307,Create a function to check if an integer array has any repeated elements.,1,weak_auto_from_relevant_indices
421,"Create a function that checks whether an element exists in an array and returns (found, index) where index is -1 if not found.",13,Write a function to find whether a given array of integers contains any duplicate element.,1,weak_auto_from_relevant_indices
422,Develop a Python function that determines whether all elements in a list are unique.,128,Write a python function to check if the elements of a given list are unique or not.,1,weak_auto_from_relevant_indices
422,Develop a Python function that determines whether all elements in a list are unique.,363,Develop a Python function to identify the unique element in a sorted array where all others are duplicated.,1,weak_auto_from_relevant_indices
422,Develop a Python function that determines whether all elements in a list are unique.,425,Create a function that checks if all elements in a list are the same as the given element.,1,weak_auto_from_relevant_indices
423,Create a function that performs element-wise subtraction between two lists.,129,Write a function to subtract two lists element-wise.,1,weak_auto_from_relevant_indices
423,Create a function that performs element-wise subtraction between two lists.,396,"Create a function that sums the elements of a list between two given indices, inclusive.",1,weak_auto_from_relevant_indices
423,Create a function that performs element-wise subtraction between two lists.,294,Create a function that returns the elements found in both of the provided lists.,1,weak_auto_from_relevant_indices
424,Develop a function that checks if the frequency of each digit in an integer n does not exceed the value of the digit.,130,Write a python function takes in an integer and check whether the frequency of each digit in the integer is less than or equal to the digit itself.,1,weak_auto_from_relevant_indices
424,Develop a function that checks if the frequency of each digit in an integer n does not exceed the value of the digit.,544,Create a function that computes the sum of all digits in a non-negative integer.,1,weak_auto_from_relevant_indices
424,Develop a function that checks if the frequency of each digit in an integer n does not exceed the value of the digit.,250,Write a function to get the sum of the digits of a non-negative integer.,1,weak_auto_from_relevant_indices
425,Create a function that checks if all elements in a list are the same as the given element.,131,Write a function that takes in a list and element and checks whether all items in the list are equal to the given element.,1,weak_auto_from_relevant_indices
425,Create a function that checks if all elements in a list are the same as the given element.,399,Develop a function that checks whether every element in a tuple is of the same type.,1,weak_auto_from_relevant_indices
425,Create a function that checks if all elements in a list are the same as the given element.,422,Develop a Python function that determines whether all elements in a list are unique.,1,weak_auto_from_relevant_indices
426,Develop a function that checks for the presence of 'a' followed by two or three 'b' characters in a string.,132,Write a function that checks whether a string contains the 'a' character followed by two or three 'b' characters.,1,weak_auto_from_relevant_indices
426,Develop a function that checks for the presence of 'a' followed by two or three 'b' characters in a string.,491,Create a function that identifies strings containing 'a' followed by one or more 'b' characters.,1,weak_auto_from_relevant_indices
426,Develop a function that checks for the presence of 'a' followed by two or three 'b' characters in a string.,197,Write a function that matches a string that has an a followed by one or more b's.,1,weak_auto_from_relevant_indices
427,Create a function that finds the maximum sum of a contiguous subarray in an array formed by repeating the original array k times.,133,Write a function to find the largest sum of a contiguous array in the modified array which is formed by repeating the given array k times.,1,weak_auto_from_relevant_indices
427,Create a function that finds the maximum sum of a contiguous subarray in an array formed by repeating the original array k times.,538,Create a function that calculates the sum of the largest contiguous subarray within a given list.,1,weak_auto_from_relevant_indices
427,Create a function that finds the maximum sum of a contiguous subarray in an array formed by repeating the original array k times.,225,Write a function to find the maximum product subarray of the given array.,1,weak_auto_from_relevant_indices
428,Develop a function that calculates the sum of squares of the first n even natural numbers.,478,Create a function that calculates the cube sum of the initial n even natural numbers.,1,weak_auto_from_relevant_indices
428,Develop a function that calculates the sum of squares of the first n even natural numbers.,574,Create a function that calculates both the sum and the average of the first n natural numbers.,1,weak_auto_from_relevant_indices
428,Develop a function that calculates the sum of squares of the first n even natural numbers.,134,Write a python function takes in an integer n and returns the sum of squares of first n even natural numbers.,1,weak_auto_from_relevant_indices
429,Create a function that identifies the longest sublist from a collection of nested lists.,540,Create a function that determines the length of the longest sublist within a list of sublists.,1,weak_auto_from_relevant_indices
429,Create a function that identifies the longest sublist from a collection of nested lists.,449,Create a function that determines which list in a collection of lists is the longest.,1,weak_auto_from_relevant_indices
429,Create a function that identifies the longest sublist from a collection of nested lists.,513,Create a function that identifies the sublist with the smallest length within a list of sublists.,1,weak_auto_from_relevant_indices
430,Implement a function to calculate how many ways we can paint n fence posts using k colors where no more than 2 consecutive posts can be the same color.,136,Write a function to find out the number of ways of painting the fence such that at most 2 adjacent posts have the same color for the given fence with n posts and k colors.,1,weak_auto_from_relevant_indices
430,Implement a function to calculate how many ways we can paint n fence posts using k colors where no more than 2 consecutive posts can be the same color.,144,Write a function to find the count of all binary sequences of length 2n such that sum of first n bits is same as sum of last n bits.,1,weak_auto_from_relevant_indices
430,Implement a function to calculate how many ways we can paint n fence posts using k colors where no more than 2 consecutive posts can be the same color.,450,Create a function to determine the maximum power of two that does not exceed the input number n.,1,weak_auto_from_relevant_indices
431,"Develop a function that calculates the quotient of two numbers, rounding down to the nearest whole number.",137,Write a python function to find quotient of two numbers (rounded down to the nearest integer).,1,weak_auto_from_relevant_indices
431,"Develop a function that calculates the quotient of two numbers, rounding down to the nearest whole number.",369,Develop a function that multiplies two integers together.,1,weak_auto_from_relevant_indices
431,"Develop a function that calculates the quotient of two numbers, rounding down to the nearest whole number.",445,Create a function that returns the larger of two given numbers.,1,weak_auto_from_relevant_indices
432,Create a function to calculate the length of the third side of a right triangle given the lengths of the other two sides.,138,Write a function to find the third side of a right angled triangle.,1,weak_auto_from_relevant_indices
432,Create a function to calculate the length of the third side of a right triangle given the lengths of the other two sides.,305,Create a function to compute the perimeter of a square from its side length.,1,weak_auto_from_relevant_indices
432,Create a function to calculate the length of the third side of a right triangle given the lengths of the other two sides.,97,Write a function to calculate the area of a regular polygon given the length and number of its sides.,1,weak_auto_from_relevant_indices
433,Write a function to determine the highest integer value in a mixed list of data types.,139,Write a function to find the maximum value in a given heterogeneous list.,1,weak_auto_from_relevant_indices
433,Write a function to determine the highest integer value in a mixed list of data types.,474,Create a function that identifies the pair of integers in an array that yields the highest product.,1,weak_auto_from_relevant_indices
433,Write a function to determine the highest integer value in a mixed list of data types.,500,Create a function that identifies the largest negative number in a list.,1,weak_auto_from_relevant_indices
434,Create a function that calculates the total sum of all divisors of a given number.,140,Write a function to return the sum of all divisors of a number.,1,weak_auto_from_relevant_indices
434,Create a function that calculates the total sum of all divisors of a given number.,368,Create a Python function that returns the sum of all common divisors of two numbers.,1,weak_auto_from_relevant_indices
434,Create a function that calculates the total sum of all divisors of a given number.,509,Create a function that computes the sum of all even factors of a given number.,1,weak_auto_from_relevant_indices
435,Develop a function to count the number of inversions needed to sort an array.,141,Write a python function to count inversions in an array.,1,weak_auto_from_relevant_indices
435,Develop a function to count the number of inversions needed to sort an array.,485,Create a function that arranges an array using the shell sort algorithm.,1,weak_auto_from_relevant_indices
435,Develop a function to count the number of inversions needed to sort an array.,86,Write a function to sort a list of elements.,1,weak_auto_from_relevant_indices
436,Create a function that flattens a nested list into a single list with all the values.,317,Create a function that flattens a nested list and computes the total sum of its elements.,1,weak_auto_from_relevant_indices
436,Create a function that flattens a nested list into a single list with all the values.,90,Write a function to flatten the list of lists into a single set of numbers.,1,weak_auto_from_relevant_indices
436,Create a function that flattens a nested list into a single list with all the values.,23,Write a function to flatten a list and sum all of its elements.,1,weak_auto_from_relevant_indices
437,Determine the highest total score from a list of student score tuples.,143,Write a function to calculate the maximum aggregate from the list of tuples.,1,weak_auto_from_relevant_indices
437,Determine the highest total score from a list of student score tuples.,364,Create a function that finds the largest absolute product among all pairs in a list of tuples.,1,weak_auto_from_relevant_indices
437,Determine the highest total score from a list of student score tuples.,70,Write a function to find the maximum absolute product between numbers in pairs of tuples within a given list.,1,weak_auto_from_relevant_indices
438,Calculate the number of binary sequences of length 2n with equal sums of the first n and last n bits.,144,Write a function to find the count of all binary sequences of length 2n such that sum of first n bits is same as sum of last n bits.,1,weak_auto_from_relevant_indices
438,Calculate the number of binary sequences of length 2n with equal sums of the first n and last n bits.,356,Create a Python function that counts the number of ones in the first n positions of a binary string.,1,weak_auto_from_relevant_indices
438,Calculate the number of binary sequences of length 2n with equal sums of the first n and last n bits.,107,Write a function to count the number of set bits (binary digits with value 1) in a given number.,1,weak_auto_from_relevant_indices
439,Determine the maximum depth of nesting in a given dictionary.,145,Write a function to find the depth of a dictionary.,1,weak_auto_from_relevant_indices
439,Determine the maximum depth of nesting in a given dictionary.,338,Create a Python function to determine the maximum word length in a list.,1,weak_auto_from_relevant_indices
439,Determine the maximum depth of nesting in a given dictionary.,139,Write a function to find the maximum value in a given heterogeneous list.,1,weak_auto_from_relevant_indices
440,Create a function to identify the element at a specific index in an array after a series of rotations.,146,Write a python function to find element at a given index after number of rotations.,1,weak_auto_from_relevant_indices
440,Create a function to identify the element at a specific index in an array after a series of rotations.,363,Develop a Python function to identify the unique element in a sorted array where all others are duplicated.,1,weak_auto_from_relevant_indices
440,Create a function to identify the element at a specific index in an array after a series of rotations.,349,"Develop a function that retrieves the kth element from an array, using 1-based indexing.",1,weak_auto_from_relevant_indices
441,Find and return two words from a list that both start with the letter 'p'.,147,Write a function to return two words from a list of words starting with letter 'p'.,1,weak_auto_from_relevant_indices
441,Find and return two words from a list that both start with the letter 'p'.,76,Write a function to find words that are longer than n characters from a given list of words.,1,weak_auto_from_relevant_indices
441,Find and return two words from a list that both start with the letter 'p'.,510,Create a function that identifies words with the letter 'z' in them.,1,weak_auto_from_relevant_indices
442,"Determine the highest sum of an increasing subsequence in an array, considering only elements up to index i and including a specified element at index k.",148,"Write a function to find the maximum sum of increasing subsequence from prefix until ith index and also including a given kth element which is after i, i.e., k > i .",1,weak_auto_from_relevant_indices
442,"Determine the highest sum of an increasing subsequence in an array, considering only elements up to index i and including a specified element at index k.",522,Create a function that calculates the highest product obtainable from an increasing subsequence in the array.,1,weak_auto_from_relevant_indices
442,"Determine the highest sum of an increasing subsequence in an array, considering only elements up to index i and including a specified element at index k.",427,Create a function that finds the maximum sum of a contiguous subarray in an array formed by repeating the original array k times.,1,weak_auto_from_relevant_indices
443,"Create a function that adds a specified element to a specific position in a tuple, returning the modified tuple.",562,Create a function that changes a list into a tuple.,1,weak_auto_from_relevant_indices
443,"Create a function that adds a specified element to a specific position in a tuple, returning the modified tuple.",416,Create a function that subtracts corresponding elements of two tuples and returns the result as a tuple.,1,weak_auto_from_relevant_indices
443,"Create a function that adds a specified element to a specific position in a tuple, returning the modified tuple.",168,Write a function to perform index wise addition of tuple elements in the given two nested tuples.,1,weak_auto_from_relevant_indices
444,Determine the N largest products that can be made by multiplying a number from each of two lists.,150,"Write a function to find the specified number of largest products from two given lists, selecting one factor from each list.",1,weak_auto_from_relevant_indices
444,Determine the N largest products that can be made by multiplying a number from each of two lists.,228,Write a function to find the maximum product formed by multiplying numbers of an increasing subsequence of that array.,1,weak_auto_from_relevant_indices
444,Determine the N largest products that can be made by multiplying a number from each of two lists.,2,"Write a function to find the n largest integers from a given list of numbers, returned in descending order.",1,weak_auto_from_relevant_indices
445,Create a function that returns the larger of two given numbers.,463,Create a function that identifies the smaller of two given numbers.,1,weak_auto_from_relevant_indices
445,Create a function that returns the larger of two given numbers.,369,Develop a function that multiplies two integers together.,1,weak_auto_from_relevant_indices
445,Create a function that returns the larger of two given numbers.,75,Write a function to multiply two integers.,1,weak_auto_from_relevant_indices
446,Develop a function to transform a string into a tuple where each character is an element.,152,Write a function to convert a given string to a tuple of characters.,1,weak_auto_from_relevant_indices
446,Develop a function to transform a string into a tuple where each character is an element.,80,Write a function to convert a tuple to a string.,1,weak_auto_from_relevant_indices
446,Develop a function to transform a string into a tuple where each character is an element.,374,Create a function that concatenates all elements of a tuple into a single string.,1,weak_auto_from_relevant_indices
447,"Create a function that sets the leftmost unset bit in a number, returning the new number.",153,Write a python function to set the left most unset bit.,1,weak_auto_from_relevant_indices
447,"Create a function that sets the leftmost unset bit in a number, returning the new number.",492,Create a function that extracts the last digit from a given number.,1,weak_auto_from_relevant_indices
447,"Create a function that sets the leftmost unset bit in a number, returning the new number.",466,Create a function that generates the next larger number by permuting the digits of the current number.,1,weak_auto_from_relevant_indices
448,Calculate the volume of a cone given its radius and height.,417,Create a function that computes the volume of a cylinder given its radius and height.,1,weak_auto_from_relevant_indices
448,Calculate the volume of a cone given its radius and height.,154,Write a function to find the volume of a cone.,1,weak_auto_from_relevant_indices
448,Calculate the volume of a cone given its radius and height.,330,Create a function that computes the volume of a sphere given its radius.,1,weak_auto_from_relevant_indices
449,Create a function that determines which list in a collection of lists is the longest.,540,Create a function that determines the length of the longest sublist within a list of sublists.,1,weak_auto_from_relevant_indices
449,Create a function that determines which list in a collection of lists is the longest.,476,Create a function that identifies the element with the greatest length in a list.,1,weak_auto_from_relevant_indices
449,Create a function that determines which list in a collection of lists is the longest.,429,Create a function that identifies the longest sublist from a collection of nested lists.,1,weak_auto_from_relevant_indices
450,Create a function to determine the maximum power of two that does not exceed the input number n.,156,Write a python function to find the highest power of 2 that is less than or equal to n.,1,weak_auto_from_relevant_indices
450,Create a function to determine the maximum power of two that does not exceed the input number n.,87,Write a python function to find the smallest power of 2 greater than or equal to n.,1,weak_auto_from_relevant_indices
450,Create a function to determine the maximum power of two that does not exceed the input number n.,381,Create a Python function to determine the smallest power of 2 that is greater than or equal to a given number.,1,weak_auto_from_relevant_indices
451,Create a function that calculates and returns the lucas number at position n in the sequence.,157,Write a function to find the n'th lucas number.,1,weak_auto_from_relevant_indices
451,Create a function that calculates and returns the lucas number at position n in the sequence.,332,Create a function to compute the nth value in the Newman-Conway sequence.,1,weak_auto_from_relevant_indices
451,Create a function that calculates and returns the lucas number at position n in the sequence.,558,Create a function that computes the nth Catalan number.,1,weak_auto_from_relevant_indices
452,Create a function that formats every element of a list using a provided string template.,158,Write a function to apply a given format string to all of the elements in a list.,1,weak_auto_from_relevant_indices
452,Create a function that formats every element of a list using a provided string template.,547,Create a function that arranges the strings in each sublist of a list of lists.,1,weak_auto_from_relevant_indices
452,Create a function that formats every element of a list using a provided string template.,352,Create a function that sorts every sublist of strings within a list of lists.,1,weak_auto_from_relevant_indices
453,Create a function that transforms multiple lists into a nested dictionary structure.,159,Write a function to convert more than one list to nested dictionary.,1,weak_auto_from_relevant_indices
453,Create a function that transforms multiple lists into a nested dictionary structure.,335,Develop a function that combines three dictionaries into one.,1,weak_auto_from_relevant_indices
453,Create a function that transforms multiple lists into a nested dictionary structure.,41,Write a function to merge three dictionaries into a single dictionary.,1,weak_auto_from_relevant_indices
454,"Create a function that calculates the highest possible sum using the formula f(n) = max( (f(n/2) + f(n/3) + f(n/4) + f(n/5)), n).",160,"Write a function to find the maximum sum possible by using the given equation f(n) = max( (f(n/2) + f(n/3) + f(n/4) + f(n/5)), n).",1,weak_auto_from_relevant_indices
454,"Create a function that calculates the highest possible sum using the formula f(n) = max( (f(n/2) + f(n/3) + f(n/4) + f(n/5)), n).",96,"Write a function to calculate the sum (n - 2*i) from i=0 to n // 2, for instance n + (n-2) + (n-4)... (until n-x =< 0).",1,weak_auto_from_relevant_indices
454,"Create a function that calculates the highest possible sum using the formula f(n) = max( (f(n/2) + f(n/3) + f(n/4) + f(n/5)), n).",529,Create a function that computes the sum of the maximum and minimum values in an array.,1,weak_auto_from_relevant_indices
455,Create a function that verifies whether a tuple has any duplicate elements.,161,Write a function to check if given tuple contains no duplicates.,1,weak_auto_from_relevant_indices
455,Create a function that verifies whether a tuple has any duplicate elements.,464,Create a function that verifies the existence of an element in a tuple.,1,weak_auto_from_relevant_indices
455,Create a function that verifies whether a tuple has any duplicate elements.,399,Develop a function that checks whether every element in a tuple is of the same type.,1,weak_auto_from_relevant_indices
456,Create a function that identifies the first non-repeating character in a string.,162,Write a python function to find the first non-repeated character in a given string.,1,weak_auto_from_relevant_indices
456,Create a function that identifies the first non-repeating character in a string.,576,Create a function that identifies the first character that appears more than once in a string.,1,weak_auto_from_relevant_indices
456,Create a function that identifies the first non-repeating character in a string.,282,Write a python function to find the first repeated character in a given string.,1,weak_auto_from_relevant_indices
457,Create a function that checks if a string begins and ends with the identical character.,163,Write a function to check whether the given string starts and ends with the same character or not.,1,weak_auto_from_relevant_indices
457,Create a function that checks if a string begins and ends with the identical character.,576,Create a function that identifies the first character that appears more than once in a string.,1,weak_auto_from_relevant_indices
457,Create a function that checks if a string begins and ends with the identical character.,456,Create a function that identifies the first non-repeating character in a string.,1,weak_auto_from_relevant_indices
458,Create a function that determines the median value among three given numbers.,164,Write a function to find the median of three numbers.,1,weak_auto_from_relevant_indices
458,Create a function that determines the median value among three given numbers.,403,Develop a function that returns the smallest value among three given numbers.,1,weak_auto_from_relevant_indices
458,Create a function that determines the median value among three given numbers.,585,Create a function that determines the median value of two equally sized sorted lists.,1,weak_auto_from_relevant_indices
459,Create a function that calculates the sum of digits for every number in a list.,165,Write a function to compute the sum of digits of each number of a given list.,1,weak_auto_from_relevant_indices
459,Create a function that calculates the sum of digits for every number in a list.,544,Create a function that computes the sum of all digits in a non-negative integer.,1,weak_auto_from_relevant_indices
459,Create a function that calculates the sum of digits for every number in a list.,375,Develop a function that sums all negative numbers in a list.,1,weak_auto_from_relevant_indices
460,Create a function that executes the bitwise XOR operation on the elements of two tuples.,166,Write a function to perform the mathematical bitwise xor operation across the given tuples.,1,weak_auto_from_relevant_indices
460,Create a function that executes the bitwise XOR operation on the elements of two tuples.,486,Create a function that retrieves the element-wise AND results of two tuples.,1,weak_auto_from_relevant_indices
460,Create a function that executes the bitwise XOR operation on the elements of two tuples.,416,Create a function that subtracts corresponding elements of two tuples and returns the result as a tuple.,1,weak_auto_from_relevant_indices
461,Create a function that determines the count of unique tuples within a list.,386,Create a function that returns the count of lists inside a given tuple.,1,weak_auto_from_relevant_indices
461,Create a function that determines the count of unique tuples within a list.,167,Write a function to extract the number of unique tuples in the given list.,1,weak_auto_from_relevant_indices
461,Create a function that determines the count of unique tuples within a list.,503,Create a function that tallies the occurrences of each list element in a tuple.,1,weak_auto_from_relevant_indices
462,Create a function that adds together elements of two nested tuples at the same index.,502,Create a function that multiplies elements of two tuples at the same index together.,1,weak_auto_from_relevant_indices
462,Create a function that adds together elements of two nested tuples at the same index.,168,Write a function to perform index wise addition of tuple elements in the given two nested tuples.,1,weak_auto_from_relevant_indices
462,Create a function that adds together elements of two nested tuples at the same index.,122,Write a function that takes in two tuples and subtracts the elements of the first tuple by the elements of the second tuple with the same index.,1,weak_auto_from_relevant_indices
463,Create a function that identifies the smaller of two given numbers.,445,Create a function that returns the larger of two given numbers.,1,weak_auto_from_relevant_indices
463,Create a function that identifies the smaller of two given numbers.,403,Develop a function that returns the smallest value among three given numbers.,1,weak_auto_from_relevant_indices
463,Create a function that identifies the smaller of two given numbers.,169,Write a python function to find the minimum of two numbers.,1,weak_auto_from_relevant_indices
464,Create a function that verifies the existence of an element in a tuple.,170,Write a function to check whether an element exists within a tuple.,1,weak_auto_from_relevant_indices
464,Create a function that verifies the existence of an element in a tuple.,455,Create a function that verifies whether a tuple has any duplicate elements.,1,weak_auto_from_relevant_indices
464,Create a function that verifies the existence of an element in a tuple.,399,Develop a function that checks whether every element in a tuple is of the same type.,1,weak_auto_from_relevant_indices
465,Create a function that determines if the parity of a number is odd.,171,Write a python function to find whether the parity of a given number is odd.,1,weak_auto_from_relevant_indices
465,Create a function that determines if the parity of a number is odd.,575,Create a function that determines if a number is even.,1,weak_auto_from_relevant_indices
465,Create a function that determines if the parity of a number is odd.,579,Create a function that determines whether a given integer is prime.,1,weak_auto_from_relevant_indices
466,Create a function that generates the next larger number by permuting the digits of the current number.,172,Write a function to create the next bigger number by rearranging the digits of a given number.,1,weak_auto_from_relevant_indices
466,Create a function that generates the next larger number by permuting the digits of the current number.,445,Create a function that returns the larger of two given numbers.,1,weak_auto_from_relevant_indices
466,Create a function that generates the next larger number by permuting the digits of the current number.,492,Create a function that extracts the last digit from a given number.,1,weak_auto_from_relevant_indices
467,Create a function that identifies k smallest pairs formed by elements from two arrays.,173,Write a function to find k number of smallest pairs which consist of one element from the first array and one element from the second array.,1,weak_auto_from_relevant_indices
467,Create a function that identifies k smallest pairs formed by elements from two arrays.,463,Create a function that identifies the smaller of two given numbers.,1,weak_auto_from_relevant_indices
467,Create a function that identifies k smallest pairs formed by elements from two arrays.,572,Create a function that retrieves the kth element from the merged result of two sorted arrays.,1,weak_auto_from_relevant_indices
468,Create a function that determines the lowest product obtainable from tuple pairs in a list.,174,Write a function to find the minimum product from the pairs of tuples within a given list.,1,weak_auto_from_relevant_indices
468,Create a function that determines the lowest product obtainable from tuple pairs in a list.,342,Create a function that finds the first element from the tuple with the lowest second value in a list.,1,weak_auto_from_relevant_indices
468,Create a function that determines the lowest product obtainable from tuple pairs in a list.,364,Create a function that finds the largest absolute product among all pairs in a list of tuples.,1,weak_auto_from_relevant_indices
469,Create a function that identifies the smallest value in a heterogeneous list.,175,Write a function to find the minimum value in a given heterogeneous list.,1,weak_auto_from_relevant_indices
469,Create a function that identifies the smallest value in a heterogeneous list.,139,Write a function to find the maximum value in a given heterogeneous list.,1,weak_auto_from_relevant_indices
469,Create a function that identifies the smallest value in a heterogeneous list.,513,Create a function that identifies the sublist with the smallest length within a list of sublists.,1,weak_auto_from_relevant_indices
470,Create a function that changes snake_case strings to camelCase.,350,Create a function that transforms a snake_case string into camel case format.,1,weak_auto_from_relevant_indices
470,Create a function that changes snake_case strings to camelCase.,56,Write a function to convert a snake case string to camel case string.,1,weak_auto_from_relevant_indices
470,Create a function that changes snake_case strings to camelCase.,176,Write a function to convert the given snake case string to camel case string.,1,weak_auto_from_relevant_indices
471,Create a function that filters out odd numbers from a list.,483,Create a function that filters out odd numbers from a list.,1,weak_auto_from_relevant_indices
471,Create a function that filters out odd numbers from a list.,189,Write a function to filter odd numbers.,1,weak_auto_from_relevant_indices
471,Create a function that filters out odd numbers from a list.,533,Create a function that filters and returns only the odd integers from a list.,1,weak_auto_from_relevant_indices
472,Create a function that retrieves the nth element from each tuple in a list of tuples.,178,Write a function to extract the nth element from a given list of tuples.,1,weak_auto_from_relevant_indices
472,Create a function that retrieves the nth element from each tuple in a list of tuples.,415,Develop a function that extracts the last element from each tuple in a list.,1,weak_auto_from_relevant_indices
472,Create a function that retrieves the nth element from each tuple in a list of tuples.,503,Create a function that tallies the occurrences of each list element in a tuple.,1,weak_auto_from_relevant_indices
473,Create a function that checks for the existence of any value from one sequence in another sequence.,179,Write a python function to check whether any value in a sequence exists in a sequence or not.,1,weak_auto_from_relevant_indices
473,Create a function that checks for the existence of any value from one sequence in another sequence.,525,Create a function that verifies if a list of numbers is consecutive.,1,weak_auto_from_relevant_indices
473,Create a function that checks for the existence of any value from one sequence in another sequence.,551,Create a function that verifies if one list is a sublist of another list.,1,weak_auto_from_relevant_indices
474,Create a function that identifies the pair of integers in an array that yields the highest product.,180,Write a python function to find a pair with highest product from a given array of integers.,1,weak_auto_from_relevant_indices
474,Create a function that identifies the pair of integers in an array that yields the highest product.,519,Create a function that identifies the subarray with the highest product within an array.,1,weak_auto_from_relevant_indices
474,Create a function that identifies the pair of integers in an array that yields the highest product.,522,Create a function that calculates the highest product obtainable from an increasing subsequence in the array.,1,weak_auto_from_relevant_indices
475,Create a function that identifies the shared first element in a list of tuples.,181,Write a function to find common first element in given list of tuple.,1,weak_auto_from_relevant_indices
475,Create a function that identifies the shared first element in a list of tuples.,342,Create a function that finds the first element from the tuple with the lowest second value in a list.,1,weak_auto_from_relevant_indices
475,Create a function that identifies the shared first element in a list of tuples.,419,Create a function that counts how many elements appear before the first tuple element in the given tuple.,1,weak_auto_from_relevant_indices
476,Create a function that identifies the element with the greatest length in a list.,449,Create a function that determines which list in a collection of lists is the longest.,1,weak_auto_from_relevant_indices
476,Create a function that identifies the element with the greatest length in a list.,155,Write a function to find the list with maximum length.,1,weak_auto_from_relevant_indices
476,Create a function that identifies the element with the greatest length in a list.,135,Write a function to find the list of maximum length in a list of lists.,1,weak_auto_from_relevant_indices
477,"Create a function that rounds each number in a list, then returns the total sum multiplied by the list's length.",183,Write a function to round every number of a given list of numbers and print the total sum multiplied by the length of the list.,1,weak_auto_from_relevant_indices
477,"Create a function that rounds each number in a list, then returns the total sum multiplied by the list's length.",346,Create a function that multiplies all elements in a list and divides the result by the list's length.,1,weak_auto_from_relevant_indices
477,"Create a function that rounds each number in a list, then returns the total sum multiplied by the list's length.",52,Write a function to multiply all the numbers in a list and divide with the length of the list.,1,weak_auto_from_relevant_indices
478,Create a function that calculates the cube sum of the initial n even natural numbers.,184,Write a python function to find the cube sum of first n even natural numbers.,1,weak_auto_from_relevant_indices
478,Create a function that calculates the cube sum of the initial n even natural numbers.,428,Develop a function that calculates the sum of squares of the first n even natural numbers.,1,weak_auto_from_relevant_indices
478,Create a function that calculates the cube sum of the initial n even natural numbers.,480,Create a function that calculates the average value of the cubes of the first n natural numbers.,1,weak_auto_from_relevant_indices
479,Create a function that concatenates the elements of a tuple using a specified delimiter.,185,Write a function to concatenate each element of tuple by the delimiter.,1,weak_auto_from_relevant_indices
479,Create a function that concatenates the elements of a tuple using a specified delimiter.,374,Create a function that concatenates all elements of a tuple into a single string.,1,weak_auto_from_relevant_indices
479,Create a function that concatenates the elements of a tuple using a specified delimiter.,502,Create a function that multiplies elements of two tuples at the same index together.,1,weak_auto_from_relevant_indices
480,Create a function that calculates the average value of the cubes of the first n natural numbers.,186,Write a python function to find the average of cubes of first n natural numbers.,1,weak_auto_from_relevant_indices
480,Create a function that calculates the average value of the cubes of the first n natural numbers.,478,Create a function that calculates the cube sum of the initial n even natural numbers.,1,weak_auto_from_relevant_indices
480,Create a function that calculates the average value of the cubes of the first n natural numbers.,534,Create a function that calculates the difference between the sum of cubes and the sum of the first n natural numbers.,1,weak_auto_from_relevant_indices
481,Create a function that retrieves the last character from each string in a tuple.,415,Develop a function that extracts the last element from each tuple in a list.,1,weak_auto_from_relevant_indices
481,Create a function that retrieves the last character from each string in a tuple.,152,Write a function to convert a given string to a tuple of characters.,1,weak_auto_from_relevant_indices
481,Create a function that retrieves the last character from each string in a tuple.,446,Develop a function to transform a string into a tuple where each character is an element.,1,weak_auto_from_relevant_indices
482,Create a function that tallies the number of sublists that include a specific element.,188,Write a function to count the number of sublists containing a particular element.,1,weak_auto_from_relevant_indices
482,Create a function that tallies the number of sublists that include a specific element.,516,Create a function that retrieves the initial element from each sublist in a list of sublists.,1,weak_auto_from_relevant_indices
482,Create a function that tallies the number of sublists that include a specific element.,321,Create a function that verifies if a sublist exists within a list.,1,weak_auto_from_relevant_indices
483,Create a function that filters out odd numbers from a list.,471,Create a function that filters out odd numbers from a list.,1,weak_auto_from_relevant_indices
483,Create a function that filters out odd numbers from a list.,189,Write a function to filter odd numbers.,1,weak_auto_from_relevant_indices
483,Create a function that filters out odd numbers from a list.,533,Create a function that filters and returns only the odd integers from a list.,1,weak_auto_from_relevant_indices
484,Create a function that changes date formats from yyyy-mm-dd to dd-mm-yyyy.,190,Write a function to convert a date of yyyy-mm-dd format to dd-mm-yyyy format.,1,weak_auto_from_relevant_indices
484,Create a function that changes date formats from yyyy-mm-dd to dd-mm-yyyy.,511,Create a function that verifies if a month number corresponds to a month with 31 days.,1,weak_auto_from_relevant_indices
484,Create a function that changes date formats from yyyy-mm-dd to dd-mm-yyyy.,562,Create a function that changes a list into a tuple.,1,weak_auto_from_relevant_indices
485,Create a function that arranges an array using the shell sort algorithm.,191,Write a function to sort the given array by using shell sort.,1,weak_auto_from_relevant_indices
485,Create a function that arranges an array using the shell sort algorithm.,380,Implement a function that sorts the elements of a list in ascending order.,1,weak_auto_from_relevant_indices
485,Create a function that arranges an array using the shell sort algorithm.,323,Implement a function that sorts the elements of a list in ascending order.,1,weak_auto_from_relevant_indices
486,Create a function that retrieves the element-wise AND results of two tuples.,416,Create a function that subtracts corresponding elements of two tuples and returns the result as a tuple.,1,weak_auto_from_relevant_indices
486,Create a function that retrieves the element-wise AND results of two tuples.,192,Write a function to extract the elementwise and tuples from the given two tuples.,1,weak_auto_from_relevant_indices
486,Create a function that retrieves the element-wise AND results of two tuples.,539,Create a function that determines the union of two tuples' elements and returns them in sorted order.,1,weak_auto_from_relevant_indices
487,Create a function that calculates the directrix of a parabola given its parameters.,193,Write a function to find the directrix of a parabola.,1,weak_auto_from_relevant_indices
487,Create a function that calculates the directrix of a parabola given its parameters.,330,Create a function that computes the volume of a sphere given its radius.,1,weak_auto_from_relevant_indices
487,Create a function that calculates the directrix of a parabola given its parameters.,379,Create a function that returns the circumference of a circle given its radius.,1,weak_auto_from_relevant_indices
488,Create a function that checks for any common element between two lists and returns true if found.,194,Write a function that takes two lists and returns true if they have at least one common element.,1,weak_auto_from_relevant_indices
488,Create a function that checks for any common element between two lists and returns true if found.,425,Create a function that checks if all elements in a list are the same as the given element.,1,weak_auto_from_relevant_indices
488,Create a function that checks for any common element between two lists and returns true if found.,131,Write a function that takes in a list and element and checks whether all items in the list are equal to the given element.,1,weak_auto_from_relevant_indices
489,Create a function that calculates the median length of a trapezium given its bases and height.,195,Write a function to find the median length of a trapezium.,1,weak_auto_from_relevant_indices
489,Create a function that calculates the median length of a trapezium given its bases and height.,556,Create a function that calculates the surface area of a square pyramid given the length of a base edge and the pyramid's height.,1,weak_auto_from_relevant_indices
489,Create a function that calculates the median length of a trapezium given its bases and height.,514,Create a function that calculates the area of a rectangle given its length and breadth.,1,weak_auto_from_relevant_indices
490,Create a function that verifies if a given number is larger than all elements in an array.,196,Write a function to check whether the entered number is greater than the elements of the given array.,1,weak_auto_from_relevant_indices
490,Create a function that verifies if a given number is larger than all elements in an array.,400,Create a function to check if a given element is the majority in a sorted array (appears more than n/2 times).,1,weak_auto_from_relevant_indices
490,Create a function that verifies if a given number is larger than all elements in an array.,307,Create a function to check if an integer array has any repeated elements.,1,weak_auto_from_relevant_indices
491,Create a function that identifies strings containing 'a' followed by one or more 'b' characters.,197,Write a function that matches a string that has an a followed by one or more b's.,1,weak_auto_from_relevant_indices
491,Create a function that identifies strings containing 'a' followed by one or more 'b' characters.,132,Write a function that checks whether a string contains the 'a' character followed by two or three 'b' characters.,1,weak_auto_from_relevant_indices
491,Create a function that identifies strings containing 'a' followed by one or more 'b' characters.,426,Develop a function that checks for the presence of 'a' followed by two or three 'b' characters in a string.,1,weak_auto_from_relevant_indices
492,Create a function that extracts the last digit from a given number.,532,Create a function that extracts the first digit from a given number.,1,weak_auto_from_relevant_indices
492,Create a function that extracts the last digit from a given number.,198,Write a python function to find the last digit of a given number.,1,weak_auto_from_relevant_indices
492,Create a function that extracts the last digit from a given number.,552,Create a function that determines the last digit of the factorial of a number.,1,weak_auto_from_relevant_indices
493,Create a function that filters and returns negative numbers from a list.,199,Write a python function to return the negative numbers in a list.,1,weak_auto_from_relevant_indices
493,Create a function that filters and returns negative numbers from a list.,483,Create a function that filters out odd numbers from a list.,1,weak_auto_from_relevant_indices
493,Create a function that filters and returns negative numbers from a list.,471,Create a function that filters out odd numbers from a list.,1,weak_auto_from_relevant_indices
494,Create a function that eliminates characters at odd positions in a string.,200,Write a function to remove odd characters in a string.,1,weak_auto_from_relevant_indices
494,Create a function that eliminates characters at odd positions in a string.,402,Create a Python function that removes all characters at odd indices from a string.,1,weak_auto_from_relevant_indices
494,Create a function that eliminates characters at odd positions in a string.,108,Write a python function to remove the characters which have odd index values of a given string.,1,weak_auto_from_relevant_indices
495,Create a function that counts pairs of tuples that are bidirectional.,201,Write a function to count bidirectional tuple pairs.,1,weak_auto_from_relevant_indices
495,Create a function that counts pairs of tuples that are bidirectional.,523,Create a function that computes the pairwise sum of adjacent elements in a tuple.,1,weak_auto_from_relevant_indices
495,Create a function that counts pairs of tuples that are bidirectional.,386,Create a function that returns the count of lists inside a given tuple.,1,weak_auto_from_relevant_indices
496,Create a function that concatenates multiple integers from a list into one single integer.,202,Write a function to join a list of multiple integers into a single integer.,1,weak_auto_from_relevant_indices
496,Create a function that concatenates multiple integers from a list into one single integer.,384,Create a function that merges all numbers from a list of lists into a single set.,1,weak_auto_from_relevant_indices
496,Create a function that concatenates multiple integers from a list into one single integer.,360,Create a function that joins all numbers in a tuple into one integer.,1,weak_auto_from_relevant_indices
497,Create a function that identifies the first adverb in a sentence and provides its position.,203,Write a function to find the first adverb and their positions in a given sentence.,1,weak_auto_from_relevant_indices
497,Create a function that identifies the first adverb in a sentence and provides its position.,559,Create a function that identifies the first adverb in a sentence ending with 'ly' and provides its position.,1,weak_auto_from_relevant_indices
497,Create a function that identifies the first adverb in a sentence and provides its position.,265,Write a function to find the first adverb ending with ly and its positions in a given sentence.,1,weak_auto_from_relevant_indices
498,Create a function that calculates the surface area of a cube based on its size.,204,Write a function to find the surface area of a cube of a given size.,1,weak_auto_from_relevant_indices
498,Create a function that calculates the surface area of a cube based on its size.,409,Develop a function that calculates the lateral surface area of a cube from its side length.,1,weak_auto_from_relevant_indices
498,Create a function that calculates the surface area of a cube based on its size.,115,Write a function to find the lateral surface area of a cube given its side length.,1,weak_auto_from_relevant_indices
499,Create a function that calculates the ratio of positive numbers in an array of integers.,205,Write a function to find the ration of positive numbers in an array of integers.,1,weak_auto_from_relevant_indices
499,Create a function that calculates the ratio of positive numbers in an array of integers.,377,Develop a function that calculates the ratio of zeros to non-zeros in an integer array.,1,weak_auto_from_relevant_indices
499,Create a function that calculates the ratio of positive numbers in an array of integers.,83,Write a function to find the ratio of zeroes to non-zeroes in an array of integers.,1,weak_auto_from_relevant_indices
500,Create a function that identifies the largest negative number in a list.,206,Write a python function to find the largest negative number from the given list.,1,weak_auto_from_relevant_indices
500,Create a function that identifies the largest negative number in a list.,375,Develop a function that sums all negative numbers in a list.,1,weak_auto_from_relevant_indices
500,Create a function that identifies the largest negative number in a list.,476,Create a function that identifies the element with the greatest length in a list.,1,weak_auto_from_relevant_indices
501,Create a function that shortens each tuple in a list of tuples by removing the first and last k elements.,207,Write a function to trim each tuple by k in the given tuple list.,1,weak_auto_from_relevant_indices
501,Create a function that shortens each tuple in a list of tuples by removing the first and last k elements.,415,Develop a function that extracts the last element from each tuple in a list.,1,weak_auto_from_relevant_indices
501,Create a function that shortens each tuple in a list of tuples by removing the first and last k elements.,326,Create a function that returns tuples from a list where every element is divisible by a given number k.,1,weak_auto_from_relevant_indices
502,Create a function that multiplies elements of two tuples at the same index together.,462,Create a function that adds together elements of two nested tuples at the same index.,1,weak_auto_from_relevant_indices
502,Create a function that multiplies elements of two tuples at the same index together.,208,Write a function to perform index wise multiplication of tuple elements in the given two tuples.,1,weak_auto_from_relevant_indices
502,Create a function that multiplies elements of two tuples at the same index together.,122,Write a function that takes in two tuples and subtracts the elements of the first tuple by the elements of the second tuple with the same index.,1,weak_auto_from_relevant_indices
503,Create a function that tallies the occurrences of each list element in a tuple.,209,Write a python function to count the occurence of all elements of list in a tuple.,1,weak_auto_from_relevant_indices
503,Create a function that tallies the occurrences of each list element in a tuple.,386,Create a function that returns the count of lists inside a given tuple.,1,weak_auto_from_relevant_indices
503,Create a function that tallies the occurrences of each list element in a tuple.,354,Create a function that appends all elements of a list to a tuple.,1,weak_auto_from_relevant_indices
504,Create a function that computes the cube of each element in a list.,299,Create a function that computes the square of each element in a list.,1,weak_auto_from_relevant_indices
504,Create a function that computes the cube of each element in a list.,210,Write a function to find cubes of individual elements in a list.,1,weak_auto_from_relevant_indices
504,Create a function that computes the cube of each element in a list.,503,Create a function that tallies the occurrences of each list element in a tuple.,1,weak_auto_from_relevant_indices
505,Create a function that computes the sum of Perrin numbers up to the nth term.,211,Write a function to calculate the sum of perrin numbers.,1,weak_auto_from_relevant_indices
505,Create a function that computes the sum of Perrin numbers up to the nth term.,582,Create a function that computes the nth Bell number.,1,weak_auto_from_relevant_indices
505,Create a function that computes the sum of Perrin numbers up to the nth term.,428,Develop a function that calculates the sum of squares of the first n even natural numbers.,1,weak_auto_from_relevant_indices
506,Create a function that retrieves strings of a certain length from a list.,212,Write a function to extract specified size of strings from a given list of string values.,1,weak_auto_from_relevant_indices
506,Create a function that retrieves strings of a certain length from a list.,135,Write a function to find the list of maximum length in a list of lists.,1,weak_auto_from_relevant_indices
506,Create a function that retrieves strings of a certain length from a list.,449,Create a function that determines which list in a collection of lists is the longest.,1,weak_auto_from_relevant_indices
507,Create a function that eliminates all whitespace characters from a string.,213,Write a function to remove all whitespaces from the given string.,1,weak_auto_from_relevant_indices
507,Create a function that eliminates all whitespace characters from a string.,494,Create a function that eliminates characters at odd positions in a string.,1,weak_auto_from_relevant_indices
507,Create a function that eliminates all whitespace characters from a string.,531,Create a function that eliminates lowercase letter sequences from a string.,1,weak_auto_from_relevant_indices
508,"Create a function that calculates the loss amount on a sale, returning 0 if there is no loss.",214,Write a function that gives loss amount on a sale if the given amount has loss else return 0.,1,weak_auto_from_relevant_indices
508,"Create a function that calculates the loss amount on a sale, returning 0 if there is no loss.",377,Develop a function that calculates the ratio of zeros to non-zeros in an integer array.,1,weak_auto_from_relevant_indices
508,"Create a function that calculates the loss amount on a sale, returning 0 if there is no loss.",544,Create a function that computes the sum of all digits in a non-negative integer.,1,weak_auto_from_relevant_indices
509,Create a function that computes the sum of all even factors of a given number.,215,Write a python function to find the sum of even factors of a number.,1,weak_auto_from_relevant_indices
509,Create a function that computes the sum of all even factors of a given number.,434,Create a function that calculates the total sum of all divisors of a given number.,1,weak_auto_from_relevant_indices
509,Create a function that computes the sum of all even factors of a given number.,459,Create a function that calculates the sum of digits for every number in a list.,1,weak_auto_from_relevant_indices
510,Create a function that identifies words with the letter 'z' in them.,216,Write a function that matches a word containing 'z'.,1,weak_auto_from_relevant_indices
510,Create a function that identifies words with the letter 'z' in them.,491,Create a function that identifies strings containing 'a' followed by one or more 'b' characters.,1,weak_auto_from_relevant_indices
510,Create a function that identifies words with the letter 'z' in them.,76,Write a function to find words that are longer than n characters from a given list of words.,1,weak_auto_from_relevant_indices
511,Create a function that verifies if a month number corresponds to a month with 31 days.,217,Write a function to check whether the given month number contains 31 days or not.,1,weak_auto_from_relevant_indices
511,Create a function that verifies if a month number corresponds to a month with 31 days.,525,Create a function that verifies if a list of numbers is consecutive.,1,weak_auto_from_relevant_indices
511,Create a function that verifies if a month number corresponds to a month with 31 days.,484,Create a function that changes date formats from yyyy-mm-dd to dd-mm-yyyy.,1,weak_auto_from_relevant_indices
512,Create a function that reverses the characters in each string within a list.,218,Write a function to reverse each string in a given list of string values.,1,weak_auto_from_relevant_indices
512,Create a function that reverses the characters in each string within a list.,536,Create a function that switches the case of each character in a string.,1,weak_auto_from_relevant_indices
512,Create a function that reverses the characters in each string within a list.,352,Create a function that sorts every sublist of strings within a list of lists.,1,weak_auto_from_relevant_indices
513,Create a function that identifies the sublist with the smallest length within a list of sublists.,540,Create a function that determines the length of the longest sublist within a list of sublists.,1,weak_auto_from_relevant_indices
513,Create a function that identifies the sublist with the smallest length within a list of sublists.,219,Write a python function to find the sublist having minimum length.,1,weak_auto_from_relevant_indices
513,Create a function that identifies the sublist with the smallest length within a list of sublists.,429,Create a function that identifies the longest sublist from a collection of nested lists.,1,weak_auto_from_relevant_indices
514,Create a function that calculates the area of a rectangle given its length and breadth.,220,Write a function to find the area of a rectangle.,1,weak_auto_from_relevant_indices
514,Create a function that calculates the area of a rectangle given its length and breadth.,97,Write a function to calculate the area of a regular polygon given the length and number of its sides.,1,weak_auto_from_relevant_indices
514,Create a function that calculates the area of a rectangle given its length and breadth.,391,Develop a function that computes the area of a regular polygon using its side length and number of sides.,1,weak_auto_from_relevant_indices
515,Create a function that eliminates uppercase letter sequences from a string.,531,Create a function that eliminates lowercase letter sequences from a string.,1,weak_auto_from_relevant_indices
515,Create a function that eliminates uppercase letter sequences from a string.,221,Write a function to remove uppercase substrings from a given string.,1,weak_auto_from_relevant_indices
515,Create a function that eliminates uppercase letter sequences from a string.,517,Create a function that tallies the number of uppercase characters in a string.,1,weak_auto_from_relevant_indices
516,Create a function that retrieves the initial element from each sublist in a list of sublists.,222,Write a python function to get the first element of each sublist.,1,weak_auto_from_relevant_indices
516,Create a function that retrieves the initial element from each sublist in a list of sublists.,547,Create a function that arranges the strings in each sublist of a list of lists.,1,weak_auto_from_relevant_indices
516,Create a function that retrieves the initial element from each sublist in a list of sublists.,352,Create a function that sorts every sublist of strings within a list of lists.,1,weak_auto_from_relevant_indices
517,Create a function that tallies the number of uppercase characters in a string.,223,Write a python function to count the upper case characters in a given string.,1,weak_auto_from_relevant_indices
517,Create a function that tallies the number of uppercase characters in a string.,515,Create a function that eliminates uppercase letter sequences from a string.,1,weak_auto_from_relevant_indices
517,Create a function that tallies the number of uppercase characters in a string.,530,Create a function that changes all characters in a string to lowercase.,1,weak_auto_from_relevant_indices
518,Create a function that generates all possible combinations of elements from a given list.,224,Write a function to find all possible combinations of the elements of a given list.,1,weak_auto_from_relevant_indices
518,Create a function that generates all possible combinations of elements from a given list.,384,Create a function that merges all numbers from a list of lists into a single set.,1,weak_auto_from_relevant_indices
518,Create a function that generates all possible combinations of elements from a given list.,354,Create a function that appends all elements of a list to a tuple.,1,weak_auto_from_relevant_indices
519,Create a function that identifies the subarray with the highest product within an array.,225,Write a function to find the maximum product subarray of the given array.,1,weak_auto_from_relevant_indices
519,Create a function that identifies the subarray with the highest product within an array.,522,Create a function that calculates the highest product obtainable from an increasing subsequence in the array.,1,weak_auto_from_relevant_indices
519,Create a function that identifies the subarray with the highest product within an array.,474,Create a function that identifies the pair of integers in an array that yields the highest product.,1,weak_auto_from_relevant_indices
520,Create a function that verifies if a dictionary is empty.,557,Create a function that verifies if a dictionary is empty.,1,weak_auto_from_relevant_indices
520,Create a function that verifies if a dictionary is empty.,263,Write a function to check if a dictionary is empty,1,weak_auto_from_relevant_indices
520,Create a function that verifies if a dictionary is empty.,226,Write a function to check whether the given dictionary is empty,1,weak_auto_from_relevant_indices
521,Create a function that removes entries with empty values from a dictionary.,227,Write a function to drop empty items from a given dictionary.,1,weak_auto_from_relevant_indices
521,Create a function that removes entries with empty values from a dictionary.,557,Create a function that verifies if a dictionary is empty.,1,weak_auto_from_relevant_indices
521,Create a function that removes entries with empty values from a dictionary.,520,Create a function that verifies if a dictionary is empty.,1,weak_auto_from_relevant_indices
522,Create a function that calculates the highest product obtainable from an increasing subsequence in the array.,228,Write a function to find the maximum product formed by multiplying numbers of an increasing subsequence of that array.,1,weak_auto_from_relevant_indices
522,Create a function that calculates the highest product obtainable from an increasing subsequence in the array.,519,Create a function that identifies the subarray with the highest product within an array.,1,weak_auto_from_relevant_indices
522,Create a function that calculates the highest product obtainable from an increasing subsequence in the array.,474,Create a function that identifies the pair of integers in an array that yields the highest product.,1,weak_auto_from_relevant_indices
523,Create a function that computes the pairwise sum of adjacent elements in a tuple.,229,Write a function to find the pairwise addition of the neighboring elements of the given tuple.,1,weak_auto_from_relevant_indices
523,Create a function that computes the pairwise sum of adjacent elements in a tuple.,495,Create a function that counts pairs of tuples that are bidirectional.,1,weak_auto_from_relevant_indices
523,Create a function that computes the pairwise sum of adjacent elements in a tuple.,502,Create a function that multiplies elements of two tuples at the same index together.,1,weak_auto_from_relevant_indices
524,"Create a function that calculates the product of an array's elements multiplied together, then applies a modulo operation with n.",230,Write a python function to find the product of the array multiplication modulo n.,1,weak_auto_from_relevant_indices
524,"Create a function that calculates the product of an array's elements multiplied together, then applies a modulo operation with n.",228,Write a function to find the maximum product formed by multiplying numbers of an increasing subsequence of that array.,1,weak_auto_from_relevant_indices
524,"Create a function that calculates the product of an array's elements multiplied together, then applies a modulo operation with n.",346,Create a function that multiplies all elements in a list and divides the result by the list's length.,1,weak_auto_from_relevant_indices
525,Create a function that verifies if a list of numbers is consecutive.,231,Write a python function to check whether the given list contains consecutive numbers or not.,1,weak_auto_from_relevant_indices
525,Create a function that verifies if a list of numbers is consecutive.,545,Create a function that verifies if a list is sorted in ascending order.,1,weak_auto_from_relevant_indices
525,Create a function that verifies if a list of numbers is consecutive.,325,Develop a function to verify if a list matches the sequence pattern provided.,1,weak_auto_from_relevant_indices
526,"Create a function that finds common elements in tuples within a list, regardless of their order.",232,Write a function to find the tuple intersection of elements in the given tuple list irrespective of their order.,1,weak_auto_from_relevant_indices
526,"Create a function that finds common elements in tuples within a list, regardless of their order.",181,Write a function to find common first element in given list of tuple.,1,weak_auto_from_relevant_indices
526,"Create a function that finds common elements in tuples within a list, regardless of their order.",475,Create a function that identifies the shared first element in a list of tuples.,1,weak_auto_from_relevant_indices
527,Create a function that substitutes specified characters in a string with new ones.,233,Write a function to replace characters in a string.,1,weak_auto_from_relevant_indices
527,Create a function that substitutes specified characters in a string with new ones.,405,Develop a function that replaces every space in a string with a specified character.,1,weak_auto_from_relevant_indices
527,Create a function that substitutes specified characters in a string with new ones.,536,Create a function that switches the case of each character in a string.,1,weak_auto_from_relevant_indices
528,Create a function that arranges the entries of a dictionary based on their values.,234,Write a function to sort a dictionary by value.,1,weak_auto_from_relevant_indices
528,Create a function that arranges the entries of a dictionary based on their values.,521,Create a function that removes entries with empty values from a dictionary.,1,weak_auto_from_relevant_indices
528,Create a function that arranges the entries of a dictionary based on their values.,453,Create a function that transforms multiple lists into a nested dictionary structure.,1,weak_auto_from_relevant_indices
529,Create a function that computes the sum of the maximum and minimum values in an array.,563,Create a function that calculates the difference between the maximum and minimum values in a list.,1,weak_auto_from_relevant_indices
529,Create a function that computes the sum of the maximum and minimum values in an array.,235,Write a python function to find the sum of the largest and smallest value in a given array.,1,weak_auto_from_relevant_indices
529,Create a function that computes the sum of the maximum and minimum values in an array.,538,Create a function that calculates the sum of the largest contiguous subarray within a given list.,1,weak_auto_from_relevant_indices
530,Create a function that changes all characters in a string to lowercase.,536,Create a function that switches the case of each character in a string.,1,weak_auto_from_relevant_indices
530,Create a function that changes all characters in a string to lowercase.,242,Write a function to toggle the case of all characters in a string.,1,weak_auto_from_relevant_indices
530,Create a function that changes all characters in a string to lowercase.,531,Create a function that eliminates lowercase letter sequences from a string.,1,weak_auto_from_relevant_indices
531,Create a function that eliminates lowercase letter sequences from a string.,515,Create a function that eliminates uppercase letter sequences from a string.,1,weak_auto_from_relevant_indices
531,Create a function that eliminates lowercase letter sequences from a string.,494,Create a function that eliminates characters at odd positions in a string.,1,weak_auto_from_relevant_indices
531,Create a function that eliminates lowercase letter sequences from a string.,221,Write a function to remove uppercase substrings from a given string.,1,weak_auto_from_relevant_indices
532,Create a function that extracts the first digit from a given number.,492,Create a function that extracts the last digit from a given number.,1,weak_auto_from_relevant_indices
532,Create a function that extracts the first digit from a given number.,238,Write a python function to find the first digit of a given number.,1,weak_auto_from_relevant_indices
532,Create a function that extracts the first digit from a given number.,552,Create a function that determines the last digit of the factorial of a number.,1,weak_auto_from_relevant_indices
533,Create a function that filters and returns only the odd integers from a list.,483,Create a function that filters out odd numbers from a list.,1,weak_auto_from_relevant_indices
533,Create a function that filters and returns only the odd integers from a list.,471,Create a function that filters out odd numbers from a list.,1,weak_auto_from_relevant_indices
533,Create a function that filters and returns only the odd integers from a list.,239,Write a python function which takes a list of integers and only returns the odd ones.,1,weak_auto_from_relevant_indices
534,Create a function that calculates the difference between the sum of cubes and the sum of the first n natural numbers.,240,Write a python function to find the difference between the sum of cubes of the first n natural numbers and the sum of the first n natural numbers.,1,weak_auto_from_relevant_indices
534,Create a function that calculates the difference between the sum of cubes and the sum of the first n natural numbers.,478,Create a function that calculates the cube sum of the initial n even natural numbers.,1,weak_auto_from_relevant_indices
534,Create a function that calculates the difference between the sum of cubes and the sum of the first n natural numbers.,480,Create a function that calculates the average value of the cubes of the first n natural numbers.,1,weak_auto_from_relevant_indices
535,Create a function that counts the number of pairs in a list that have an odd XOR value.,241,Write a python function to count the number of pairs whose xor value is odd.,1,weak_auto_from_relevant_indices
535,Create a function that counts the number of pairs in a list that have an odd XOR value.,394,Create a function that counts all pairs in a list whose XOR result is even.,1,weak_auto_from_relevant_indices
535,Create a function that counts the number of pairs in a list that have an odd XOR value.,100,Write a function that counts the number of pairs of integers in a list that xor to an even number.,1,weak_auto_from_relevant_indices
536,Create a function that switches the case of each character in a string.,242,Write a function to toggle the case of all characters in a string.,1,weak_auto_from_relevant_indices
536,Create a function that switches the case of each character in a string.,530,Create a function that changes all characters in a string to lowercase.,1,weak_auto_from_relevant_indices
536,Create a function that switches the case of each character in a string.,512,Create a function that reverses the characters in each string within a list.,1,weak_auto_from_relevant_indices
537,Create a function that computes the sum of differences between corresponding digits of two integers.,243,Write a python function to find the sum of the per-digit difference between two integers.,1,weak_auto_from_relevant_indices
537,Create a function that computes the sum of differences between corresponding digits of two integers.,98,Write a function to determine if the sum of the divisors of two integers are the same.,1,weak_auto_from_relevant_indices
537,Create a function that computes the sum of differences between corresponding digits of two integers.,542,Create a function that counts the number of unordered pairs in a list of integers where the two integers are different.,1,weak_auto_from_relevant_indices
538,Create a function that calculates the sum of the largest contiguous subarray within a given list.,244,Write a function to find the sum of the largest contiguous sublist in the given list.,1,weak_auto_from_relevant_indices
538,Create a function that calculates the sum of the largest contiguous subarray within a given list.,427,Create a function that finds the maximum sum of a contiguous subarray in an array formed by repeating the original array k times.,1,weak_auto_from_relevant_indices
538,Create a function that calculates the sum of the largest contiguous subarray within a given list.,519,Create a function that identifies the subarray with the highest product within an array.,1,weak_auto_from_relevant_indices
539,Create a function that determines the union of two tuples' elements and returns them in sorted order.,245,Write a function to find the union of the elements of two given tuples and output them in sorted order.,1,weak_auto_from_relevant_indices
539,Create a function that determines the union of two tuples' elements and returns them in sorted order.,486,Create a function that retrieves the element-wise AND results of two tuples.,1,weak_auto_from_relevant_indices
539,Create a function that determines the union of two tuples' elements and returns them in sorted order.,416,Create a function that subtracts corresponding elements of two tuples and returns the result as a tuple.,1,weak_auto_from_relevant_indices
540,Create a function that determines the length of the longest sublist within a list of sublists.,429,Create a function that identifies the longest sublist from a collection of nested lists.,1,weak_auto_from_relevant_indices
540,Create a function that determines the length of the longest sublist within a list of sublists.,513,Create a function that identifies the sublist with the smallest length within a list of sublists.,1,weak_auto_from_relevant_indices
540,Create a function that determines the length of the longest sublist within a list of sublists.,449,Create a function that determines which list in a collection of lists is the longest.,1,weak_auto_from_relevant_indices
541,Create a function that retrieves values enclosed in quotation marks from a string.,247,Write a function to extract values between quotation marks from a string.,1,weak_auto_from_relevant_indices
541,Create a function that retrieves values enclosed in quotation marks from a string.,506,Create a function that retrieves strings of a certain length from a list.,1,weak_auto_from_relevant_indices
541,Create a function that retrieves values enclosed in quotation marks from a string.,212,Write a function to extract specified size of strings from a given list of string values.,1,weak_auto_from_relevant_indices
542,Create a function that counts the number of unordered pairs in a list of integers where the two integers are different.,248,Write a python function which takes a list of integers and counts the number of possible unordered pairs where both elements are unequal.,1,weak_auto_from_relevant_indices
542,Create a function that counts the number of unordered pairs in a list of integers where the two integers are different.,100,Write a function that counts the number of pairs of integers in a list that xor to an even number.,1,weak_auto_from_relevant_indices
542,Create a function that counts the number of unordered pairs in a list of integers where the two integers are different.,535,Create a function that counts the number of pairs in a list that have an odd XOR value.,1,weak_auto_from_relevant_indices
543,Create a function that divides a string into its individual characters.,249,Write a python function to split a string into characters.,1,weak_auto_from_relevant_indices
543,Create a function that divides a string into its individual characters.,68,Write a function to convert a string to a list of strings split on the space character.,1,weak_auto_from_relevant_indices
543,Create a function that divides a string into its individual characters.,536,Create a function that switches the case of each character in a string.,1,weak_auto_from_relevant_indices
544,Create a function that computes the sum of all digits in a non-negative integer.,250,Write a function to get the sum of the digits of a non-negative integer.,1,weak_auto_from_relevant_indices
544,Create a function that computes the sum of all digits in a non-negative integer.,459,Create a function that calculates the sum of digits for every number in a list.,1,weak_auto_from_relevant_indices
544,Create a function that computes the sum of all digits in a non-negative integer.,375,Develop a function that sums all negative numbers in a list.,1,weak_auto_from_relevant_indices
545,Create a function that verifies if a list is sorted in ascending order.,380,Implement a function that sorts the elements of a list in ascending order.,1,weak_auto_from_relevant_indices
545,Create a function that verifies if a list is sorted in ascending order.,323,Implement a function that sorts the elements of a list in ascending order.,1,weak_auto_from_relevant_indices
545,Create a function that verifies if a list is sorted in ascending order.,251,Write a function to check whether a specified list is sorted or not.,1,weak_auto_from_relevant_indices
546,Create a function that generates a list containing N empty dictionaries.,252,Write a function to create a list of N empty dictionaries.,1,weak_auto_from_relevant_indices
546,Create a function that generates a list containing N empty dictionaries.,521,Create a function that removes entries with empty values from a dictionary.,1,weak_auto_from_relevant_indices
546,Create a function that generates a list containing N empty dictionaries.,520,Create a function that verifies if a dictionary is empty.,1,weak_auto_from_relevant_indices
547,Create a function that arranges the strings in each sublist of a list of lists.,352,Create a function that sorts every sublist of strings within a list of lists.,1,weak_auto_from_relevant_indices
547,Create a function that arranges the strings in each sublist of a list of lists.,253,Write a function to sort each sublist of strings in a given list of lists.,1,weak_auto_from_relevant_indices
547,Create a function that arranges the strings in each sublist of a list of lists.,58,Write a function to sort each sublist of strings in a given list of lists.,1,weak_auto_from_relevant_indices
548,Create a function that filters out duplicate numbers from multiple lists.,254,Write a python function to remove duplicate numbers from a given number of lists.,1,weak_auto_from_relevant_indices
548,Create a function that filters out duplicate numbers from multiple lists.,483,Create a function that filters out odd numbers from a list.,1,weak_auto_from_relevant_indices
548,Create a function that filters out duplicate numbers from multiple lists.,471,Create a function that filters out odd numbers from a list.,1,weak_auto_from_relevant_indices
549,Create a function that computes the product of all unique numbers in a list.,255,Write a python function to calculate the product of the unique numbers in a given list.,1,weak_auto_from_relevant_indices
549,Create a function that computes the product of all unique numbers in a list.,459,Create a function that calculates the sum of digits for every number in a list.,1,weak_auto_from_relevant_indices
549,Create a function that computes the product of all unique numbers in a list.,384,Create a function that merges all numbers from a list of lists into a single set.,1,weak_auto_from_relevant_indices
550,Create a function that calculates the surface area of a cylinder given its radius and height.,417,Create a function that computes the volume of a cylinder given its radius and height.,1,weak_auto_from_relevant_indices
550,Create a function that calculates the surface area of a cylinder given its radius and height.,123,Write a function that takes in the radius and height of a cylinder and returns the the volume.,1,weak_auto_from_relevant_indices
550,Create a function that calculates the surface area of a cylinder given its radius and height.,256,Write a function to find the surface area of a cylinder.,1,weak_auto_from_relevant_indices
551,Create a function that verifies if one list is a sublist of another list.,321,Create a function that verifies if a sublist exists within a list.,1,weak_auto_from_relevant_indices
551,Create a function that verifies if one list is a sublist of another list.,257,Write a python function to check whether a list is sublist of another or not.,1,weak_auto_from_relevant_indices
551,Create a function that verifies if one list is a sublist of another list.,27,Write a function to check whether a list contains the given sublist or not.,1,weak_auto_from_relevant_indices
552,Create a function that determines the last digit of the factorial of a number.,258,Write a python function to find the last digit in factorial of a given number.,1,weak_auto_from_relevant_indices
552,Create a function that determines the last digit of the factorial of a number.,492,Create a function that extracts the last digit from a given number.,1,weak_auto_from_relevant_indices
552,Create a function that determines the last digit of the factorial of a number.,198,Write a python function to find the last digit of a given number.,1,weak_auto_from_relevant_indices
553,Create a function that merges three lists of equal length into one flat list by alternating their elements.,259,Write a python function to interleave 3 lists of the same length into a single flat list.,1,weak_auto_from_relevant_indices
553,Create a function that merges three lists of equal length into one flat list by alternating their elements.,61,Write a function to merge three lists into a single sorted list.,1,weak_auto_from_relevant_indices
553,Create a function that merges three lists of equal length into one flat list by alternating their elements.,355,Develop a function that combines three lists and returns a single sorted list.,1,weak_auto_from_relevant_indices
554,Create a function that identifies elements that are in either of the two tuples but not in both.,486,Create a function that retrieves the element-wise AND results of two tuples.,1,weak_auto_from_relevant_indices
554,Create a function that identifies elements that are in either of the two tuples but not in both.,260,Write a function to find the dissimilar elements in the given two tuples.,1,weak_auto_from_relevant_indices
554,Create a function that identifies elements that are in either of the two tuples but not in both.,526,"Create a function that finds common elements in tuples within a list, regardless of their order.",1,weak_auto_from_relevant_indices
555,Create a function that filters out uneven elements from nested tuples.,261,Write a function to remove uneven elements in the nested mixed tuple.,1,weak_auto_from_relevant_indices
555,Create a function that filters out uneven elements from nested tuples.,472,Create a function that retrieves the nth element from each tuple in a list of tuples.,1,weak_auto_from_relevant_indices
555,Create a function that filters out uneven elements from nested tuples.,462,Create a function that adds together elements of two nested tuples at the same index.,1,weak_auto_from_relevant_indices
556,Create a function that calculates the surface area of a square pyramid given the length of a base edge and the pyramid's height.,262,Write a python function to find the surface area of a square pyramid with a given base edge and height.,1,weak_auto_from_relevant_indices
556,Create a function that calculates the surface area of a square pyramid given the length of a base edge and the pyramid's height.,550,Create a function that calculates the surface area of a cylinder given its radius and height.,1,weak_auto_from_relevant_indices
556,Create a function that calculates the surface area of a square pyramid given the length of a base edge and the pyramid's height.,498,Create a function that calculates the surface area of a cube based on its size.,1,weak_auto_from_relevant_indices
557,Create a function that verifies if a dictionary is empty.,520,Create a function that verifies if a dictionary is empty.,1,weak_auto_from_relevant_indices
557,Create a function that verifies if a dictionary is empty.,263,Write a function to check if a dictionary is empty,1,weak_auto_from_relevant_indices
557,Create a function that verifies if a dictionary is empty.,226,Write a function to check whether the given dictionary is empty,1,weak_auto_from_relevant_indices
558,Create a function that computes the nth Catalan number.,264,Write a function which returns nth catalan number.,1,weak_auto_from_relevant_indices
558,Create a function that computes the nth Catalan number.,582,Create a function that computes the nth Bell number.,1,weak_auto_from_relevant_indices
558,Create a function that computes the nth Catalan number.,376,Create a function that computes the nth hexagonal number.,1,weak_auto_from_relevant_indices
559,Create a function that identifies the first adverb in a sentence ending with 'ly' and provides its position.,265,Write a function to find the first adverb ending with ly and its positions in a given sentence.,1,weak_auto_from_relevant_indices
559,Create a function that identifies the first adverb in a sentence ending with 'ly' and provides its position.,497,Create a function that identifies the first adverb in a sentence and provides its position.,1,weak_auto_from_relevant_indices
559,Create a function that identifies the first adverb in a sentence ending with 'ly' and provides its position.,203,Write a function to find the first adverb and their positions in a given sentence.,1,weak_auto_from_relevant_indices
560,Create a function that retrieves the n items with the highest price from a dataset.,266,Write a function to find the n most expensive items in a given dataset.,1,weak_auto_from_relevant_indices
560,Create a function that retrieves the n items with the highest price from a dataset.,296,"Implement a function that returns the n biggest numbers from a list, sorted from highest to lowest.",1,weak_auto_from_relevant_indices
560,Create a function that retrieves the n items with the highest price from a dataset.,522,Create a function that calculates the highest product obtainable from an increasing subsequence in the array.,1,weak_auto_from_relevant_indices
561,Create a function that divides a list at the nth element and appends the first segment to the end.,267,Write a python function to split a list at the nth eelment and add the first part to the end.,1,weak_auto_from_relevant_indices
561,Create a function that divides a list at the nth element and appends the first segment to the end.,408,Create a function that divides a list into n groups by taking every nth element for each group.,1,weak_auto_from_relevant_indices
561,Create a function that divides a list at the nth element and appends the first segment to the end.,114,"Write a function that takes in a list and an integer n and splits a list for every nth element, returning a list of the resulting lists.",1,weak_auto_from_relevant_indices
562,Create a function that changes a list into a tuple.,268,Write a function to convert a list to a tuple.,1,weak_auto_from_relevant_indices
562,Create a function that changes a list into a tuple.,354,Create a function that appends all elements of a list to a tuple.,1,weak_auto_from_relevant_indices
562,Create a function that changes a list into a tuple.,80,Write a function to convert a tuple to a string.,1,weak_auto_from_relevant_indices
563,Create a function that calculates the difference between the maximum and minimum values in a list.,529,Create a function that computes the sum of the maximum and minimum values in an array.,1,weak_auto_from_relevant_indices
563,Create a function that calculates the difference between the maximum and minimum values in a list.,269,Write a python function to find the difference between largest and smallest value in a given list.,1,weak_auto_from_relevant_indices
563,Create a function that calculates the difference between the maximum and minimum values in a list.,175,Write a function to find the minimum value in a given heterogeneous list.,1,weak_auto_from_relevant_indices
564,Create a function that identifies all perfect squares within a specified range.,270,Write a function to find perfect squares between two given numbers.,1,weak_auto_from_relevant_indices
564,Create a function that identifies all perfect squares within a specified range.,299,Create a function that computes the square of each element in a list.,1,weak_auto_from_relevant_indices
564,Create a function that identifies all perfect squares within a specified range.,5,Write a function to find squares of individual elements in a list.,1,weak_auto_from_relevant_indices
565,Create a function that transforms polar coordinates into rectangular coordinates.,271,Write a function to convert polar coordinates to rectangular coordinates.,1,weak_auto_from_relevant_indices
565,Create a function that transforms polar coordinates into rectangular coordinates.,580,Create a function that converts an angle from degrees to radians.,1,weak_auto_from_relevant_indices
565,Create a function that transforms polar coordinates into rectangular coordinates.,286,Write a function to convert degrees to radians.,1,weak_auto_from_relevant_indices
566,Create a function that swaps the first and last elements of a list.,272,Write a python function to interchange the first and last elements in a list.,1,weak_auto_from_relevant_indices
566,Create a function that swaps the first and last elements of a list.,561,Create a function that divides a list at the nth element and appends the first segment to the end.,1,weak_auto_from_relevant_indices
566,Create a function that swaps the first and last elements of a list.,415,Develop a function that extracts the last element from each tuple in a list.,1,weak_auto_from_relevant_indices
567,Create a function that computes the sum of products of consecutive binomial coefficients.,273,Write a python function to find the sum of the product of consecutive binomial co-efficients.,1,weak_auto_from_relevant_indices
567,Create a function that computes the sum of products of consecutive binomial coefficients.,523,Create a function that computes the pairwise sum of adjacent elements in a tuple.,1,weak_auto_from_relevant_indices
567,Create a function that computes the sum of products of consecutive binomial coefficients.,383,Create a Python function to compute the sum of binomial coefficients at even indices for a given positive integer n.,1,weak_auto_from_relevant_indices
568,Create a function that eliminates leading zeros from an IP address.,274,Write a function to remove leading zeroes from an ip address.,1,weak_auto_from_relevant_indices
568,Create a function that eliminates leading zeros from an IP address.,347,Develop a function that converts a decimal number to its binary string representation without leading zeros.,1,weak_auto_from_relevant_indices
568,Create a function that eliminates leading zeros from an IP address.,531,Create a function that eliminates lowercase letter sequences from a string.,1,weak_auto_from_relevant_indices
569,Create a function that calculates the difference between the first even and first odd number in a list.,275,Write a function to find the difference of the first even and first odd number of a given list.,1,weak_auto_from_relevant_indices
569,Create a function that calculates the difference between the first even and first odd number in a list.,483,Create a function that filters out odd numbers from a list.,1,weak_auto_from_relevant_indices
569,Create a function that calculates the difference between the first even and first odd number in a list.,471,Create a function that filters out odd numbers from a list.,1,weak_auto_from_relevant_indices
570,Create a function that calculates the least number of swaps needed to change one binary string to another.,276,Write a python function to count minimum number of swaps required to convert one binary number represented as a string to another.,1,weak_auto_from_relevant_indices
570,Create a function that calculates the least number of swaps needed to change one binary string to another.,367,Develop a function that finds the largest difference between the count of zeros and ones in any substring of a binary string.,1,weak_auto_from_relevant_indices
570,Create a function that calculates the least number of swaps needed to change one binary string to another.,73,Write a function to find the maximum difference between the number of 0s and number of 1s in any sub-string of the given binary string.,1,weak_auto_from_relevant_indices
571,Create a function that determines the byte size of a given tuple.,277,Write a function to find the size in bytes of the given tuple.,1,weak_auto_from_relevant_indices
571,Create a function that determines the byte size of a given tuple.,461,Create a function that determines the count of unique tuples within a list.,1,weak_auto_from_relevant_indices
571,Create a function that determines the byte size of a given tuple.,464,Create a function that verifies the existence of an element in a tuple.,1,weak_auto_from_relevant_indices
572,Create a function that retrieves the kth element from the merged result of two sorted arrays.,278,Write a function to find kth element from the given two sorted arrays.,1,weak_auto_from_relevant_indices
572,Create a function that retrieves the kth element from the merged result of two sorted arrays.,349,"Develop a function that retrieves the kth element from an array, using 1-based indexing.",1,weak_auto_from_relevant_indices
572,Create a function that retrieves the kth element from the merged result of two sorted arrays.,467,Create a function that identifies k smallest pairs formed by elements from two arrays.,1,weak_auto_from_relevant_indices
573,Create a function that verifies if a number is an Armstrong number.,279,Write a function to check whether the given number is armstrong or not.,1,weak_auto_from_relevant_indices
573,Create a function that verifies if a number is an Armstrong number.,575,Create a function that determines if a number is even.,1,weak_auto_from_relevant_indices
573,Create a function that verifies if a number is an Armstrong number.,525,Create a function that verifies if a list of numbers is consecutive.,1,weak_auto_from_relevant_indices
574,Create a function that calculates both the sum and the average of the first n natural numbers.,280,Write a function to find sum and average of first n natural numbers.,1,weak_auto_from_relevant_indices
574,Create a function that calculates both the sum and the average of the first n natural numbers.,480,Create a function that calculates the average value of the cubes of the first n natural numbers.,1,weak_auto_from_relevant_indices
574,Create a function that calculates both the sum and the average of the first n natural numbers.,428,Develop a function that calculates the sum of squares of the first n even natural numbers.,1,weak_auto_from_relevant_indices
575,Create a function that determines if a number is even.,465,Create a function that determines if the parity of a number is odd.,1,weak_auto_from_relevant_indices
575,Create a function that determines if a number is even.,281,Write a python function to check whether the given number is even or not.,1,weak_auto_from_relevant_indices
575,Create a function that determines if a number is even.,579,Create a function that determines whether a given integer is prime.,1,weak_auto_from_relevant_indices
576,Create a function that identifies the first character that appears more than once in a string.,456,Create a function that identifies the first non-repeating character in a string.,1,weak_auto_from_relevant_indices
576,Create a function that identifies the first character that appears more than once in a string.,282,Write a python function to find the first repeated character in a given string.,1,weak_auto_from_relevant_indices
576,Create a function that identifies the first character that appears more than once in a string.,162,Write a python function to find the first non-repeated character in a given string.,1,weak_auto_from_relevant_indices
577,Create a function that lists all lucid numbers up to a specified integer.,283,Write a function to get all lucid numbers smaller than or equal to a given integer.,1,weak_auto_from_relevant_indices
577,Create a function that lists all lucid numbers up to a specified integer.,459,Create a function that calculates the sum of digits for every number in a list.,1,weak_auto_from_relevant_indices
577,Create a function that lists all lucid numbers up to a specified integer.,365,Develop a function that calculates the sum of all amicable numbers up to a given limit.,1,weak_auto_from_relevant_indices
578,Create a function that reverses the order of words in a string where words are separated by spaces.,284,Write a function to reverse words seperated by spaces in a given string.,1,weak_auto_from_relevant_indices
578,Create a function that reverses the order of words in a string where words are separated by spaces.,362,Create a function that splits a string into a list of words using spaces as separators.,1,weak_auto_from_relevant_indices
578,Create a function that reverses the order of words in a string where words are separated by spaces.,512,Create a function that reverses the characters in each string within a list.,1,weak_auto_from_relevant_indices
579,Create a function that determines whether a given integer is prime.,285,Write a function to check if the given integer is a prime number.,1,weak_auto_from_relevant_indices
579,Create a function that determines whether a given integer is prime.,295,Develop a Python function that checks if a number is not a prime.,1,weak_auto_from_relevant_indices
579,Create a function that determines whether a given integer is prime.,358,Create a function that determines whether a string can be interpreted as an integer.,1,weak_auto_from_relevant_indices
580,Create a function that converts an angle from degrees to radians.,286,Write a function to convert degrees to radians.,1,weak_auto_from_relevant_indices
580,Create a function that converts an angle from degrees to radians.,565,Create a function that transforms polar coordinates into rectangular coordinates.,1,weak_auto_from_relevant_indices
580,Create a function that converts an angle from degrees to radians.,271,Write a function to convert polar coordinates to rectangular coordinates.,1,weak_auto_from_relevant_indices
581,Create a function that searches for a regex pattern in a string and returns the matching substring along with its start and end indices.,287,"Write a function to search a string for a regex pattern. The function should return the matching subtring, a start index and an end index.",1,weak_auto_from_relevant_indices
581,Create a function that searches for a regex pattern in a string and returns the matching substring along with its start and end indices.,457,Create a function that checks if a string begins and ends with the identical character.,1,weak_auto_from_relevant_indices
581,Create a function that searches for a regex pattern in a string and returns the matching substring along with its start and end indices.,339,Develop a function to check if any string in a list contains a given substring.,1,weak_auto_from_relevant_indices
582,Create a function that computes the nth Bell number.,288,Write a python function to find nth bell number.,1,weak_auto_from_relevant_indices
582,Create a function that computes the nth Bell number.,411,Develop a function that computes the nth star number.,1,weak_auto_from_relevant_indices
582,Create a function that computes the nth Bell number.,558,Create a function that computes the nth Catalan number.,1,weak_auto_from_relevant_indices
583,Create a function that produces a list identical to the input list but with the k'th element excluded.,289,"Write a python function which takes a list and returns a list with the same elements, but the k'th element removed.",1,weak_auto_from_relevant_indices
583,Create a function that produces a list identical to the input list but with the k'th element excluded.,326,Create a function that returns tuples from a list where every element is divisible by a given number k.,1,weak_auto_from_relevant_indices
583,Create a function that produces a list identical to the input list but with the k'th element excluded.,389,Develop a function that removes every element from one list that also appears in a second list.,1,weak_auto_from_relevant_indices
584,"Create a function that finds a path through a cost matrix (N*N) with the highest average value, starting from the top-left and ending at the bottom-right, only moving right or down.",290,"Given a square matrix of size N*N given as a list of lists, where each cell is associated with a specific cost. A path is defined as a specific sequence of cells that starts from the top-left cell move only right or down and ends on bottom right cell. We want to find a path with the maximum average over all existing paths. Average is computed as total cost divided by the number of cells visited in the path.",1,weak_auto_from_relevant_indices
584,"Create a function that finds a path through a cost matrix (N*N) with the highest average value, starting from the top-left and ending at the bottom-right, only moving right or down.",560,Create a function that retrieves the n items with the highest price from a dataset.,1,weak_auto_from_relevant_indices
584,"Create a function that finds a path through a cost matrix (N*N) with the highest average value, starting from the top-left and ending at the bottom-right, only moving right or down.",454,"Create a function that calculates the highest possible sum using the formula f(n) = max( (f(n/2) + f(n/3) + f(n/4) + f(n/5)), n).",1,weak_auto_from_relevant_indices
585,Create a function that determines the median value of two equally sized sorted lists.,291,Write a function to find the median of two sorted lists of same size.,1,weak_auto_from_relevant_indices
585,Create a function that determines the median value of two equally sized sorted lists.,587,Create a function that counts the number of indices at which two lists have the same value.,1,weak_auto_from_relevant_indices
585,Create a function that determines the median value of two equally sized sorted lists.,458,Create a function that determines the median value among three given numbers.,1,weak_auto_from_relevant_indices
586,Create a function that filters out students who do not meet the minimum height and weight requirements.,292,"The input is given as - a dictionary with a student name as a key and a tuple of float (student_height, student_weight) as a value, - minimal height, - minimal weight. Write a function to filter students that have height and weight above the minimum.",1,weak_auto_from_relevant_indices
586,Create a function that filters out students who do not meet the minimum height and weight requirements.,563,Create a function that calculates the difference between the maximum and minimum values in a list.,1,weak_auto_from_relevant_indices
586,Create a function that filters out students who do not meet the minimum height and weight requirements.,493,Create a function that filters and returns negative numbers from a list.,1,weak_auto_from_relevant_indices
587,Create a function that counts the number of indices at which two lists have the same value.,293,Write a function to count indices where the lists have the same values.,1,weak_auto_from_relevant_indices
587,Create a function that counts the number of indices at which two lists have the same value.,385,Develop a function that counts how many items are the same at the same index in three lists.,1,weak_auto_from_relevant_indices
587,Create a function that counts the number of indices at which two lists have the same value.,91,Write a function to count number items that are identical in the same position of three given lists.,1,weak_auto_from_relevant_indices
588,Write a function to generate Fibonacci numbers in python language,593,Write a function to generate Fibonacci numbers in python language,1,weak_auto_from_relevant_indices
588,Write a function to generate Fibonacci numbers in python language,592,Write a function to generate Fibonacci numbers in python language,1,weak_auto_from_relevant_indices
588,Write a function to generate Fibonacci numbers in python language,590,Write a function to generate Fibonacci numbers in python language,1,weak_auto_from_relevant_indices
589,Silakan masukkan ulang permintaan Anda.,596,Write a function to reverse a string,1,weak_auto_from_relevant_indices
589,Silakan masukkan ulang permintaan Anda.,594,Write a function to reverse a string,1,weak_auto_from_relevant_indices
589,Silakan masukkan ulang permintaan Anda.,591,Write a function to reverse a string,1,weak_auto_from_relevant_indices
590,Write a function to generate Fibonacci numbers in python language,593,Write a function to generate Fibonacci numbers in python language,1,weak_auto_from_relevant_indices
590,Write a function to generate Fibonacci numbers in python language,592,Write a function to generate Fibonacci numbers in python language,1,weak_auto_from_relevant_indices
590,Write a function to generate Fibonacci numbers in python language,588,Write a function to generate Fibonacci numbers in python language,1,weak_auto_from_relevant_indices
591,Write a function to reverse a string,598,Write a function to reverse a string,1,weak_auto_from_relevant_indices
591,Write a function to reverse a string,596,Write a function to reverse a string,1,weak_auto_from_relevant_indices
591,Write a function to reverse a string,594,Write a function to reverse a string,1,weak_auto_from_relevant_indices
592,Write a function to generate Fibonacci numbers in python language,593,Write a function to generate Fibonacci numbers in python language,1,weak_auto_from_relevant_indices
592,Write a function to generate Fibonacci numbers in python language,590,Write a function to generate Fibonacci numbers in python language,1,weak_auto_from_relevant_indices
592,Write a function to generate Fibonacci numbers in python language,588,Write a function to generate Fibonacci numbers in python language,1,weak_auto_from_relevant_indices
593,Write a function to generate Fibonacci numbers in python language,592,Write a function to generate Fibonacci numbers in python language,1,weak_auto_from_relevant_indices
593,Write a function to generate Fibonacci numbers in python language,590,Write a function to generate Fibonacci numbers in python language,1,weak_auto_from_relevant_indices
593,Write a function to generate Fibonacci numbers in python language,588,Write a function to generate Fibonacci numbers in python language,1,weak_auto_from_relevant_indices
594,Write a function to reverse a string,598,Write a function to reverse a string,1,weak_auto_from_relevant_indices
594,Write a function to reverse a string,596,Write a function to reverse a string,1,weak_auto_from_relevant_indices
594,Write a function to reverse a string,591,Write a function to reverse a string,1,weak_auto_from_relevant_indices
595,Write a function to generate Fibonacci numbers in python language,593,Write a function to generate Fibonacci numbers in python language,1,weak_auto_from_relevant_indices
595,Write a function to generate Fibonacci numbers in python language,592,Write a function to generate Fibonacci numbers in python language,1,weak_auto_from_relevant_indices
595,Write a function to generate Fibonacci numbers in python language,590,Write a function to generate Fibonacci numbers in python language,1,weak_auto_from_relevant_indices
596,Write a function to reverse a string,598,Write a function to reverse a string,1,weak_auto_from_relevant_indices
596,Write a function to reverse a string,594,Write a function to reverse a string,1,weak_auto_from_relevant_indices
596,Write a function to reverse a string,591,Write a function to reverse a string,1,weak_auto_from_relevant_indices
597,Write a function to generate Fibonacci numbers in python language,593,Write a function to generate Fibonacci numbers in python language,1,weak_auto_from_relevant_indices
597,Write a function to generate Fibonacci numbers in python language,592,Write a function to generate Fibonacci numbers in python language,1,weak_auto_from_relevant_indices
597,Write a function to generate Fibonacci numbers in python language,590,Write a function to generate Fibonacci numbers in python language,1,weak_auto_from_relevant_indices
598,Write a function to reverse a string,596,Write a function to reverse a string,1,weak_auto_from_relevant_indices
598,Write a function to reverse a string,594,Write a function to reverse a string,1,weak_auto_from_relevant_indices
598,Write a function to reverse a string,591,Write a function to reverse a string,1,weak_auto_from_relevant_indices
599,Write a function to generate Fibonacci numbers in python language,593,Write a function to generate Fibonacci numbers in python language,1,weak_auto_from_relevant_indices
599,Write a function to generate Fibonacci numbers in python language,592,Write a function to generate Fibonacci numbers in python language,1,weak_auto_from_relevant_indices
599,Write a function to generate Fibonacci numbers in python language,590,Write a function to generate Fibonacci numbers in python language,1,weak_auto_from_relevant_indices
600,Write a function to generate Fibonacci numbers in python language,593,Write a function to generate Fibonacci numbers in python language,1,weak_auto_from_relevant_indices
600,Write a function to generate Fibonacci numbers in python language,592,Write a function to generate Fibonacci numbers in python language,1,weak_auto_from_relevant_indices
600,Write a function to generate Fibonacci numbers in python language,590,Write a function to generate Fibonacci numbers in python language,1,weak_auto_from_relevant_indices
601,Write a function to generate Fibonacci numbers in python language,593,Write a function to generate Fibonacci numbers in python language,1,weak_auto_from_relevant_indices
601,Write a function to generate Fibonacci numbers in python language,592,Write a function to generate Fibonacci numbers in python language,1,weak_auto_from_relevant_indices
601,Write a function to generate Fibonacci numbers in python language,590,Write a function to generate Fibonacci numbers in python language,1,weak_auto_from_relevant_indices
602,Write a function to generate Fibonacci numbers in python language,593,Write a function to generate Fibonacci numbers in python language,1,weak_auto_from_relevant_indices
602,Write a function to generate Fibonacci numbers in python language,592,Write a function to generate Fibonacci numbers in python language,1,weak_auto_from_relevant_indices
602,Write a function to generate Fibonacci numbers in python language,590,Write a function to generate Fibonacci numbers in python language,1,weak_auto_from_relevant_indices
603,Write a function to generate Fibonacci numbers in python language,593,Write a function to generate Fibonacci numbers in python language,1,weak_auto_from_relevant_indices
603,Write a function to generate Fibonacci numbers in python language,592,Write a function to generate Fibonacci numbers in python language,1,weak_auto_from_relevant_indices
603,Write a function to generate Fibonacci numbers in python language,590,Write a function to generate Fibonacci numbers in python language,1,weak_auto_from_relevant_indices
604,Write a function to generate Fibonacci numbers in python language,593,Write a function to generate Fibonacci numbers in python language,1,weak_auto_from_relevant_indices
604,Write a function to generate Fibonacci numbers in python language,592,Write a function to generate Fibonacci numbers in python language,1,weak_auto_from_relevant_indices
604,Write a function to generate Fibonacci numbers in python language,590,Write a function to generate Fibonacci numbers in python language,1,weak_auto_from_relevant_indices
605,Write a function to generate Fibonacci numbers in python language,593,Write a function to generate Fibonacci numbers in python language,1,weak_auto_from_relevant_indices
605,Write a function to generate Fibonacci numbers in python language,592,Write a function to generate Fibonacci numbers in python language,1,weak_auto_from_relevant_indices
605,Write a function to generate Fibonacci numbers in python language,590,Write a function to generate Fibonacci numbers in python language,1,weak_auto_from_relevant_indices
606,Generate a Python function that calculates the Levenshtein distance between two strings without using external libraries,612,Generate a Python function that calculates the Levenshtein distance between two strings without using external libraries,1,weak_auto_from_relevant_indices
606,Generate a Python function that calculates the Levenshtein distance between two strings without using external libraries,610,Generate a Python function that calculates the Levenshtein distance between two strings without using external libraries,1,weak_auto_from_relevant_indices
606,Generate a Python function that calculates the Levenshtein distance between two strings without using external libraries,608,Generate a Python function that calculates the Levenshtein distance between two strings without using external libraries,1,weak_auto_from_relevant_indices
607,Write a function to generate Fibonacci numbers in python language,593,Write a function to generate Fibonacci numbers in python language,1,weak_auto_from_relevant_indices
607,Write a function to generate Fibonacci numbers in python language,592,Write a function to generate Fibonacci numbers in python language,1,weak_auto_from_relevant_indices
607,Write a function to generate Fibonacci numbers in python language,590,Write a function to generate Fibonacci numbers in python language,1,weak_auto_from_relevant_indices
608,Generate a Python function that calculates the Levenshtein distance between two strings without using external libraries,612,Generate a Python function that calculates the Levenshtein distance between two strings without using external libraries,1,weak_auto_from_relevant_indices
608,Generate a Python function that calculates the Levenshtein distance between two strings without using external libraries,610,Generate a Python function that calculates the Levenshtein distance between two strings without using external libraries,1,weak_auto_from_relevant_indices
608,Generate a Python function that calculates the Levenshtein distance between two strings without using external libraries,606,Generate a Python function that calculates the Levenshtein distance between two strings without using external libraries,1,weak_auto_from_relevant_indices
609,Write a function to generate Fibonacci numbers in python language,593,Write a function to generate Fibonacci numbers in python language,1,weak_auto_from_relevant_indices
609,Write a function to generate Fibonacci numbers in python language,592,Write a function to generate Fibonacci numbers in python language,1,weak_auto_from_relevant_indices
609,Write a function to generate Fibonacci numbers in python language,590,Write a function to generate Fibonacci numbers in python language,1,weak_auto_from_relevant_indices
610,Generate a Python function that calculates the Levenshtein distance between two strings without using external libraries,612,Generate a Python function that calculates the Levenshtein distance between two strings without using external libraries,1,weak_auto_from_relevant_indices
610,Generate a Python function that calculates the Levenshtein distance between two strings without using external libraries,608,Generate a Python function that calculates the Levenshtein distance between two strings without using external libraries,1,weak_auto_from_relevant_indices
610,Generate a Python function that calculates the Levenshtein distance between two strings without using external libraries,606,Generate a Python function that calculates the Levenshtein distance between two strings without using external libraries,1,weak_auto_from_relevant_indices
611,Write a Python function to compute the nth Fibonacci number using memoization.,593,Write a function to generate Fibonacci numbers in python language,1,weak_auto_from_relevant_indices
611,Write a Python function to compute the nth Fibonacci number using memoization.,592,Write a function to generate Fibonacci numbers in python language,1,weak_auto_from_relevant_indices
611,Write a Python function to compute the nth Fibonacci number using memoization.,590,Write a function to generate Fibonacci numbers in python language,1,weak_auto_from_relevant_indices
612,Generate a Python function that calculates the Levenshtein distance between two strings without using external libraries,610,Generate a Python function that calculates the Levenshtein distance between two strings without using external libraries,1,weak_auto_from_relevant_indices
612,Generate a Python function that calculates the Levenshtein distance between two strings without using external libraries,608,Generate a Python function that calculates the Levenshtein distance between two strings without using external libraries,1,weak_auto_from_relevant_indices
612,Generate a Python function that calculates the Levenshtein distance between two strings without using external libraries,606,Generate a Python function that calculates the Levenshtein distance between two strings without using external libraries,1,weak_auto_from_relevant_indices
613,Write a Python function to check if a string is a valid IPv4 address.,615,Write a Python function to check if a string is a valid IPv4 address.,1,weak_auto_from_relevant_indices
613,Write a Python function to check if a string is a valid IPv4 address.,614,Write a Python function to check if a string is a valid IPv4 address.,1,weak_auto_from_relevant_indices
613,Write a Python function to check if a string is a valid IPv4 address.,618,Write a Python function to check if a string is a valid IPv6 address.,1,weak_auto_from_relevant_indices
614,Write a Python function to check if a string is a valid IPv4 address.,615,Write a Python function to check if a string is a valid IPv4 address.,1,weak_auto_from_relevant_indices
614,Write a Python function to check if a string is a valid IPv4 address.,613,Write a Python function to check if a string is a valid IPv4 address.,1,weak_auto_from_relevant_indices
614,Write a Python function to check if a string is a valid IPv4 address.,618,Write a Python function to check if a string is a valid IPv6 address.,1,weak_auto_from_relevant_indices
615,Write a Python function to check if a string is a valid IPv4 address.,614,Write a Python function to check if a string is a valid IPv4 address.,1,weak_auto_from_relevant_indices
615,Write a Python function to check if a string is a valid IPv4 address.,613,Write a Python function to check if a string is a valid IPv4 address.,1,weak_auto_from_relevant_indices
615,Write a Python function to check if a string is a valid IPv4 address.,618,Write a Python function to check if a string is a valid IPv6 address.,1,weak_auto_from_relevant_indices
616,Find shared elements from four arrays.,629,Find shared elements from eight arrays.,1,weak_auto_from_relevant_indices
616,Find shared elements from four arrays.,626,Find shared elements from eight arrays.,1,weak_auto_from_relevant_indices
616,Find shared elements from four arrays.,623,Find shared elements from eleven arrays.,1,weak_auto_from_relevant_indices
617,Write a function to find the biggest max elements from nine arrays.,624,Write a function to find the biggest max elements from seven arrays.,1,weak_auto_from_relevant_indices
617,Write a function to find the biggest max elements from nine arrays.,620,Write a function to find the biggest max elements from seven arrays.,1,weak_auto_from_relevant_indices
617,Write a function to find the biggest max elements from nine arrays.,627,Write a function to find the smallest max elements from seven arrays.,1,weak_auto_from_relevant_indices
618,Write a Python function to check if a string is a valid IPv6 address.,628,Write a Python function to check if a string is a valid IPv6 address.,1,weak_auto_from_relevant_indices
618,Write a Python function to check if a string is a valid IPv6 address.,625,Write a Python function to check if a string is a valid IPv6 address.,1,weak_auto_from_relevant_indices
618,Write a Python function to check if a string is a valid IPv6 address.,621,Write a Python function to check if a string is a valid IPv6 address.,1,weak_auto_from_relevant_indices
619,Find shared elements from eleven arrays.,623,Find shared elements from eleven arrays.,1,weak_auto_from_relevant_indices
619,Find shared elements from eleven arrays.,622,Find shared elements from eleven arrays.,1,weak_auto_from_relevant_indices
619,Find shared elements from eleven arrays.,626,Find shared elements from eight arrays.,1,weak_auto_from_relevant_indices
620,Write a function to find the biggest max elements from seven arrays.,624,Write a function to find the biggest max elements from seven arrays.,1,weak_auto_from_relevant_indices
620,Write a function to find the biggest max elements from seven arrays.,630,Write a function to find the smallest max elements from seven arrays.,1,weak_auto_from_relevant_indices
620,Write a function to find the biggest max elements from seven arrays.,627,Write a function to find the smallest max elements from seven arrays.,1,weak_auto_from_relevant_indices
621,Write a Python function to check if a string is a valid IPv6 address.,628,Write a Python function to check if a string is a valid IPv6 address.,1,weak_auto_from_relevant_indices
621,Write a Python function to check if a string is a valid IPv6 address.,625,Write a Python function to check if a string is a valid IPv6 address.,1,weak_auto_from_relevant_indices
621,Write a Python function to check if a string is a valid IPv6 address.,618,Write a Python function to check if a string is a valid IPv6 address.,1,weak_auto_from_relevant_indices
622,Find shared elements from eleven arrays.,623,Find shared elements from eleven arrays.,1,weak_auto_from_relevant_indices
622,Find shared elements from eleven arrays.,619,Find shared elements from eleven arrays.,1,weak_auto_from_relevant_indices
622,Find shared elements from eleven arrays.,626,Find shared elements from eight arrays.,1,weak_auto_from_relevant_indices
623,Find shared elements from eleven arrays.,622,Find shared elements from eleven arrays.,1,weak_auto_from_relevant_indices
623,Find shared elements from eleven arrays.,619,Find shared elements from eleven arrays.,1,weak_auto_from_relevant_indices
623,Find shared elements from eleven arrays.,626,Find shared elements from eight arrays.,1,weak_auto_from_relevant_indices
624,Write a function to find the biggest max elements from seven arrays.,620,Write a function to find the biggest max elements from seven arrays.,1,weak_auto_from_relevant_indices
624,Write a function to find the biggest max elements from seven arrays.,630,Write a function to find the smallest max elements from seven arrays.,1,weak_auto_from_relevant_indices
624,Write a function to find the biggest max elements from seven arrays.,627,Write a function to find the smallest max elements from seven arrays.,1,weak_auto_from_relevant_indices
625,Write a Python function to check if a string is a valid IPv6 address.,628,Write a Python function to check if a string is a valid IPv6 address.,1,weak_auto_from_relevant_indices
625,Write a Python function to check if a string is a valid IPv6 address.,621,Write a Python function to check if a string is a valid IPv6 address.,1,weak_auto_from_relevant_indices
625,Write a Python function to check if a string is a valid IPv6 address.,618,Write a Python function to check if a string is a valid IPv6 address.,1,weak_auto_from_relevant_indices
626,Find shared elements from eight arrays.,629,Find shared elements from eight arrays.,1,weak_auto_from_relevant_indices
626,Find shared elements from eight arrays.,616,Find shared elements from four arrays.,1,weak_auto_from_relevant_indices
626,Find shared elements from eight arrays.,623,Find shared elements from eleven arrays.,1,weak_auto_from_relevant_indices
627,Write a function to find the smallest max elements from seven arrays.,630,Write a function to find the smallest max elements from seven arrays.,1,weak_auto_from_relevant_indices
627,Write a function to find the smallest max elements from seven arrays.,624,Write a function to find the biggest max elements from seven arrays.,1,weak_auto_from_relevant_indices
627,Write a function to find the smallest max elements from seven arrays.,620,Write a function to find the biggest max elements from seven arrays.,1,weak_auto_from_relevant_indices
628,Write a Python function to check if a string is a valid IPv6 address.,625,Write a Python function to check if a string is a valid IPv6 address.,1,weak_auto_from_relevant_indices
628,Write a Python function to check if a string is a valid IPv6 address.,621,Write a Python function to check if a string is a valid IPv6 address.,1,weak_auto_from_relevant_indices
628,Write a Python function to check if a string is a valid IPv6 address.,618,Write a Python function to check if a string is a valid IPv6 address.,1,weak_auto_from_relevant_indices
629,Find shared elements from eight arrays.,626,Find shared elements from eight arrays.,1,weak_auto_from_relevant_indices
629,Find shared elements from eight arrays.,616,Find shared elements from four arrays.,1,weak_auto_from_relevant_indices
629,Find shared elements from eight arrays.,623,Find shared elements from eleven arrays.,1,weak_auto_from_relevant_indices
630,Write a function to find the smallest max elements from seven arrays.,627,Write a function to find the smallest max elements from seven arrays.,1,weak_auto_from_relevant_indices
630,Write a function to find the smallest max elements from seven arrays.,624,Write a function to find the biggest max elements from seven arrays.,1,weak_auto_from_relevant_indices
630,Write a function to find the smallest max elements from seven arrays.,620,Write a function to find the biggest max elements from seven arrays.,1,weak_auto_from_relevant_indices
631,Write a Python function to check if a string is a valid IPv6 address.,628,Write a Python function to check if a string is a valid IPv6 address.,1,weak_auto_from_relevant_indices
631,Write a Python function to check if a string is a valid IPv6 address.,625,Write a Python function to check if a string is a valid IPv6 address.,1,weak_auto_from_relevant_indices
631,Write a Python function to check if a string is a valid IPv6 address.,621,Write a Python function to check if a string is a valid IPv6 address.,1,weak_auto_from_relevant_indices
