query_id,query_text,doc_id,doc_text,pred_score,rank_hint,rel,notes
3,Write a python function to check whether the two numbers differ at one bit position only or not.,297,Create a Python function to determine if two numbers differ by exactly one bit position.,0.9694494009017944,1,,
3,Write a python function to check whether the two numbers differ at one bit position only or not.,30,Write a python function to check whether the given number can be represented as the difference of two squares or not.,0.910382866859436,2,,
3,Write a python function to check whether the two numbers differ at one bit position only or not.,324,Create a Python function to determine if a number can be written as the difference of two squares.,0.8989676833152771,3,,
3,Write a python function to check whether the two numbers differ at one bit position only or not.,311,Create a Python function to verify if two integers have different signs.,0.898813009262085,4,,
3,Write a python function to check whether the two numbers differ at one bit position only or not.,17,Write a python function to check whether the given two integers have opposite sign or not.,0.8984363079071045,5,,
3,Write a python function to check whether the two numbers differ at one bit position only or not.,281,Write a python function to check whether the given number is even or not.,0.8952971696853638,6,,
3,Write a python function to check whether the two numbers differ at one bit position only or not.,243,Write a python function to find the sum of the per-digit difference between two integers.,0.894666850566864,7,,
3,Write a python function to check whether the two numbers differ at one bit position only or not.,15,Write a python function to check if a given number is one less than twice its reverse.,0.889350414276123,8,,
3,Write a python function to check whether the two numbers differ at one bit position only or not.,88,Write a python function to check whether all the bits are unset in the given range or not.,0.8837426900863647,9,,
3,Write a python function to check whether the two numbers differ at one bit position only or not.,130,Write a python function takes in an integer and check whether the frequency of each digit in the integer is less than or equal to the digit itself.,0.8800990581512451,10,,
3,Write a python function to check whether the two numbers differ at one bit position only or not.,171,Write a python function to find whether the parity of a given number is odd.,0.8777542114257812,11,,
3,Write a python function to check whether the two numbers differ at one bit position only or not.,169,Write a python function to find the minimum of two numbers.,0.8755582571029663,12,,
3,Write a python function to check whether the two numbers differ at one bit position only or not.,378,Create a Python function to determine if a number can be written as a sum of non-zero powers of two.,0.8736606240272522,13,,
3,Write a python function to check whether the two numbers differ at one bit position only or not.,382,Create a Python function to determine if a number has all bits set to zero within a specified range.,0.8730851411819458,14,,
3,Write a python function to check whether the two numbers differ at one bit position only or not.,179,Write a python function to check whether any value in a sequence exists in a sequence or not.,0.8711281418800354,15,,
3,Write a python function to check whether the two numbers differ at one bit position only or not.,309,Create a Python function to determine if a number equals two times its reverse minus one.,0.8707549571990967,16,,
3,Write a python function to check whether the two numbers differ at one bit position only or not.,128,Write a python function to check if the elements of a given list are unique or not.,0.8664018511772156,17,,
3,Write a python function to check whether the two numbers differ at one bit position only or not.,84,Write a python function to check whether the given number can be represented as sum of non-zero powers of 2 or not.,0.8645939230918884,18,,
3,Write a python function to check whether the two numbers differ at one bit position only or not.,93,Write a python function to find the maximum difference between any two elements in a given array.,0.8631606698036194,19,,
3,Write a python function to check whether the two numbers differ at one bit position only or not.,151,Write a python function to find the maximum of two numbers.,0.8630256652832031,20,,
13,Write a function to find whether a given array of integers contains any duplicate element.,307,Create a function to check if an integer array has any repeated elements.,0.9411693811416626,1,,
13,Write a function to find whether a given array of integers contains any duplicate element.,455,Create a function that verifies whether a tuple has any duplicate elements.,0.9063675403594971,2,,
13,Write a function to find whether a given array of integers contains any duplicate element.,161,Write a function to check if given tuple contains no duplicates.,0.8988484144210815,3,,
13,Write a function to find whether a given array of integers contains any duplicate element.,196,Write a function to check whether the entered number is greater than the elements of the given array.,0.8852221369743347,4,,
13,Write a function to find whether a given array of integers contains any duplicate element.,128,Write a python function to check if the elements of a given list are unique or not.,0.8737722039222717,5,,
13,Write a function to find whether a given array of integers contains any duplicate element.,425,Create a function that checks if all elements in a list are the same as the given element.,0.8714556694030762,6,,
13,Write a function to find whether a given array of integers contains any duplicate element.,170,Write a function to check whether an element exists within a tuple.,0.8697845935821533,7,,
13,Write a function to find whether a given array of integers contains any duplicate element.,363,Develop a Python function to identify the unique element in a sorted array where all others are duplicated.,0.8695585131645203,8,,
13,Write a function to find whether a given array of integers contains any duplicate element.,105,Write a function to check if all the elements in tuple have same data type or not.,0.8693616390228271,9,,
13,Write a function to find whether a given array of integers contains any duplicate element.,490,Create a function that verifies if a given number is larger than all elements in an array.,0.8693197965621948,10,,
13,Write a function to find whether a given array of integers contains any duplicate element.,131,Write a function that takes in a list and element and checks whether all items in the list are equal to the given element.,0.8642367124557495,11,,
13,Write a function to find whether a given array of integers contains any duplicate element.,26,Write a python function to check whether the given array is monotonic or not.,0.8630635142326355,12,,
13,Write a function to find whether a given array of integers contains any duplicate element.,64,Write a function to check if a string represents an integer or not.,0.8607650995254517,13,,
13,Write a function to find whether a given array of integers contains any duplicate element.,231,Write a python function to check whether the given list contains consecutive numbers or not.,0.8593135476112366,14,,
13,Write a function to find whether a given array of integers contains any duplicate element.,98,Write a function to determine if the sum of the divisors of two integers are the same.,0.8590806722640991,15,,
13,Write a function to find whether a given array of integers contains any duplicate element.,399,Develop a function that checks whether every element in a tuple is of the same type.,0.8566815853118896,16,,
13,Write a function to find whether a given array of integers contains any duplicate element.,285,Write a function to check if the given integer is a prime number.,0.8544505834579468,17,,
13,Write a function to find whether a given array of integers contains any duplicate element.,392,Create a function that checks if two numbers have the same sum of divisors.,0.8542501926422119,18,,
13,Write a function to find whether a given array of integers contains any duplicate element.,28,Write a function to find whether all the given tuples have equal length or not.,0.8537478446960449,19,,
13,Write a function to find whether a given array of integers contains any duplicate element.,525,Create a function that verifies if a list of numbers is consecutive.,0.8529943823814392,20,,
17,Write a python function to check whether the given two integers have opposite sign or not.,311,Create a Python function to verify if two integers have different signs.,0.9456466436386108,1,,
17,Write a python function to check whether the given two integers have opposite sign or not.,30,Write a python function to check whether the given number can be represented as the difference of two squares or not.,0.9065219163894653,2,,
17,Write a python function to check whether the given two integers have opposite sign or not.,281,Write a python function to check whether the given number is even or not.,0.9055993556976318,3,,
17,Write a python function to check whether the given two integers have opposite sign or not.,15,Write a python function to check if a given number is one less than twice its reverse.,0.8995142579078674,4,,
17,Write a python function to check whether the given two integers have opposite sign or not.,3,Write a python function to check whether the two numbers differ at one bit position only or not.,0.8984363079071045,5,,
17,Write a python function to check whether the given two integers have opposite sign or not.,324,Create a Python function to determine if a number can be written as the difference of two squares.,0.8826320171356201,6,,
17,Write a python function to check whether the given two integers have opposite sign or not.,309,Create a Python function to determine if a number equals two times its reverse minus one.,0.8824515342712402,7,,
17,Write a python function to check whether the given two integers have opposite sign or not.,171,Write a python function to find whether the parity of a given number is odd.,0.8794897198677063,8,,
17,Write a python function to check whether the given two integers have opposite sign or not.,243,Write a python function to find the sum of the per-digit difference between two integers.,0.8740547299385071,9,,
17,Write a python function to check whether the given two integers have opposite sign or not.,84,Write a python function to check whether the given number can be represented as sum of non-zero powers of 2 or not.,0.8722435832023621,10,,
17,Write a python function to check whether the given two integers have opposite sign or not.,64,Write a function to check if a string represents an integer or not.,0.8714637756347656,11,,
17,Write a python function to check whether the given two integers have opposite sign or not.,378,Create a Python function to determine if a number can be written as a sum of non-zero powers of two.,0.8703097701072693,12,,
17,Write a python function to check whether the given two integers have opposite sign or not.,130,Write a python function takes in an integer and check whether the frequency of each digit in the integer is less than or equal to the digit itself.,0.8668169975280762,13,,
17,Write a python function to check whether the given two integers have opposite sign or not.,231,Write a python function to check whether the given list contains consecutive numbers or not.,0.8666328191757202,14,,
17,Write a python function to check whether the given two integers have opposite sign or not.,297,Create a Python function to determine if two numbers differ by exactly one bit position.,0.8631893396377563,15,,
17,Write a python function to check whether the given two integers have opposite sign or not.,179,Write a python function to check whether any value in a sequence exists in a sequence or not.,0.8625897765159607,16,,
17,Write a python function to check whether the given two integers have opposite sign or not.,169,Write a python function to find the minimum of two numbers.,0.8606966137886047,17,,
17,Write a python function to check whether the given two integers have opposite sign or not.,34,Write a python function to check whether the length of the word is odd or not.,0.8585193157196045,18,,
17,Write a python function to check whether the given two integers have opposite sign or not.,257,Write a python function to check whether a list is sublist of another or not.,0.8577801585197449,19,,
17,Write a python function to check whether the given two integers have opposite sign or not.,137,Write a python function to find quotient of two numbers (rounded down to the nearest integer).,0.856743574142456,20,,
20,Write a python function to find smallest number in a list.,49,Write a python function to find the length of the smallest list in a list of lists.,0.9513299465179443,1,,
20,Write a python function to find smallest number in a list.,269,Write a python function to find the difference between largest and smallest value in a given list.,0.9211678504943848,2,,
20,Write a python function to find smallest number in a list.,169,Write a python function to find the minimum of two numbers.,0.9193350672721863,3,,
20,Write a python function to find smallest number in a list.,314,Develop a Python function to return the minimum value in a list.,0.919129490852356,4,,
20,Write a python function to find smallest number in a list.,219,Write a python function to find the sublist having minimum length.,0.9031792879104614,5,,
20,Write a python function to find smallest number in a list.,343,Develop a Python function to return the length of the shortest list among a list of lists.,0.8968703746795654,6,,
20,Write a python function to find smallest number in a list.,235,Write a python function to find the sum of the largest and smallest value in a given array.,0.8925566673278809,7,,
20,Write a python function to find smallest number in a list.,182,Write a python function to find element of a list having maximum length.,0.8913319110870361,8,,
20,Write a python function to find smallest number in a list.,238,Write a python function to find the first digit of a given number.,0.8894795179367065,9,,
20,Write a python function to find smallest number in a list.,199,Write a python function to return the negative numbers in a list.,0.8886325359344482,10,,
20,Write a python function to find smallest number in a list.,198,Write a python function to find the last digit of a given number.,0.888404905796051,11,,
20,Write a python function to find smallest number in a list.,206,Write a python function to find the largest negative number from the given list.,0.8874123096466064,12,,
20,Write a python function to find smallest number in a list.,24,Write a python function to count the number of positive numbers in a list.,0.8859832286834717,13,,
20,Write a python function to find smallest number in a list.,16,Write a python function to find the largest number that can be formed with the given list of digits.,0.8847548961639404,14,,
20,Write a python function to find smallest number in a list.,151,Write a python function to find the maximum of two numbers.,0.8832908272743225,15,,
20,Write a python function to find smallest number in a list.,469,Create a function that identifies the smallest value in a heterogeneous list.,0.8831140995025635,16,,
20,Write a python function to find smallest number in a list.,43,Write a function to find the closest smaller number than n.,0.877478837966919,17,,
20,Write a python function to find smallest number in a list.,381,Create a Python function to determine the smallest power of 2 that is greater than or equal to a given number.,0.8732209205627441,18,,
20,Write a python function to find smallest number in a list.,177,Write a python function to remove odd numbers from a given list.,0.8730432987213135,19,,
20,Write a python function to find smallest number in a list.,310,Develop a Python function that constructs the biggest number possible from a list of digits.,0.8724186420440674,20,,
21,Write a function to find the maximum difference between available pairs in the given tuple list.,315,Create a function that returns the largest difference among pairs in a list of tuples.,0.9461702108383179,1,,
21,Write a function to find the maximum difference between available pairs in the given tuple list.,70,Write a function to find the maximum absolute product between numbers in pairs of tuples within a given list.,0.9245969653129578,2,,
21,Write a function to find the maximum difference between available pairs in the given tuple list.,174,Write a function to find the minimum product from the pairs of tuples within a given list.,0.9091426134109497,3,,
21,Write a function to find the maximum difference between available pairs in the given tuple list.,364,Create a function that finds the largest absolute product among all pairs in a list of tuples.,0.8986431360244751,4,,
21,Write a function to find the maximum difference between available pairs in the given tuple list.,468,Create a function that determines the lowest product obtainable from tuple pairs in a list.,0.8930830359458923,5,,
21,Write a function to find the maximum difference between available pairs in the given tuple list.,92,Write a function to find number of lists present in the given tuple.,0.8885397911071777,6,,
21,Write a function to find the maximum difference between available pairs in the given tuple list.,93,Write a python function to find the maximum difference between any two elements in a given array.,0.8873724937438965,7,,
21,Write a function to find the maximum difference between available pairs in the given tuple list.,260,Write a function to find the dissimilar elements in the given two tuples.,0.8782113790512085,8,,
21,Write a function to find the maximum difference between available pairs in the given tuple list.,143,Write a function to calculate the maximum aggregate from the list of tuples.,0.8761966228485107,9,,
21,Write a function to find the maximum difference between available pairs in the given tuple list.,167,Write a function to extract the number of unique tuples in the given list.,0.8730640411376953,10,,
21,Write a function to find the maximum difference between available pairs in the given tuple list.,563,Create a function that calculates the difference between the maximum and minimum values in a list.,0.8712832927703857,11,,
21,Write a function to find the maximum difference between available pairs in the given tuple list.,229,Write a function to find the pairwise addition of the neighboring elements of the given tuple.,0.8662111759185791,12,,
21,Write a function to find the maximum difference between available pairs in the given tuple list.,232,Write a function to find the tuple intersection of elements in the given tuple list irrespective of their order.,0.8608155846595764,13,,
21,Write a function to find the maximum difference between available pairs in the given tuple list.,135,Write a function to find the list of maximum length in a list of lists.,0.8580445647239685,14,,
21,Write a function to find the maximum difference between available pairs in the given tuple list.,139,Write a function to find the maximum value in a given heterogeneous list.,0.8576525449752808,15,,
21,Write a function to find the maximum difference between available pairs in the given tuple list.,387,Develop a Python function to get the largest difference between any two elements in an array.,0.8562150001525879,16,,
21,Write a function to find the maximum difference between available pairs in the given tuple list.,269,Write a python function to find the difference between largest and smallest value in a given list.,0.854460597038269,17,,
21,Write a function to find the maximum difference between available pairs in the given tuple list.,180,Write a python function to find a pair with highest product from a given array of integers.,0.8519786596298218,18,,
21,Write a function to find the maximum difference between available pairs in the given tuple list.,32,Write a function to find tuples which have all elements divisible by k from the given list of tuples.,0.8516333103179932,19,,
21,Write a function to find the maximum difference between available pairs in the given tuple list.,125,Write a function to find the number of elements that occurs before the tuple element in the given tuple.,0.8509336709976196,20,,
29,Write a function to sort a list of elements.,86,Write a function to sort a list of elements.,0.9999998807907104,1,,
29,Write a function to sort a list of elements.,380,Implement a function that sorts the elements of a list in ascending order.,0.9242525100708008,2,,
29,Write a function to sort a list of elements.,323,Implement a function that sorts the elements of a list in ascending order.,0.9242525100708008,3,,
29,Write a function to sort a list of elements.,234,Write a function to sort a dictionary by value.,0.8977375030517578,4,,
29,Write a function to sort a list of elements.,191,Write a function to sort the given array by using shell sort.,0.891366183757782,5,,
29,Write a function to sort a list of elements.,58,Write a function to sort each sublist of strings in a given list of lists.,0.8878837823867798,6,,
29,Write a function to sort a list of elements.,253,Write a function to sort each sublist of strings in a given list of lists.,0.8878837823867798,7,,
29,Write a function to sort a list of elements.,129,Write a function to subtract two lists element-wise.,0.8867974281311035,8,,
29,Write a function to sort a list of elements.,251,Write a function to check whether a specified list is sorted or not.,0.8828502893447876,9,,
29,Write a function to sort a list of elements.,210,Write a function to find cubes of individual elements in a list.,0.8800193071365356,10,,
29,Write a function to sort a list of elements.,5,Write a function to find squares of individual elements in a list.,0.8773401379585266,11,,
29,Write a function to sort a list of elements.,316,Implement a function to sort tuples in a list based on their second element.,0.8747435212135315,12,,
29,Write a function to sort a list of elements.,352,Create a function that sorts every sublist of strings within a list of lists.,0.8738154172897339,13,,
29,Write a function to sort a list of elements.,545,Create a function that verifies if a list is sorted in ascending order.,0.873461127281189,14,,
29,Write a function to sort a list of elements.,61,Write a function to merge three lists into a single sorted list.,0.872902512550354,15,,
29,Write a function to sort a list of elements.,547,Create a function that arranges the strings in each sublist of a list of lists.,0.8673715591430664,16,,
29,Write a function to sort a list of elements.,485,Create a function that arranges an array using the shell sort algorithm.,0.8671386241912842,17,,
29,Write a function to sort a list of elements.,504,Create a function that computes the cube of each element in a list.,0.8666497468948364,18,,
29,Write a function to sort a list of elements.,23,Write a function to flatten a list and sum all of its elements.,0.8664876222610474,19,,
29,Write a function to sort a list of elements.,8,Write a function to sort a given matrix in ascending order according to the sum of its rows.,0.866281270980835,20,,
32,Write a function to find tuples which have all elements divisible by k from the given list of tuples.,326,Create a function that returns tuples from a list where every element is divisible by a given number k.,0.9536309242248535,1,,
32,Write a function to find tuples which have all elements divisible by k from the given list of tuples.,207,Write a function to trim each tuple by k in the given tuple list.,0.9126704931259155,2,,
32,Write a function to find tuples which have all elements divisible by k from the given list of tuples.,501,Create a function that shortens each tuple in a list of tuples by removing the first and last k elements.,0.8870072364807129,3,,
32,Write a function to find tuples which have all elements divisible by k from the given list of tuples.,232,Write a function to find the tuple intersection of elements in the given tuple list irrespective of their order.,0.8813344836235046,4,,
32,Write a function to find tuples which have all elements divisible by k from the given list of tuples.,178,Write a function to extract the nth element from a given list of tuples.,0.8808395266532898,5,,
32,Write a function to find tuples which have all elements divisible by k from the given list of tuples.,92,Write a function to find number of lists present in the given tuple.,0.880523681640625,6,,
32,Write a function to find tuples which have all elements divisible by k from the given list of tuples.,260,Write a function to find the dissimilar elements in the given two tuples.,0.8804407715797424,7,,
32,Write a function to find tuples which have all elements divisible by k from the given list of tuples.,472,Create a function that retrieves the nth element from each tuple in a list of tuples.,0.8800327777862549,8,,
32,Write a function to find tuples which have all elements divisible by k from the given list of tuples.,125,Write a function to find the number of elements that occurs before the tuple element in the given tuple.,0.8734259605407715,9,,
32,Write a function to find tuples which have all elements divisible by k from the given list of tuples.,167,Write a function to extract the number of unique tuples in the given list.,0.8733493685722351,10,,
32,Write a function to find tuples which have all elements divisible by k from the given list of tuples.,174,Write a function to find the minimum product from the pairs of tuples within a given list.,0.8697676658630371,11,,
32,Write a function to find tuples which have all elements divisible by k from the given list of tuples.,224,Write a function to find all possible combinations of the elements of a given list.,0.8678528070449829,12,,
32,Write a function to find tuples which have all elements divisible by k from the given list of tuples.,181,Write a function to find common first element in given list of tuple.,0.8653839826583862,13,,
32,Write a function to find tuples which have all elements divisible by k from the given list of tuples.,503,Create a function that tallies the occurrences of each list element in a tuple.,0.8646589517593384,14,,
32,Write a function to find tuples which have all elements divisible by k from the given list of tuples.,209,Write a python function to count the occurence of all elements of list in a tuple.,0.8644558787345886,15,,
32,Write a function to find tuples which have all elements divisible by k from the given list of tuples.,185,Write a function to concatenate each element of tuple by the delimiter.,0.8629024028778076,16,,
32,Write a function to find tuples which have all elements divisible by k from the given list of tuples.,245,Write a function to find the union of the elements of two given tuples and output them in sorted order.,0.862320065498352,17,,
32,Write a function to find tuples which have all elements divisible by k from the given list of tuples.,121,Write a function that takes in a list of tuples and returns a list containing the rear element of each tuple.,0.8607674837112427,18,,
32,Write a function to find tuples which have all elements divisible by k from the given list of tuples.,192,Write a function to extract the elementwise and tuples from the given two tuples.,0.8602210283279419,19,,
32,Write a function to find tuples which have all elements divisible by k from the given list of tuples.,415,Develop a function that extracts the last element from each tuple in a list.,0.8590641617774963,20,,
33,Write a python function to find whether a number is divisible by 11.,327,Develop a Python function to check if a number can be divided by 11 without remainder.,0.9459089040756226,1,,
33,Write a python function to find whether a number is divisible by 11.,50,Write a python function to find the number of divisors of a given integer.,0.8905871510505676,2,,
33,Write a python function to find whether a number is divisible by 11.,171,Write a python function to find whether the parity of a given number is odd.,0.8825665712356567,3,,
33,Write a python function to find whether a number is divisible by 11.,344,Create a Python function that counts how many divisors a given integer has.,0.874118983745575,4,,
33,Write a python function to find whether a number is divisible by 11.,281,Write a python function to check whether the given number is even or not.,0.8738819360733032,5,,
33,Write a python function to find whether a number is divisible by 11.,15,Write a python function to check if a given number is one less than twice its reverse.,0.8724737763404846,6,,
33,Write a python function to find whether a number is divisible by 11.,238,Write a python function to find the first digit of a given number.,0.8707375526428223,7,,
33,Write a python function to find whether a number is divisible by 11.,198,Write a python function to find the last digit of a given number.,0.8675988912582397,8,,
33,Write a python function to find whether a number is divisible by 11.,30,Write a python function to check whether the given number can be represented as the difference of two squares or not.,0.866976261138916,9,,
33,Write a python function to find whether a number is divisible by 11.,324,Create a Python function to determine if a number can be written as the difference of two squares.,0.8667676448822021,10,,
33,Write a python function to find whether a number is divisible by 11.,309,Create a Python function to determine if a number equals two times its reverse minus one.,0.8644886016845703,11,,
33,Write a python function to find whether a number is divisible by 11.,243,Write a python function to find the sum of the per-digit difference between two integers.,0.8627187013626099,12,,
33,Write a python function to find whether a number is divisible by 11.,215,Write a python function to find the sum of even factors of a number.,0.8582906723022461,13,,
33,Write a python function to find whether a number is divisible by 11.,378,Create a Python function to determine if a number can be written as a sum of non-zero powers of two.,0.8561743497848511,14,,
33,Write a python function to find whether a number is divisible by 11.,3,Write a python function to check whether the two numbers differ at one bit position only or not.,0.8559339046478271,15,,
33,Write a python function to find whether a number is divisible by 11.,169,Write a python function to find the minimum of two numbers.,0.8556491136550903,16,,
33,Write a python function to find whether a number is divisible by 11.,295,Develop a Python function that checks if a number is not a prime.,0.8546797633171082,17,,
33,Write a python function to find whether a number is divisible by 11.,328,Create a Python function to determine if the length of a word is an odd number.,0.8545255661010742,18,,
33,Write a python function to find whether a number is divisible by 11.,74,Write a python function to find the sum of common divisors of two given numbers.,0.8537567853927612,19,,
33,Write a python function to find whether a number is divisible by 11.,1,Write a python function to identify non-prime numbers.,0.8525609970092773,20,,
37,Write a python function to find the character made by adding the ASCII value of all the characters of the given string modulo 26.,331,Develop a Python function that returns the character corresponding to the sum of ASCII values of a string's characters modulo 26.,0.9466358423233032,1,,
37,Write a python function to find the character made by adding the ASCII value of all the characters of the given string modulo 26.,118,Write a function to find the ascii value of a character.,0.8660624027252197,2,,
37,Write a python function to find the character made by adding the ASCII value of all the characters of the given string modulo 26.,412,Create a function that returns the ASCII code of a given character.,0.8647704124450684,3,,
37,Write a python function to find the character made by adding the ASCII value of all the characters of the given string modulo 26.,282,Write a python function to find the first repeated character in a given string.,0.8293339610099792,4,,
37,Write a python function to find the character made by adding the ASCII value of all the characters of the given string modulo 26.,223,Write a python function to count the upper case characters in a given string.,0.8209812641143799,5,,
37,Write a python function to find the character made by adding the ASCII value of all the characters of the given string modulo 26.,108,Write a python function to remove the characters which have odd index values of a given string.,0.8182588815689087,6,,
37,Write a python function to find the character made by adding the ASCII value of all the characters of the given string modulo 26.,162,Write a python function to find the first non-repeated character in a given string.,0.8181955218315125,7,,
37,Write a python function to find the character made by adding the ASCII value of all the characters of the given string modulo 26.,249,Write a python function to split a string into characters.,0.8159274458885193,8,,
37,Write a python function to find the character made by adding the ASCII value of all the characters of the given string modulo 26.,402,Create a Python function that removes all characters at odd indices from a string.,0.8155377507209778,9,,
37,Write a python function to find the character made by adding the ASCII value of all the characters of the given string modulo 26.,7,Write a python function to remove first and last occurrence of a given character from the string.,0.8109028339385986,10,,
37,Write a python function to find the character made by adding the ASCII value of all the characters of the given string modulo 26.,301,Create a Python function that deletes the first and last appearance of a specified character in a string.,0.8081278800964355,11,,
37,Write a python function to find the character made by adding the ASCII value of all the characters of the given string modulo 26.,481,Create a function that retrieves the last character from each string in a tuple.,0.8054294586181641,12,,
37,Write a python function to find the character made by adding the ASCII value of all the characters of the given string modulo 26.,230,Write a python function to find the product of the array multiplication modulo n.,0.804997444152832,13,,
37,Write a python function to find the character made by adding the ASCII value of all the characters of the given string modulo 26.,152,Write a function to convert a given string to a tuple of characters.,0.8045175671577454,14,,
37,Write a python function to find the character made by adding the ASCII value of all the characters of the given string modulo 26.,517,Create a function that tallies the number of uppercase characters in a string.,0.8028934001922607,15,,
37,Write a python function to find the character made by adding the ASCII value of all the characters of the given string modulo 26.,393,Develop a function that counts characters whose position in a string matches their position in the alphabet.,0.8022791743278503,16,,
37,Write a python function to find the character made by adding the ASCII value of all the characters of the given string modulo 26.,258,Write a python function to find the last digit in factorial of a given number.,0.8003714084625244,17,,
37,Write a python function to find the character made by adding the ASCII value of all the characters of the given string modulo 26.,236,Write a python function to convert the given string to lower case.,0.8000258207321167,18,,
37,Write a python function to find the character made by adding the ASCII value of all the characters of the given string modulo 26.,198,Write a python function to find the last digit of a given number.,0.7998541593551636,19,,
37,Write a python function to find the character made by adding the ASCII value of all the characters of the given string modulo 26.,618,Write a Python function to check if a string is a valid IPv6 address.,0.7997477054595947,20,,
38,Write a function to find the nth number in the newman conway sequence.,332,Create a function to compute the nth value in the Newman-Conway sequence.,0.939484715461731,1,,
38,Write a function to find the nth number in the newman conway sequence.,18,Write a function to find the nth octagonal number.,0.887172281742096,2,,
38,Write a function to find the nth number in the newman conway sequence.,126,Write a function to find the nth decagonal number.,0.8860743045806885,3,,
38,Write a function to find the nth number in the newman conway sequence.,117,Write a function to find the n'th star number.,0.8842046856880188,4,,
38,Write a function to find the nth number in the newman conway sequence.,35,Write a function to find the nth tetrahedral number.,0.8779295682907104,5,,
38,Write a function to find the nth number in the newman conway sequence.,82,Write a function to find the nth hexagonal number.,0.8775622248649597,6,,
38,Write a function to find the nth number in the newman conway sequence.,157,Write a function to find the n'th lucas number.,0.8700976371765137,7,,
38,Write a function to find the nth number in the newman conway sequence.,288,Write a python function to find nth bell number.,0.8688181638717651,8,,
38,Write a function to find the nth number in the newman conway sequence.,40,Write a function to find nth centered hexagonal number.,0.8628471493721008,9,,
38,Write a function to find the nth number in the newman conway sequence.,582,Create a function that computes the nth Bell number.,0.8546414375305176,10,,
38,Write a function to find the nth number in the newman conway sequence.,411,Develop a function that computes the nth star number.,0.8478525876998901,11,,
38,Write a function to find the nth number in the newman conway sequence.,558,Create a function that computes the nth Catalan number.,0.8418295383453369,12,,
38,Write a function to find the nth number in the newman conway sequence.,451,Create a function that calculates and returns the lucas number at position n in the sequence.,0.8411635756492615,13,,
38,Write a function to find the nth number in the newman conway sequence.,376,Create a function that computes the nth hexagonal number.,0.8401843309402466,14,,
38,Write a function to find the nth number in the newman conway sequence.,264,Write a function which returns nth catalan number.,0.8393011093139648,15,,
38,Write a function to find the nth number in the newman conway sequence.,312,Implement a function that calculates the nth octagonal number.,0.8354978561401367,16,,
38,Write a function to find the nth number in the newman conway sequence.,329,Implement a function to calculate the nth tetrahedral number.,0.8353272676467896,17,,
38,Write a function to find the nth number in the newman conway sequence.,420,Implement a function that returns the nth decagonal number.,0.8340591192245483,18,,
38,Write a function to find the nth number in the newman conway sequence.,238,Write a python function to find the first digit of a given number.,0.8314790725708008,19,,
38,Write a function to find the nth number in the newman conway sequence.,334,Create a function that returns the nth centered hexagonal number.,0.8298813104629517,20,,
41,Write a function to merge three dictionaries into a single dictionary.,335,Develop a function that combines three dictionaries into one.,0.950897753238678,1,,
41,Write a function to merge three dictionaries into a single dictionary.,61,Write a function to merge three lists into a single sorted list.,0.9065964818000793,2,,
41,Write a function to merge three dictionaries into a single dictionary.,159,Write a function to convert more than one list to nested dictionary.,0.8865242600440979,3,,
41,Write a function to merge three dictionaries into a single dictionary.,453,Create a function that transforms multiple lists into a nested dictionary structure.,0.8748703002929688,4,,
41,Write a function to merge three dictionaries into a single dictionary.,355,Develop a function that combines three lists and returns a single sorted list.,0.8590768575668335,5,,
41,Write a function to merge three dictionaries into a single dictionary.,252,Write a function to create a list of N empty dictionaries.,0.8575562238693237,6,,
41,Write a function to merge three dictionaries into a single dictionary.,234,Write a function to sort a dictionary by value.,0.8553282022476196,7,,
41,Write a function to merge three dictionaries into a single dictionary.,384,Create a function that merges all numbers from a list of lists into a single set.,0.8524789810180664,8,,
41,Write a function to merge three dictionaries into a single dictionary.,528,Create a function that arranges the entries of a dictionary based on their values.,0.851250946521759,9,,
41,Write a function to merge three dictionaries into a single dictionary.,202,Write a function to join a list of multiple integers into a single integer.,0.8497267961502075,10,,
41,Write a function to merge three dictionaries into a single dictionary.,145,Write a function to find the depth of a dictionary.,0.8436589241027832,11,,
41,Write a function to merge three dictionaries into a single dictionary.,496,Create a function that concatenates multiple integers from a list into one single integer.,0.8422906398773193,12,,
41,Write a function to merge three dictionaries into a single dictionary.,553,Create a function that merges three lists of equal length into one flat list by alternating their elements.,0.8389357328414917,13,,
41,Write a function to merge three dictionaries into a single dictionary.,227,Write a function to drop empty items from a given dictionary.,0.8378787040710449,14,,
41,Write a function to merge three dictionaries into a single dictionary.,374,Create a function that concatenates all elements of a tuple into a single string.,0.8373932838439941,15,,
41,Write a function to merge three dictionaries into a single dictionary.,546,Create a function that generates a list containing N empty dictionaries.,0.836119532585144,16,,
41,Write a function to merge three dictionaries into a single dictionary.,65,Write a function to check whether all dictionaries in a list are empty or not.,0.8331813812255859,17,,
41,Write a function to merge three dictionaries into a single dictionary.,521,Create a function that removes entries with empty values from a dictionary.,0.8309998512268066,18,,
41,Write a function to merge three dictionaries into a single dictionary.,259,Write a python function to interleave 3 lists of the same length into a single flat list.,0.8279509544372559,19,,
41,Write a function to merge three dictionaries into a single dictionary.,359,Develop a function that checks if every dictionary in a list is empty.,0.8219655752182007,20,,
42,"Write a function to get the frequency of all the elements in a list, returned as a dictionary.",51,"Write a function to find frequency of each element in a flattened list of lists, returned in a dictionary.",0.9508323669433594,1,,
42,"Write a function to get the frequency of all the elements in a list, returned as a dictionary.",336,Create a function that counts how often each element appears in a list and returns the result as a dictionary.,0.9273251295089722,2,,
42,"Write a function to get the frequency of all the elements in a list, returned as a dictionary.",345,Develop a function that flattens a list of lists and returns a dictionary with the frequency of each element.,0.9210695028305054,3,,
42,"Write a function to get the frequency of all the elements in a list, returned as a dictionary.",78,Write a function to find the item with maximum frequency in a given list.,0.8820159435272217,4,,
42,"Write a function to get the frequency of all the elements in a list, returned as a dictionary.",224,Write a function to find all possible combinations of the elements of a given list.,0.8714826107025146,5,,
42,"Write a function to get the frequency of all the elements in a list, returned as a dictionary.",158,Write a function to apply a given format string to all of the elements in a list.,0.8707177639007568,6,,
42,"Write a function to get the frequency of all the elements in a list, returned as a dictionary.",372,Create a function that returns the most frequent item in a list.,0.8676940202713013,7,,
42,"Write a function to get the frequency of all the elements in a list, returned as a dictionary.",503,Create a function that tallies the occurrences of each list element in a tuple.,0.8619532585144043,8,,
42,"Write a function to get the frequency of all the elements in a list, returned as a dictionary.",359,Develop a function that checks if every dictionary in a list is empty.,0.8611750602722168,9,,
42,"Write a function to get the frequency of all the elements in a list, returned as a dictionary.",459,Create a function that calculates the sum of digits for every number in a list.,0.8609992861747742,10,,
42,"Write a function to get the frequency of all the elements in a list, returned as a dictionary.",518,Create a function that generates all possible combinations of elements from a given list.,0.8602125644683838,11,,
42,"Write a function to get the frequency of all the elements in a list, returned as a dictionary.",346,Create a function that multiplies all elements in a list and divides the result by the list's length.,0.859860897064209,12,,
42,"Write a function to get the frequency of all the elements in a list, returned as a dictionary.",209,Write a python function to count the occurence of all elements of list in a tuple.,0.8571059703826904,13,,
42,"Write a function to get the frequency of all the elements in a list, returned as a dictionary.",131,Write a function that takes in a list and element and checks whether all items in the list are equal to the given element.,0.8568463921546936,14,,
42,"Write a function to get the frequency of all the elements in a list, returned as a dictionary.",395,Develop a function that returns how many times a specific number appears in a list.,0.8557689785957336,15,,
42,"Write a function to get the frequency of all the elements in a list, returned as a dictionary.",23,Write a function to flatten a list and sum all of its elements.,0.855069637298584,16,,
42,"Write a function to get the frequency of all the elements in a list, returned as a dictionary.",504,Create a function that computes the cube of each element in a list.,0.8543018102645874,17,,
42,"Write a function to get the frequency of all the elements in a list, returned as a dictionary.",425,Create a function that checks if all elements in a list are the same as the given element.,0.8537390828132629,18,,
42,"Write a function to get the frequency of all the elements in a list, returned as a dictionary.",165,Write a function to compute the sum of digits of each number of a given list.,0.8535906076431274,19,,
42,"Write a function to get the frequency of all the elements in a list, returned as a dictionary.",299,Create a function that computes the square of each element in a list.,0.8532557487487793,20,,
44,Write a python function to find the length of the longest word.,338,Create a Python function to determine the maximum word length in a list.,0.935405969619751,1,,
44,Write a python function to find the length of the longest word.,246,Write a python function to find the length of the longest sublists.,0.9180361032485962,2,,
44,Write a python function to find the length of the longest word.,182,Write a python function to find element of a list having maximum length.,0.913981556892395,3,,
44,Write a python function to find the length of the longest word.,34,Write a python function to check whether the length of the word is odd or not.,0.8976944088935852,4,,
44,Write a python function to find the length of the longest word.,328,Create a Python function to determine if the length of a word is an odd number.,0.8969732522964478,5,,
44,Write a python function to find the length of the longest word.,155,Write a function to find the list with maximum length.,0.8865506649017334,6,,
44,Write a python function to find the length of the longest word.,49,Write a python function to find the length of the smallest list in a list of lists.,0.8833878040313721,7,,
44,Write a python function to find the length of the longest word.,76,Write a function to find words that are longer than n characters from a given list of words.,0.8753371238708496,8,,
44,Write a python function to find the length of the longest word.,135,Write a function to find the list of maximum length in a list of lists.,0.8738372325897217,9,,
44,Write a python function to find the length of the longest word.,4,Write a function to find all words which are at least 4 characters long in a string.,0.8701795935630798,10,,
44,Write a python function to find the length of the longest word.,219,Write a python function to find the sublist having minimum length.,0.8688878417015076,11,,
44,Write a python function to find the length of the longest word.,343,Develop a Python function to return the length of the shortest list among a list of lists.,0.8678048253059387,12,,
44,Write a python function to find the length of the longest word.,370,Create a function that returns all words longer than n characters from a string.,0.8630043268203735,13,,
44,Write a python function to find the length of the longest word.,476,Create a function that identifies the element with the greatest length in a list.,0.8578739166259766,14,,
44,Write a python function to find the length of the longest word.,151,Write a python function to find the maximum of two numbers.,0.8562355041503906,15,,
44,Write a python function to find the length of the longest word.,449,Create a function that determines which list in a collection of lists is the longest.,0.8559112548828125,16,,
44,Write a python function to find the length of the longest word.,16,Write a python function to find the largest number that can be formed with the given list of digits.,0.8550029993057251,17,,
44,Write a python function to find the length of the longest word.,198,Write a python function to find the last digit of a given number.,0.8545718789100647,18,,
44,Write a python function to find the length of the longest word.,282,Write a python function to find the first repeated character in a given string.,0.8529115915298462,19,,
44,Write a python function to find the length of the longest word.,19,Write a python function to count the number of substrings with the sum of digits equal to their length.,0.8498914837837219,20,,
50,Write a python function to find the number of divisors of a given integer.,344,Create a Python function that counts how many divisors a given integer has.,0.9705417156219482,1,,
50,Write a python function to find the number of divisors of a given integer.,74,Write a python function to find the sum of common divisors of two given numbers.,0.9213334918022156,2,,
50,Write a python function to find the number of divisors of a given integer.,140,Write a function to return the sum of all divisors of a number.,0.9047231674194336,3,,
50,Write a python function to find the number of divisors of a given integer.,368,Create a Python function that returns the sum of all common divisors of two numbers.,0.8967231512069702,4,,
50,Write a python function to find the number of divisors of a given integer.,434,Create a function that calculates the total sum of all divisors of a given number.,0.8965142965316772,5,,
50,Write a python function to find the number of divisors of a given integer.,238,Write a python function to find the first digit of a given number.,0.8909979462623596,6,,
50,Write a python function to find the number of divisors of a given integer.,33,Write a python function to find whether a number is divisible by 11.,0.8905871510505676,7,,
50,Write a python function to find the number of divisors of a given integer.,98,Write a function to determine if the sum of the divisors of two integers are the same.,0.8869268298149109,8,,
50,Write a python function to find the number of divisors of a given integer.,215,Write a python function to find the sum of even factors of a number.,0.883763313293457,9,,
50,Write a python function to find the number of divisors of a given integer.,198,Write a python function to find the last digit of a given number.,0.8833775520324707,10,,
50,Write a python function to find the number of divisors of a given integer.,243,Write a python function to find the sum of the per-digit difference between two integers.,0.8832617998123169,11,,
50,Write a python function to find the number of divisors of a given integer.,24,Write a python function to count the number of positive numbers in a list.,0.8771499395370483,12,,
50,Write a python function to find the number of divisors of a given integer.,16,Write a python function to find the largest number that can be formed with the given list of digits.,0.8734474778175354,13,,
50,Write a python function to find the number of divisors of a given integer.,171,Write a python function to find whether the parity of a given number is odd.,0.8697136640548706,14,,
50,Write a python function to find the number of divisors of a given integer.,19,Write a python function to count the number of substrings with the sum of digits equal to their length.,0.869430422782898,15,,
50,Write a python function to find the number of divisors of a given integer.,169,Write a python function to find the minimum of two numbers.,0.8692479133605957,16,,
50,Write a python function to find the number of divisors of a given integer.,392,Create a function that checks if two numbers have the same sum of divisors.,0.8661210536956787,17,,
50,Write a python function to find the number of divisors of a given integer.,141,Write a python function to count inversions in an array.,0.865435779094696,18,,
50,Write a python function to find the number of divisors of a given integer.,62,Write a python function to find the number of numbers with an odd value when rotating a binary string the given number of times.,0.8652166724205017,19,,
50,Write a python function to find the number of divisors of a given integer.,258,Write a python function to find the last digit in factorial of a given number.,0.864362895488739,20,,
51,"Write a function to find frequency of each element in a flattened list of lists, returned in a dictionary.",42,"Write a function to get the frequency of all the elements in a list, returned as a dictionary.",0.9508323669433594,1,,
51,"Write a function to find frequency of each element in a flattened list of lists, returned in a dictionary.",345,Develop a function that flattens a list of lists and returns a dictionary with the frequency of each element.,0.9507932662963867,2,,
51,"Write a function to find frequency of each element in a flattened list of lists, returned in a dictionary.",336,Create a function that counts how often each element appears in a list and returns the result as a dictionary.,0.9053345918655396,3,,
51,"Write a function to find frequency of each element in a flattened list of lists, returned in a dictionary.",78,Write a function to find the item with maximum frequency in a given list.,0.8789113759994507,4,,
51,"Write a function to find frequency of each element in a flattened list of lists, returned in a dictionary.",23,Write a function to flatten a list and sum all of its elements.,0.870654821395874,5,,
51,"Write a function to find frequency of each element in a flattened list of lists, returned in a dictionary.",90,Write a function to flatten the list of lists into a single set of numbers.,0.8682448863983154,6,,
51,"Write a function to find frequency of each element in a flattened list of lists, returned in a dictionary.",503,Create a function that tallies the occurrences of each list element in a tuple.,0.857679009437561,7,,
51,"Write a function to find frequency of each element in a flattened list of lists, returned in a dictionary.",224,Write a function to find all possible combinations of the elements of a given list.,0.8538731336593628,8,,
51,"Write a function to find frequency of each element in a flattened list of lists, returned in a dictionary.",436,Create a function that flattens a nested list into a single list with all the values.,0.8526039123535156,9,,
51,"Write a function to find frequency of each element in a flattened list of lists, returned in a dictionary.",372,Create a function that returns the most frequent item in a list.,0.8502366542816162,10,,
51,"Write a function to find frequency of each element in a flattened list of lists, returned in a dictionary.",5,Write a function to find squares of individual elements in a list.,0.8494901657104492,11,,
51,"Write a function to find frequency of each element in a flattened list of lists, returned in a dictionary.",359,Develop a function that checks if every dictionary in a list is empty.,0.8484039306640625,12,,
51,"Write a function to find frequency of each element in a flattened list of lists, returned in a dictionary.",299,Create a function that computes the square of each element in a list.,0.8483896851539612,13,,
51,"Write a function to find frequency of each element in a flattened list of lists, returned in a dictionary.",516,Create a function that retrieves the initial element from each sublist in a list of sublists.,0.8480810523033142,14,,
51,"Write a function to find frequency of each element in a flattened list of lists, returned in a dictionary.",395,Develop a function that returns how many times a specific number appears in a list.,0.8468289375305176,15,,
51,"Write a function to find frequency of each element in a flattened list of lists, returned in a dictionary.",504,Create a function that computes the cube of each element in a list.,0.8457026481628418,16,,
51,"Write a function to find frequency of each element in a flattened list of lists, returned in a dictionary.",317,Create a function that flattens a nested list and computes the total sum of its elements.,0.8456708788871765,17,,
51,"Write a function to find frequency of each element in a flattened list of lists, returned in a dictionary.",142,Write a function to flatten a given nested list structure.,0.8439633250236511,18,,
51,"Write a function to find frequency of each element in a flattened list of lists, returned in a dictionary.",210,Write a function to find cubes of individual elements in a list.,0.8439397811889648,19,,
51,"Write a function to find frequency of each element in a flattened list of lists, returned in a dictionary.",459,Create a function that calculates the sum of digits for every number in a list.,0.8436892032623291,20,,
54,"Write a function to find the next smallest palindrome of a specified integer, returned as an integer.",348,Create a function that returns the next palindrome greater than a given integer.,0.9190584421157837,1,,
54,"Write a function to find the next smallest palindrome of a specified integer, returned as an integer.",337,Develop a function that returns the largest integer less than a given number n.,0.8631097674369812,2,,
54,"Write a function to find the next smallest palindrome of a specified integer, returned as an integer.",43,Write a function to find the closest smaller number than n.,0.8604885935783386,3,,
54,"Write a function to find the next smallest palindrome of a specified integer, returned as an integer.",2,"Write a function to find the n largest integers from a given list of numbers, returned in descending order.",0.8576923608779907,4,,
54,"Write a function to find the next smallest palindrome of a specified integer, returned as an integer.",20,Write a python function to find smallest number in a list.,0.8524854183197021,5,,
54,"Write a function to find the next smallest palindrome of a specified integer, returned as an integer.",283,Write a function to get all lucid numbers smaller than or equal to a given integer.,0.850043535232544,6,,
54,"Write a function to find the next smallest palindrome of a specified integer, returned as an integer.",403,Develop a function that returns the smallest value among three given numbers.,0.8435142040252686,7,,
54,"Write a function to find the next smallest palindrome of a specified integer, returned as an integer.",198,Write a python function to find the last digit of a given number.,0.8414708375930786,8,,
54,"Write a function to find the next smallest palindrome of a specified integer, returned as an integer.",137,Write a python function to find quotient of two numbers (rounded down to the nearest integer).,0.8402659893035889,9,,
54,"Write a function to find the next smallest palindrome of a specified integer, returned as an integer.",627,Write a function to find the smallest max elements from seven arrays.,0.8353837728500366,10,,
54,"Write a function to find the next smallest palindrome of a specified integer, returned as an integer.",630,Write a function to find the smallest max elements from seven arrays.,0.8353837728500366,11,,
54,"Write a function to find the next smallest palindrome of a specified integer, returned as an integer.",50,Write a python function to find the number of divisors of a given integer.,0.8321154713630676,12,,
54,"Write a function to find the next smallest palindrome of a specified integer, returned as an integer.",492,Create a function that extracts the last digit from a given number.,0.8306049704551697,13,,
54,"Write a function to find the next smallest palindrome of a specified integer, returned as an integer.",66,Write a function to convert a given tuple of positive integers into a single integer.,0.830554723739624,14,,
54,"Write a function to find the next smallest palindrome of a specified integer, returned as an integer.",258,Write a python function to find the last digit in factorial of a given number.,0.8300613164901733,15,,
54,"Write a function to find the next smallest palindrome of a specified integer, returned as an integer.",48,"Given a list of tuples, write a function that returns the first value of the tuple with the smallest second value.",0.8295345902442932,16,,
54,"Write a function to find the next smallest palindrome of a specified integer, returned as an integer.",239,Write a python function which takes a list of integers and only returns the odd ones.,0.8292039036750793,17,,
54,"Write a function to find the next smallest palindrome of a specified integer, returned as an integer.",238,Write a python function to find the first digit of a given number.,0.8286566138267517,18,,
54,"Write a function to find the next smallest palindrome of a specified integer, returned as an integer.",463,Create a function that identifies the smaller of two given numbers.,0.8273804187774658,19,,
54,"Write a function to find the next smallest palindrome of a specified integer, returned as an integer.",172,Write a function to create the next bigger number by rearranging the digits of a given number.,0.827069878578186,20,,
55,Write a function to find the kth element in the given array using 1-based indexing.,349,"Develop a function that retrieves the kth element from an array, using 1-based indexing.",0.9499197006225586,1,,
55,Write a function to find the kth element in the given array using 1-based indexing.,278,Write a function to find kth element from the given two sorted arrays.,0.9143291711807251,2,,
55,Write a function to find the kth element in the given array using 1-based indexing.,572,Create a function that retrieves the kth element from the merged result of two sorted arrays.,0.8614230155944824,3,,
55,Write a function to find the kth element in the given array using 1-based indexing.,440,Create a function to identify the element at a specific index in an array after a series of rotations.,0.8438774347305298,4,,
55,Write a function to find the kth element in the given array using 1-based indexing.,421,"Create a function that checks whether an element exists in an array and returns (found, index) where index is -1 if not found.",0.8405930399894714,5,,
55,Write a function to find the kth element in the given array using 1-based indexing.,146,Write a python function to find element at a given index after number of rotations.,0.8386943340301514,6,,
55,Write a function to find the kth element in the given array using 1-based indexing.,173,Write a function to find k number of smallest pairs which consist of one element from the first array and one element from the second array.,0.8360342979431152,7,,
55,Write a function to find the kth element in the given array using 1-based indexing.,148,"Write a function to find the maximum sum of increasing subsequence from prefix until ith index and also including a given kth element which is after i, i.e., k > i .",0.8325716257095337,8,,
55,Write a function to find the kth element in the given array using 1-based indexing.,69,Write a python function to find the element that appears only once in a sorted array.,0.8275396823883057,9,,
55,Write a function to find the kth element in the given array using 1-based indexing.,583,Create a function that produces a list identical to the input list but with the k'th element excluded.,0.8262022733688354,10,,
55,Write a function to find the kth element in the given array using 1-based indexing.,178,Write a function to extract the nth element from a given list of tuples.,0.821211576461792,11,,
55,Write a function to find the kth element in the given array using 1-based indexing.,181,Write a function to find common first element in given list of tuple.,0.821122407913208,12,,
55,Write a function to find the kth element in the given array using 1-based indexing.,127,Write a function that takes in an array and element and returns a tuple containing a boolean that indicates if the element is in the array and the index position of the element (or -1 if the element is not found).,0.820488691329956,13,,
55,Write a function to find the kth element in the given array using 1-based indexing.,32,Write a function to find tuples which have all elements divisible by k from the given list of tuples.,0.8200635313987732,14,,
55,Write a function to find the kth element in the given array using 1-based indexing.,5,Write a function to find squares of individual elements in a list.,0.8191096782684326,15,,
55,Write a function to find the kth element in the given array using 1-based indexing.,13,Write a function to find whether a given array of integers contains any duplicate element.,0.8186480402946472,16,,
55,Write a function to find the kth element in the given array using 1-based indexing.,442,"Determine the highest sum of an increasing subsequence in an array, considering only elements up to index i and including a specified element at index k.",0.8175312876701355,17,,
55,Write a function to find the kth element in the given array using 1-based indexing.,210,Write a function to find cubes of individual elements in a list.,0.8158646821975708,18,,
55,Write a function to find the kth element in the given array using 1-based indexing.,467,Create a function that identifies k smallest pairs formed by elements from two arrays.,0.8157698512077332,19,,
55,Write a function to find the kth element in the given array using 1-based indexing.,326,Create a function that returns tuples from a list where every element is divisible by a given number k.,0.8140120506286621,20,,
57,"Write a function to find the Eulerian number a(n, m).",351,Develop a function to compute the Eulerian number for given n and m.,0.9188592433929443,1,,
57,"Write a function to find the Eulerian number a(n, m).",157,Write a function to find the n'th lucas number.,0.8458116054534912,2,,
57,"Write a function to find the Eulerian number a(n, m).",117,Write a function to find the n'th star number.,0.8400518894195557,3,,
57,"Write a function to find the Eulerian number a(n, m).",18,Write a function to find the nth octagonal number.,0.8339141607284546,4,,
57,"Write a function to find the Eulerian number a(n, m).",38,Write a function to find the nth number in the newman conway sequence.,0.8292052745819092,5,,
57,"Write a function to find the Eulerian number a(n, m).",126,Write a function to find the nth decagonal number.,0.8273068070411682,6,,
57,"Write a function to find the Eulerian number a(n, m).",35,Write a function to find the nth tetrahedral number.,0.823817789554596,7,,
57,"Write a function to find the Eulerian number a(n, m).",82,Write a function to find the nth hexagonal number.,0.8224886655807495,8,,
57,"Write a function to find the Eulerian number a(n, m).",43,Write a function to find the closest smaller number than n.,0.8190005421638489,9,,
57,"Write a function to find the Eulerian number a(n, m).",280,Write a function to find sum and average of first n natural numbers.,0.8189483880996704,10,,
57,"Write a function to find the Eulerian number a(n, m).",40,Write a function to find nth centered hexagonal number.,0.8120485544204712,11,,
57,"Write a function to find the Eulerian number a(n, m).",230,Write a python function to find the product of the array multiplication modulo n.,0.8108732104301453,12,,
57,"Write a function to find the Eulerian number a(n, m).",164,Write a function to find the median of three numbers.,0.8063846826553345,13,,
57,"Write a function to find the Eulerian number a(n, m).",205,Write a function to find the ration of positive numbers in an array of integers.,0.8053747415542603,14,,
57,"Write a function to find the Eulerian number a(n, m).",211,Write a function to calculate the sum of perrin numbers.,0.8047173023223877,15,,
57,"Write a function to find the Eulerian number a(n, m).",109,Write a function to find minimum of three numbers.,0.804358720779419,16,,
57,"Write a function to find the Eulerian number a(n, m).",186,Write a python function to find the average of cubes of first n natural numbers.,0.8028000593185425,17,,
57,"Write a function to find the Eulerian number a(n, m).",337,Develop a function that returns the largest integer less than a given number n.,0.8021760582923889,18,,
57,"Write a function to find the Eulerian number a(n, m).",451,Create a function that calculates and returns the lucas number at position n in the sequence.,0.8019055128097534,19,,
57,"Write a function to find the Eulerian number a(n, m).",288,Write a python function to find nth bell number.,0.7981170415878296,20,,
63,Write a function to find the common elements in given nested lists.,0,Write a function to find the shared elements from the given two lists.,0.9063167572021484,1,,
63,Write a function to find the common elements in given nested lists.,357,Develop a function that returns the elements shared by all nested lists.,0.9011578559875488,2,,
63,Write a function to find the common elements in given nested lists.,181,Write a function to find common first element in given list of tuple.,0.9007104635238647,3,,
63,Write a function to find the common elements in given nested lists.,526,"Create a function that finds common elements in tuples within a list, regardless of their order.",0.8887400031089783,4,,
63,Write a function to find the common elements in given nested lists.,224,Write a function to find all possible combinations of the elements of a given list.,0.8877432346343994,5,,
63,Write a function to find the common elements in given nested lists.,210,Write a function to find cubes of individual elements in a list.,0.8794223070144653,6,,
63,Write a function to find the common elements in given nested lists.,5,Write a function to find squares of individual elements in a list.,0.8780524730682373,7,,
63,Write a function to find the common elements in given nested lists.,294,Create a function that returns the elements found in both of the provided lists.,0.8700811862945557,8,,
63,Write a function to find the common elements in given nested lists.,488,Create a function that checks for any common element between two lists and returns true if found.,0.8627661466598511,9,,
63,Write a function to find the common elements in given nested lists.,194,Write a function that takes two lists and returns true if they have at least one common element.,0.8562690019607544,10,,
63,Write a function to find the common elements in given nested lists.,475,Create a function that identifies the shared first element in a list of tuples.,0.8548824787139893,11,,
63,Write a function to find the common elements in given nested lists.,518,Create a function that generates all possible combinations of elements from a given list.,0.8535786271095276,12,,
63,Write a function to find the common elements in given nested lists.,142,Write a function to flatten a given nested list structure.,0.8534289598464966,13,,
63,Write a function to find the common elements in given nested lists.,92,Write a function to find number of lists present in the given tuple.,0.850860059261322,14,,
63,Write a function to find the common elements in given nested lists.,29,Write a function to sort a list of elements.,0.8497700095176697,15,,
63,Write a function to find the common elements in given nested lists.,86,Write a function to sort a list of elements.,0.8497700095176697,16,,
63,Write a function to find the common elements in given nested lists.,425,Create a function that checks if all elements in a list are the same as the given element.,0.8495252132415771,17,,
63,Write a function to find the common elements in given nested lists.,317,Create a function that flattens a nested list and computes the total sum of its elements.,0.8493033647537231,18,,
63,Write a function to find the common elements in given nested lists.,436,Create a function that flattens a nested list into a single list with all the values.,0.8491294384002686,19,,
63,Write a function to find the common elements in given nested lists.,95,Write a function to remove all elements from a given list present in another list.,0.8478081822395325,20,,
64,Write a function to check if a string represents an integer or not.,358,Create a function that determines whether a string can be interpreted as an integer.,0.9350369572639465,1,,
64,Write a function to check if a string represents an integer or not.,285,Write a function to check if the given integer is a prime number.,0.897537112236023,2,,
64,Write a function to check if a string represents an integer or not.,46,Write a function to check whether the given number is undulating or not.,0.8954033851623535,3,,
64,Write a function to check if a string represents an integer or not.,281,Write a python function to check whether the given number is even or not.,0.8785891532897949,4,,
64,Write a function to check if a string represents an integer or not.,163,Write a function to check whether the given string starts and ends with the same character or not.,0.8766366243362427,5,,
64,Write a function to check if a string represents an integer or not.,279,Write a function to check whether the given number is armstrong or not.,0.873782753944397,6,,
64,Write a function to check if a string represents an integer or not.,179,Write a python function to check whether any value in a sequence exists in a sequence or not.,0.8718173503875732,7,,
64,Write a function to check if a string represents an integer or not.,17,Write a python function to check whether the given two integers have opposite sign or not.,0.8714637756347656,8,,
64,Write a function to check if a string represents an integer or not.,45,Write a function to check if a string is present as a substring in a given list of string values.,0.8703168034553528,9,,
64,Write a function to check if a string represents an integer or not.,579,Create a function that determines whether a given integer is prime.,0.8694537281990051,10,,
64,Write a function to check if a string represents an integer or not.,307,Create a function to check if an integer array has any repeated elements.,0.8670932054519653,11,,
64,Write a function to check if a string represents an integer or not.,311,Create a Python function to verify if two integers have different signs.,0.8620991706848145,12,,
64,Write a function to check if a string represents an integer or not.,30,Write a python function to check whether the given number can be represented as the difference of two squares or not.,0.8614702224731445,13,,
64,Write a function to check if a string represents an integer or not.,295,Develop a Python function that checks if a number is not a prime.,0.8613964915275574,14,,
64,Write a function to check if a string represents an integer or not.,13,Write a function to find whether a given array of integers contains any duplicate element.,0.8607650995254517,15,,
64,Write a function to check if a string represents an integer or not.,130,Write a python function takes in an integer and check whether the frequency of each digit in the integer is less than or equal to the digit itself.,0.8596267700195312,16,,
64,Write a function to check if a string represents an integer or not.,170,Write a function to check whether an element exists within a tuple.,0.8588176369667053,17,,
64,Write a function to check if a string represents an integer or not.,14,Write a function to check if the given number is woodball or not.,0.8583796620368958,18,,
64,Write a function to check if a string represents an integer or not.,340,Create a function to determine if a number is undulating (alternating digits).,0.8582725524902344,19,,
64,Write a function to check if a string represents an integer or not.,251,Write a function to check whether a specified list is sorted or not.,0.8578622341156006,20,,
65,Write a function to check whether all dictionaries in a list are empty or not.,359,Develop a function that checks if every dictionary in a list is empty.,0.9573521614074707,1,,
65,Write a function to check whether all dictionaries in a list are empty or not.,226,Write a function to check whether the given dictionary is empty,0.9334819316864014,2,,
65,Write a function to check whether all dictionaries in a list are empty or not.,263,Write a function to check if a dictionary is empty,0.9316054582595825,3,,
65,Write a function to check whether all dictionaries in a list are empty or not.,557,Create a function that verifies if a dictionary is empty.,0.9187987446784973,4,,
65,Write a function to check whether all dictionaries in a list are empty or not.,520,Create a function that verifies if a dictionary is empty.,0.9187987446784973,5,,
65,Write a function to check whether all dictionaries in a list are empty or not.,252,Write a function to create a list of N empty dictionaries.,0.9040340185165405,6,,
65,Write a function to check whether all dictionaries in a list are empty or not.,546,Create a function that generates a list containing N empty dictionaries.,0.8890407681465149,7,,
65,Write a function to check whether all dictionaries in a list are empty or not.,227,Write a function to drop empty items from a given dictionary.,0.8708831071853638,8,,
65,Write a function to check whether all dictionaries in a list are empty or not.,521,Create a function that removes entries with empty values from a dictionary.,0.8683415651321411,9,,
65,Write a function to check whether all dictionaries in a list are empty or not.,27,Write a function to check whether a list contains the given sublist or not.,0.860654890537262,10,,
65,Write a function to check whether all dictionaries in a list are empty or not.,251,Write a function to check whether a specified list is sorted or not.,0.858546257019043,11,,
65,Write a function to check whether all dictionaries in a list are empty or not.,42,"Write a function to get the frequency of all the elements in a list, returned as a dictionary.",0.852208137512207,12,,
65,Write a function to check whether all dictionaries in a list are empty or not.,161,Write a function to check if given tuple contains no duplicates.,0.8479658365249634,13,,
65,Write a function to check whether all dictionaries in a list are empty or not.,339,Develop a function to check if any string in a list contains a given substring.,0.8473576307296753,14,,
65,Write a function to check whether all dictionaries in a list are empty or not.,257,Write a python function to check whether a list is sublist of another or not.,0.8457826375961304,15,,
65,Write a function to check whether all dictionaries in a list are empty or not.,425,Create a function that checks if all elements in a list are the same as the given element.,0.8455307483673096,16,,
65,Write a function to check whether all dictionaries in a list are empty or not.,322,Develop a function to check if all tuples in a list have the same length.,0.8436889052391052,17,,
65,Write a function to check whether all dictionaries in a list are empty or not.,131,Write a function that takes in a list and element and checks whether all items in the list are equal to the given element.,0.8431651592254639,18,,
65,Write a function to check whether all dictionaries in a list are empty or not.,28,Write a function to find whether all the given tuples have equal length or not.,0.8414397835731506,19,,
65,Write a function to check whether all dictionaries in a list are empty or not.,128,Write a python function to check if the elements of a given list are unique or not.,0.8400368690490723,20,,
74,Write a python function to find the sum of common divisors of two given numbers.,368,Create a Python function that returns the sum of all common divisors of two numbers.,0.9660305976867676,1,,
74,Write a python function to find the sum of common divisors of two given numbers.,50,Write a python function to find the number of divisors of a given integer.,0.9213334918022156,2,,
74,Write a python function to find the sum of common divisors of two given numbers.,98,Write a function to determine if the sum of the divisors of two integers are the same.,0.913711667060852,3,,
74,Write a python function to find the sum of common divisors of two given numbers.,140,Write a function to return the sum of all divisors of a number.,0.8993156552314758,4,,
74,Write a python function to find the sum of common divisors of two given numbers.,392,Create a function that checks if two numbers have the same sum of divisors.,0.8986401557922363,5,,
74,Write a python function to find the sum of common divisors of two given numbers.,243,Write a python function to find the sum of the per-digit difference between two integers.,0.8976645469665527,6,,
74,Write a python function to find the sum of common divisors of two given numbers.,344,Create a Python function that counts how many divisors a given integer has.,0.8969131708145142,7,,
74,Write a python function to find the sum of common divisors of two given numbers.,434,Create a function that calculates the total sum of all divisors of a given number.,0.8965553641319275,8,,
74,Write a python function to find the sum of common divisors of two given numbers.,215,Write a python function to find the sum of even factors of a number.,0.8926756978034973,9,,
74,Write a python function to find the sum of common divisors of two given numbers.,169,Write a python function to find the minimum of two numbers.,0.8777550458908081,10,,
74,Write a python function to find the sum of common divisors of two given numbers.,119,Write a python function to find the sum of even numbers at even positions of a list.,0.8766782283782959,11,,
74,Write a python function to find the sum of common divisors of two given numbers.,151,Write a python function to find the maximum of two numbers.,0.8731182217597961,12,,
74,Write a python function to find the sum of common divisors of two given numbers.,378,Create a Python function to determine if a number can be written as a sum of non-zero powers of two.,0.8702039122581482,13,,
74,Write a python function to find the sum of common divisors of two given numbers.,273,Write a python function to find the sum of the product of consecutive binomial co-efficients.,0.8696029186248779,14,,
74,Write a python function to find the sum of common divisors of two given numbers.,137,Write a python function to find quotient of two numbers (rounded down to the nearest integer).,0.869307279586792,15,,
74,Write a python function to find the sum of common divisors of two given numbers.,102,Write a function to find the sum of numbers in a list within a range specified by two indices.,0.8639993667602539,16,,
74,Write a python function to find the sum of common divisors of two given numbers.,537,Create a function that computes the sum of differences between corresponding digits of two integers.,0.8617156744003296,17,,
74,Write a python function to find the sum of common divisors of two given numbers.,84,Write a python function to check whether the given number can be represented as sum of non-zero powers of 2 or not.,0.8592280745506287,18,,
74,Write a python function to find the sum of common divisors of two given numbers.,184,Write a python function to find the cube sum of first n even natural numbers.,0.85747891664505,19,,
74,Write a python function to find the sum of common divisors of two given numbers.,235,Write a python function to find the sum of the largest and smallest value in a given array.,0.8567061424255371,20,,
75,Write a function to multiply two integers.,369,Develop a function that multiplies two integers together.,0.9487301111221313,1,,
75,Write a function to multiply two integers.,445,Create a function that returns the larger of two given numbers.,0.8938131928443909,2,,
75,Write a function to multiply two integers.,202,Write a function to join a list of multiple integers into a single integer.,0.892170786857605,3,,
75,Write a function to multiply two integers.,151,Write a python function to find the maximum of two numbers.,0.8846631050109863,4,,
75,Write a function to multiply two integers.,66,Write a function to convert a given tuple of positive integers into a single integer.,0.8769941329956055,5,,
75,Write a function to multiply two integers.,537,Create a function that computes the sum of differences between corresponding digits of two integers.,0.8767473101615906,6,,
75,Write a function to multiply two integers.,169,Write a python function to find the minimum of two numbers.,0.8698538541793823,7,,
75,Write a function to multiply two integers.,502,Create a function that multiplies elements of two tuples at the same index together.,0.8688277006149292,8,,
75,Write a function to multiply two integers.,208,Write a function to perform index wise multiplication of tuple elements in the given two tuples.,0.868026077747345,9,,
75,Write a function to multiply two integers.,52,Write a function to multiply all the numbers in a list and divide with the length of the list.,0.8662919998168945,10,,
75,Write a function to multiply two integers.,98,Write a function to determine if the sum of the divisors of two integers are the same.,0.8642058372497559,11,,
75,Write a function to multiply two integers.,137,Write a python function to find quotient of two numbers (rounded down to the nearest integer).,0.8640714883804321,12,,
75,Write a function to multiply two integers.,129,Write a function to subtract two lists element-wise.,0.8637943267822266,13,,
75,Write a function to multiply two integers.,243,Write a python function to find the sum of the per-digit difference between two integers.,0.8622620105743408,14,,
75,Write a function to multiply two integers.,496,Create a function that concatenates multiple integers from a list into one single integer.,0.8609580993652344,15,,
75,Write a function to multiply two integers.,250,Write a function to get the sum of the digits of a non-negative integer.,0.8604271411895752,16,,
75,Write a function to multiply two integers.,463,Create a function that identifies the smaller of two given numbers.,0.8595277070999146,17,,
75,Write a function to multiply two integers.,201,Write a function to count bidirectional tuple pairs.,0.8593751788139343,18,,
75,Write a function to multiply two integers.,431,"Develop a function that calculates the quotient of two numbers, rounding down to the nearest whole number.",0.8582456111907959,19,,
75,Write a function to multiply two integers.,270,Write a function to find perfect squares between two given numbers.,0.8578667640686035,20,,
76,Write a function to find words that are longer than n characters from a given list of words.,370,Create a function that returns all words longer than n characters from a string.,0.942728579044342,1,,
76,Write a function to find words that are longer than n characters from a given list of words.,4,Write a function to find all words which are at least 4 characters long in a string.,0.90632164478302,2,,
76,Write a function to find words that are longer than n characters from a given list of words.,298,Write a function that extracts all words with a minimum length of four characters from a string.,0.8890866041183472,3,,
76,Write a function to find words that are longer than n characters from a given list of words.,44,Write a python function to find the length of the longest word.,0.8753371238708496,4,,
76,Write a function to find words that are longer than n characters from a given list of words.,135,Write a function to find the list of maximum length in a list of lists.,0.8672829866409302,5,,
76,Write a function to find words that are longer than n characters from a given list of words.,155,Write a function to find the list with maximum length.,0.8603365421295166,6,,
76,Write a function to find words that are longer than n characters from a given list of words.,506,Create a function that retrieves strings of a certain length from a list.,0.8586331605911255,7,,
76,Write a function to find words that are longer than n characters from a given list of words.,338,Create a Python function to determine the maximum word length in a list.,0.8572095632553101,8,,
76,Write a function to find words that are longer than n characters from a given list of words.,212,Write a function to extract specified size of strings from a given list of string values.,0.8475943207740784,9,,
76,Write a function to find words that are longer than n characters from a given list of words.,43,Write a function to find the closest smaller number than n.,0.8456616401672363,10,,
76,Write a function to find words that are longer than n characters from a given list of words.,284,Write a function to reverse words seperated by spaces in a given string.,0.8452701568603516,11,,
76,Write a function to find words that are longer than n characters from a given list of words.,147,Write a function to return two words from a list of words starting with letter 'p'.,0.839866042137146,12,,
76,Write a function to find words that are longer than n characters from a given list of words.,2,"Write a function to find the n largest integers from a given list of numbers, returned in descending order.",0.8386045694351196,13,,
76,Write a function to find words that are longer than n characters from a given list of words.,362,Create a function that splits a string into a list of words using spaces as separators.,0.8372883796691895,14,,
76,Write a function to find words that are longer than n characters from a given list of words.,517,Create a function that tallies the number of uppercase characters in a string.,0.8372267484664917,15,,
76,Write a function to find words that are longer than n characters from a given list of words.,124,Write a function that takes in a dictionary and integer n and filters the dictionary to only include entries with values greater than or equal to n.,0.8361606597900391,16,,
76,Write a function to find words that are longer than n characters from a given list of words.,182,Write a python function to find element of a list having maximum length.,0.8359913229942322,17,,
76,Write a function to find words that are longer than n characters from a given list of words.,449,Create a function that determines which list in a collection of lists is the longest.,0.8345903158187866,18,,
76,Write a function to find words that are longer than n characters from a given list of words.,68,Write a function to convert a string to a list of strings split on the space character.,0.832473635673523,19,,
76,Write a function to find words that are longer than n characters from a given list of words.,246,Write a python function to find the length of the longest sublists.,0.8313928842544556,20,,
78,Write a function to find the item with maximum frequency in a given list.,155,Write a function to find the list with maximum length.,0.9121420979499817,1,,
78,Write a function to find the item with maximum frequency in a given list.,135,Write a function to find the list of maximum length in a list of lists.,0.9109705686569214,2,,
78,Write a function to find the item with maximum frequency in a given list.,372,Create a function that returns the most frequent item in a list.,0.9046036005020142,3,,
78,Write a function to find the item with maximum frequency in a given list.,139,Write a function to find the maximum value in a given heterogeneous list.,0.8998955488204956,4,,
78,Write a function to find the item with maximum frequency in a given list.,476,Create a function that identifies the element with the greatest length in a list.,0.8910235166549683,5,,
78,Write a function to find the item with maximum frequency in a given list.,182,Write a python function to find element of a list having maximum length.,0.885854959487915,6,,
78,Write a function to find the item with maximum frequency in a given list.,42,"Write a function to get the frequency of all the elements in a list, returned as a dictionary.",0.8820159435272217,7,,
78,Write a function to find the item with maximum frequency in a given list.,51,"Write a function to find frequency of each element in a flattened list of lists, returned in a dictionary.",0.8789113759994507,8,,
78,Write a function to find the item with maximum frequency in a given list.,449,Create a function that determines which list in a collection of lists is the longest.,0.869284987449646,9,,
78,Write a function to find the item with maximum frequency in a given list.,175,Write a function to find the minimum value in a given heterogeneous list.,0.8686378002166748,10,,
78,Write a function to find the item with maximum frequency in a given list.,225,Write a function to find the maximum product subarray of the given array.,0.8663378357887268,11,,
78,Write a function to find the item with maximum frequency in a given list.,500,Create a function that identifies the largest negative number in a list.,0.866093635559082,12,,
78,Write a function to find the item with maximum frequency in a given list.,101,Write a function to count the number of occurrences of a number in a given list.,0.8646577596664429,13,,
78,Write a function to find the item with maximum frequency in a given list.,266,Write a function to find the n most expensive items in a given dataset.,0.8621715307235718,14,,
78,Write a function to find the item with maximum frequency in a given list.,620,Write a function to find the biggest max elements from seven arrays.,0.8597738146781921,15,,
78,Write a function to find the item with maximum frequency in a given list.,624,Write a function to find the biggest max elements from seven arrays.,0.8597738146781921,16,,
78,Write a function to find the item with maximum frequency in a given list.,563,Create a function that calculates the difference between the maximum and minimum values in a list.,0.857945442199707,17,,
78,Write a function to find the item with maximum frequency in a given list.,617,Write a function to find the biggest max elements from nine arrays.,0.8571629524230957,18,,
78,Write a function to find the item with maximum frequency in a given list.,395,Develop a function that returns how many times a specific number appears in a list.,0.8571073412895203,19,,
78,Write a function to find the item with maximum frequency in a given list.,70,Write a function to find the maximum absolute product between numbers in pairs of tuples within a given list.,0.8566836714744568,20,,
82,Write a function to find the nth hexagonal number.,40,Write a function to find nth centered hexagonal number.,0.9778345823287964,1,,
82,Write a function to find the nth hexagonal number.,376,Create a function that computes the nth hexagonal number.,0.9624814391136169,2,,
82,Write a function to find the nth hexagonal number.,18,Write a function to find the nth octagonal number.,0.9437713623046875,3,,
82,Write a function to find the nth hexagonal number.,334,Create a function that returns the nth centered hexagonal number.,0.9419351816177368,4,,
82,Write a function to find the nth hexagonal number.,126,Write a function to find the nth decagonal number.,0.9407271146774292,5,,
82,Write a function to find the nth hexagonal number.,35,Write a function to find the nth tetrahedral number.,0.9071110486984253,6,,
82,Write a function to find the nth hexagonal number.,312,Implement a function that calculates the nth octagonal number.,0.9001232385635376,7,,
82,Write a function to find the nth hexagonal number.,117,Write a function to find the n'th star number.,0.8919185400009155,8,,
82,Write a function to find the nth hexagonal number.,420,Implement a function that returns the nth decagonal number.,0.8874891400337219,9,,
82,Write a function to find the nth hexagonal number.,38,Write a function to find the nth number in the newman conway sequence.,0.8775622248649597,10,,
82,Write a function to find the nth hexagonal number.,288,Write a python function to find nth bell number.,0.8763294219970703,11,,
82,Write a function to find the nth hexagonal number.,329,Implement a function to calculate the nth tetrahedral number.,0.8748054504394531,12,,
82,Write a function to find the nth hexagonal number.,582,Create a function that computes the nth Bell number.,0.8702423572540283,13,,
82,Write a function to find the nth hexagonal number.,157,Write a function to find the n'th lucas number.,0.8700237274169922,14,,
82,Write a function to find the nth hexagonal number.,411,Develop a function that computes the nth star number.,0.8690842390060425,15,,
82,Write a function to find the nth hexagonal number.,558,Create a function that computes the nth Catalan number.,0.8673229217529297,16,,
82,Write a function to find the nth hexagonal number.,264,Write a function which returns nth catalan number.,0.8576657772064209,17,,
82,Write a function to find the nth hexagonal number.,332,Create a function to compute the nth value in the Newman-Conway sequence.,0.8422225713729858,18,,
82,Write a function to find the nth hexagonal number.,238,Write a python function to find the first digit of a given number.,0.8388914465904236,19,,
82,Write a function to find the nth hexagonal number.,72,Write a function to get the angle of a complex number.,0.8388320207595825,20,,
83,Write a function to find the ratio of zeroes to non-zeroes in an array of integers.,377,Develop a function that calculates the ratio of zeros to non-zeros in an integer array.,0.9593656063079834,1,,
83,Write a function to find the ratio of zeroes to non-zeroes in an array of integers.,205,Write a function to find the ration of positive numbers in an array of integers.,0.9176149368286133,2,,
83,Write a function to find the ratio of zeroes to non-zeroes in an array of integers.,499,Create a function that calculates the ratio of positive numbers in an array of integers.,0.9100297689437866,3,,
83,Write a function to find the ratio of zeroes to non-zeroes in an array of integers.,250,Write a function to get the sum of the digits of a non-negative integer.,0.8827369213104248,4,,
83,Write a function to find the ratio of zeroes to non-zeroes in an array of integers.,544,Create a function that computes the sum of all digits in a non-negative integer.,0.8625507950782776,5,,
83,Write a function to find the ratio of zeroes to non-zeroes in an array of integers.,81,Write a function to calculate the sum of the negative numbers of a given list of numbers.,0.8538980484008789,6,,
83,Write a function to find the ratio of zeroes to non-zeroes in an array of integers.,367,Develop a function that finds the largest difference between the count of zeros and ones in any substring of a binary string.,0.8525401949882507,7,,
83,Write a function to find the ratio of zeroes to non-zeroes in an array of integers.,100,Write a function that counts the number of pairs of integers in a list that xor to an even number.,0.8495330810546875,8,,
83,Write a function to find the ratio of zeroes to non-zeroes in an array of integers.,378,Create a Python function to determine if a number can be written as a sum of non-zero powers of two.,0.8487941026687622,9,,
83,Write a function to find the ratio of zeroes to non-zeroes in an array of integers.,53,"Write a function to convert the given decimal number to its binary equivalent, represented as a string with no leading zeros.",0.845818042755127,10,,
83,Write a function to find the ratio of zeroes to non-zeroes in an array of integers.,542,Create a function that counts the number of unordered pairs in a list of integers where the two integers are different.,0.8442510962486267,11,,
83,Write a function to find the ratio of zeroes to non-zeroes in an array of integers.,347,Develop a function that converts a decimal number to its binary string representation without leading zeros.,0.8403282165527344,12,,
83,Write a function to find the ratio of zeroes to non-zeroes in an array of integers.,13,Write a function to find whether a given array of integers contains any duplicate element.,0.8400682210922241,13,,
83,Write a function to find the ratio of zeroes to non-zeroes in an array of integers.,283,Write a function to get all lucid numbers smaller than or equal to a given integer.,0.8388880491256714,14,,
83,Write a function to find the ratio of zeroes to non-zeroes in an array of integers.,73,Write a function to find the maximum difference between the number of 0s and number of 1s in any sub-string of the given binary string.,0.8386725187301636,15,,
83,Write a function to find the ratio of zeroes to non-zeroes in an array of integers.,382,Create a Python function to determine if a number has all bits set to zero within a specified range.,0.838058590888977,16,,
83,Write a function to find the ratio of zeroes to non-zeroes in an array of integers.,84,Write a python function to check whether the given number can be represented as sum of non-zero powers of 2 or not.,0.8362843990325928,17,,
83,Write a function to find the ratio of zeroes to non-zeroes in an array of integers.,137,Write a python function to find quotient of two numbers (rounded down to the nearest integer).,0.8361735939979553,18,,
83,Write a function to find the ratio of zeroes to non-zeroes in an array of integers.,474,Create a function that identifies the pair of integers in an array that yields the highest product.,0.8359752893447876,19,,
83,Write a function to find the ratio of zeroes to non-zeroes in an array of integers.,66,Write a function to convert a given tuple of positive integers into a single integer.,0.8358259201049805,20,,
88,Write a python function to check whether all the bits are unset in the given range or not.,382,Create a Python function to determine if a number has all bits set to zero within a specified range.,0.9236043691635132,1,,
88,Write a python function to check whether all the bits are unset in the given range or not.,3,Write a python function to check whether the two numbers differ at one bit position only or not.,0.8837426900863647,2,,
88,Write a python function to check whether all the bits are unset in the given range or not.,153,Write a python function to set the left most unset bit.,0.883029580116272,3,,
88,Write a python function to check whether all the bits are unset in the given range or not.,179,Write a python function to check whether any value in a sequence exists in a sequence or not.,0.8755680322647095,4,,
88,Write a python function to check whether all the bits are unset in the given range or not.,128,Write a python function to check if the elements of a given list are unique or not.,0.8618528842926025,5,,
88,Write a python function to check whether all the bits are unset in the given range or not.,130,Write a python function takes in an integer and check whether the frequency of each digit in the integer is less than or equal to the digit itself.,0.8602128028869629,6,,
88,Write a python function to check whether all the bits are unset in the given range or not.,281,Write a python function to check whether the given number is even or not.,0.8595832586288452,7,,
88,Write a python function to check whether all the bits are unset in the given range or not.,26,Write a python function to check whether the given array is monotonic or not.,0.8545682430267334,8,,
88,Write a python function to check whether all the bits are unset in the given range or not.,46,Write a function to check whether the given number is undulating or not.,0.8500990271568298,9,,
88,Write a python function to check whether all the bits are unset in the given range or not.,297,Create a Python function to determine if two numbers differ by exactly one bit position.,0.8497310876846313,10,,
88,Write a python function to check whether all the bits are unset in the given range or not.,422,Develop a Python function that determines whether all elements in a list are unique.,0.8476364612579346,11,,
88,Write a python function to check whether all the bits are unset in the given range or not.,84,Write a python function to check whether the given number can be represented as sum of non-zero powers of 2 or not.,0.8459371328353882,12,,
88,Write a python function to check whether all the bits are unset in the given range or not.,257,Write a python function to check whether a list is sublist of another or not.,0.8435704708099365,13,,
88,Write a python function to check whether all the bits are unset in the given range or not.,15,Write a python function to check if a given number is one less than twice its reverse.,0.8432576656341553,14,,
88,Write a python function to check whether all the bits are unset in the given range or not.,17,Write a python function to check whether the given two integers have opposite sign or not.,0.8417258262634277,15,,
88,Write a python function to check whether all the bits are unset in the given range or not.,231,Write a python function to check whether the given list contains consecutive numbers or not.,0.8397876620292664,16,,
88,Write a python function to check whether all the bits are unset in the given range or not.,65,Write a function to check whether all dictionaries in a list are empty or not.,0.8374947905540466,17,,
88,Write a python function to check whether all the bits are unset in the given range or not.,378,Create a Python function to determine if a number can be written as a sum of non-zero powers of two.,0.8363583087921143,18,,
88,Write a python function to check whether all the bits are unset in the given range or not.,295,Develop a Python function that checks if a number is not a prime.,0.8356757164001465,19,,
88,Write a python function to check whether all the bits are unset in the given range or not.,30,Write a python function to check whether the given number can be represented as the difference of two squares or not.,0.8352893590927124,20,,
93,Write a python function to find the maximum difference between any two elements in a given array.,387,Develop a Python function to get the largest difference between any two elements in an array.,0.9682389497756958,1,,
93,Write a python function to find the maximum difference between any two elements in a given array.,269,Write a python function to find the difference between largest and smallest value in a given list.,0.9007077217102051,2,,
93,Write a python function to find the maximum difference between any two elements in a given array.,243,Write a python function to find the sum of the per-digit difference between two integers.,0.8927550315856934,3,,
93,Write a python function to find the maximum difference between any two elements in a given array.,235,Write a python function to find the sum of the largest and smallest value in a given array.,0.8923380970954895,4,,
93,Write a python function to find the maximum difference between any two elements in a given array.,151,Write a python function to find the maximum of two numbers.,0.8919407725334167,5,,
93,Write a python function to find the maximum difference between any two elements in a given array.,21,Write a function to find the maximum difference between available pairs in the given tuple list.,0.8873724937438965,6,,
93,Write a python function to find the maximum difference between any two elements in a given array.,180,Write a python function to find a pair with highest product from a given array of integers.,0.8858999609947205,7,,
93,Write a python function to find the maximum difference between any two elements in a given array.,182,Write a python function to find element of a list having maximum length.,0.8789302110671997,8,,
93,Write a python function to find the maximum difference between any two elements in a given array.,563,Create a function that calculates the difference between the maximum and minimum values in a list.,0.873806357383728,9,,
93,Write a python function to find the maximum difference between any two elements in a given array.,315,Create a function that returns the largest difference among pairs in a list of tuples.,0.8714784383773804,10,,
93,Write a python function to find the maximum difference between any two elements in a given array.,169,Write a python function to find the minimum of two numbers.,0.8687999248504639,11,,
93,Write a python function to find the maximum difference between any two elements in a given array.,624,Write a function to find the biggest max elements from seven arrays.,0.8649953603744507,12,,
93,Write a python function to find the maximum difference between any two elements in a given array.,620,Write a function to find the biggest max elements from seven arrays.,0.8649953603744507,13,,
93,Write a python function to find the maximum difference between any two elements in a given array.,3,Write a python function to check whether the two numbers differ at one bit position only or not.,0.8631606698036194,14,,
93,Write a python function to find the maximum difference between any two elements in a given array.,70,Write a function to find the maximum absolute product between numbers in pairs of tuples within a given list.,0.8624985814094543,15,,
93,Write a python function to find the maximum difference between any two elements in a given array.,617,Write a function to find the biggest max elements from nine arrays.,0.8612659573554993,16,,
93,Write a python function to find the maximum difference between any two elements in a given array.,297,Create a Python function to determine if two numbers differ by exactly one bit position.,0.8596892952919006,17,,
93,Write a python function to find the maximum difference between any two elements in a given array.,324,Create a Python function to determine if a number can be written as the difference of two squares.,0.8587139844894409,18,,
93,Write a python function to find the maximum difference between any two elements in a given array.,225,Write a function to find the maximum product subarray of the given array.,0.8579666614532471,19,,
93,Write a python function to find the maximum difference between any two elements in a given array.,627,Write a function to find the smallest max elements from seven arrays.,0.8579146265983582,20,,
94,"Write a function that returns integers x and y that satisfy ax + by = n as a tuple, or return None if no solution exists.",388,"Create a function that finds integers x and y such that ax plus by equals n, or returns None if not possible.",0.9254068732261658,1,,
94,"Write a function that returns integers x and y that satisfy ax + by = n as a tuple, or return None if no solution exists.",127,Write a function that takes in an array and element and returns a tuple containing a boolean that indicates if the element is in the array and the index position of the element (or -1 if the element is not found).,0.8296195268630981,2,,
94,"Write a function that returns integers x and y that satisfy ax + by = n as a tuple, or return None if no solution exists.",66,Write a function to convert a given tuple of positive integers into a single integer.,0.8278766870498657,3,,
94,"Write a function that returns integers x and y that satisfy ax + by = n as a tuple, or return None if no solution exists.",112,"Write a function that takes in a list and an integer n and splits the given list into two parts where the length of the first part of the list is L, and returns the resulting lists in a tuple.",0.8260464072227478,4,,
94,"Write a function that returns integers x and y that satisfy ax + by = n as a tuple, or return None if no solution exists.",89,Write a python function that takes in a positive integer n and finds the sum of even index binomial coefficients.,0.8254261016845703,5,,
94,"Write a function that returns integers x and y that satisfy ax + by = n as a tuple, or return None if no solution exists.",390,"Create a function that sums n, n-2, n-4, and so on, stopping when the result is less than or equal to zero.",0.8233482241630554,6,,
94,"Write a function that returns integers x and y that satisfy ax + by = n as a tuple, or return None if no solution exists.",134,Write a python function takes in an integer n and returns the sum of squares of first n even natural numbers.,0.8203350305557251,7,,
94,"Write a function that returns integers x and y that satisfy ax + by = n as a tuple, or return None if no solution exists.",416,Create a function that subtracts corresponding elements of two tuples and returns the result as a tuple.,0.8189955949783325,8,,
94,"Write a function that returns integers x and y that satisfy ax + by = n as a tuple, or return None if no solution exists.",337,Develop a function that returns the largest integer less than a given number n.,0.813834547996521,9,,
94,"Write a function that returns integers x and y that satisfy ax + by = n as a tuple, or return None if no solution exists.",383,Create a Python function to compute the sum of binomial coefficients at even indices for a given positive integer n.,0.812580943107605,10,,
94,"Write a function that returns integers x and y that satisfy ax + by = n as a tuple, or return None if no solution exists.",70,Write a function to find the maximum absolute product between numbers in pairs of tuples within a given list.,0.8120782375335693,11,,
94,"Write a function that returns integers x and y that satisfy ax + by = n as a tuple, or return None if no solution exists.",116,Write a python function that takes in an integer n and returns the sum of the squares of the first n odd natural numbers.,0.8120474219322205,12,,
94,"Write a function that returns integers x and y that satisfy ax + by = n as a tuple, or return None if no solution exists.",360,Create a function that joins all numbers in a tuple into one integer.,0.8118810653686523,13,,
94,"Write a function that returns integers x and y that satisfy ax + by = n as a tuple, or return None if no solution exists.",48,"Given a list of tuples, write a function that returns the first value of the tuple with the smallest second value.",0.8118318319320679,14,,
94,"Write a function that returns integers x and y that satisfy ax + by = n as a tuple, or return None if no solution exists.",486,Create a function that retrieves the element-wise AND results of two tuples.,0.8116137981414795,15,,
94,"Write a function that returns integers x and y that satisfy ax + by = n as a tuple, or return None if no solution exists.",378,Create a Python function to determine if a number can be written as a sum of non-zero powers of two.,0.8109148740768433,16,,
94,"Write a function that returns integers x and y that satisfy ax + by = n as a tuple, or return None if no solution exists.",326,Create a function that returns tuples from a list where every element is divisible by a given number k.,0.8092939257621765,17,,
94,"Write a function that returns integers x and y that satisfy ax + by = n as a tuple, or return None if no solution exists.",161,Write a function to check if given tuple contains no duplicates.,0.8089283108711243,18,,
94,"Write a function that returns integers x and y that satisfy ax + by = n as a tuple, or return None if no solution exists.",248,Write a python function which takes a list of integers and counts the number of possible unordered pairs where both elements are unequal.,0.8088445663452148,19,,
94,"Write a function that returns integers x and y that satisfy ax + by = n as a tuple, or return None if no solution exists.",250,Write a function to get the sum of the digits of a non-negative integer.,0.8079195618629456,20,,
95,Write a function to remove all elements from a given list present in another list.,389,Develop a function that removes every element from one list that also appears in a second list.,0.9405845403671265,1,,
95,Write a function to remove all elements from a given list present in another list.,224,Write a function to find all possible combinations of the elements of a given list.,0.878763735294342,2,,
95,Write a function to remove all elements from a given list present in another list.,254,Write a python function to remove duplicate numbers from a given number of lists.,0.8782951235771179,3,,
95,Write a function to remove all elements from a given list present in another list.,177,Write a python function to remove odd numbers from a given list.,0.8759844303131104,4,,
95,Write a function to remove all elements from a given list present in another list.,129,Write a function to subtract two lists element-wise.,0.8730015158653259,5,,
95,Write a function to remove all elements from a given list present in another list.,518,Create a function that generates all possible combinations of elements from a given list.,0.8725799322128296,6,,
95,Write a function to remove all elements from a given list present in another list.,384,Create a function that merges all numbers from a list of lists into a single set.,0.8675983548164368,7,,
95,Write a function to remove all elements from a given list present in another list.,158,Write a function to apply a given format string to all of the elements in a list.,0.8652865886688232,8,,
95,Write a function to remove all elements from a given list present in another list.,415,Develop a function that extracts the last element from each tuple in a list.,0.864092230796814,9,,
95,Write a function to remove all elements from a given list present in another list.,12,Write a function to remove characters from the first string which are present in the second string.,0.8607239723205566,10,,
95,Write a function to remove all elements from a given list present in another list.,548,Create a function that filters out duplicate numbers from multiple lists.,0.8604088425636292,11,,
95,Write a function to remove all elements from a given list present in another list.,86,Write a function to sort a list of elements.,0.8602226376533508,12,,
95,Write a function to remove all elements from a given list present in another list.,29,Write a function to sort a list of elements.,0.8602226376533508,13,,
95,Write a function to remove all elements from a given list present in another list.,354,Create a function that appends all elements of a list to a tuple.,0.859279990196228,14,,
95,Write a function to remove all elements from a given list present in another list.,131,Write a function that takes in a list and element and checks whether all items in the list are equal to the given element.,0.8580067157745361,15,,
95,Write a function to remove all elements from a given list present in another list.,425,Create a function that checks if all elements in a list are the same as the given element.,0.8575588464736938,16,,
95,Write a function to remove all elements from a given list present in another list.,483,Create a function that filters out odd numbers from a list.,0.8573712110519409,17,,
95,Write a function to remove all elements from a given list present in another list.,471,Create a function that filters out odd numbers from a list.,0.8573712110519409,18,,
95,Write a function to remove all elements from a given list present in another list.,306,Develop a function that deletes all characters from the first string that also appear in the second string.,0.8569968342781067,19,,
95,Write a function to remove all elements from a given list present in another list.,352,Create a function that sorts every sublist of strings within a list of lists.,0.8569000959396362,20,,
98,Write a function to determine if the sum of the divisors of two integers are the same.,392,Create a function that checks if two numbers have the same sum of divisors.,0.9598499536514282,1,,
98,Write a function to determine if the sum of the divisors of two integers are the same.,74,Write a python function to find the sum of common divisors of two given numbers.,0.913711667060852,2,,
98,Write a function to determine if the sum of the divisors of two integers are the same.,140,Write a function to return the sum of all divisors of a number.,0.9030271768569946,3,,
98,Write a function to determine if the sum of the divisors of two integers are the same.,434,Create a function that calculates the total sum of all divisors of a given number.,0.8968279957771301,4,,
98,Write a function to determine if the sum of the divisors of two integers are the same.,368,Create a Python function that returns the sum of all common divisors of two numbers.,0.8910551071166992,5,,
98,Write a function to determine if the sum of the divisors of two integers are the same.,50,Write a python function to find the number of divisors of a given integer.,0.8869268298149109,6,,
98,Write a function to determine if the sum of the divisors of two integers are the same.,537,Create a function that computes the sum of differences between corresponding digits of two integers.,0.8831355571746826,7,,
98,Write a function to determine if the sum of the divisors of two integers are the same.,344,Create a Python function that counts how many divisors a given integer has.,0.8760546445846558,8,,
98,Write a function to determine if the sum of the divisors of two integers are the same.,243,Write a python function to find the sum of the per-digit difference between two integers.,0.8721892833709717,9,,
98,Write a function to determine if the sum of the divisors of two integers are the same.,75,Write a function to multiply two integers.,0.8642058372497559,10,,
98,Write a function to determine if the sum of the divisors of two integers are the same.,378,Create a Python function to determine if a number can be written as a sum of non-zero powers of two.,0.8638185262680054,11,,
98,Write a function to determine if the sum of the divisors of two integers are the same.,250,Write a function to get the sum of the digits of a non-negative integer.,0.86098712682724,12,,
98,Write a function to determine if the sum of the divisors of two integers are the same.,13,Write a function to find whether a given array of integers contains any duplicate element.,0.8590806722640991,13,,
98,Write a function to determine if the sum of the divisors of two integers are the same.,311,Create a Python function to verify if two integers have different signs.,0.8575538396835327,14,,
98,Write a function to determine if the sum of the divisors of two integers are the same.,215,Write a python function to find the sum of even factors of a number.,0.8564659357070923,15,,
98,Write a function to determine if the sum of the divisors of two integers are the same.,102,Write a function to find the sum of numbers in a list within a range specified by two indices.,0.8551418781280518,16,,
98,Write a function to determine if the sum of the divisors of two integers are the same.,587,Create a function that counts the number of indices at which two lists have the same value.,0.8537195920944214,17,,
98,Write a function to determine if the sum of the divisors of two integers are the same.,30,Write a python function to check whether the given number can be represented as the difference of two squares or not.,0.8532694578170776,18,,
98,Write a function to determine if the sum of the divisors of two integers are the same.,17,Write a python function to check whether the given two integers have opposite sign or not.,0.852337121963501,19,,
98,Write a function to determine if the sum of the divisors of two integers are the same.,285,Write a function to check if the given integer is a prime number.,0.8521658182144165,20,,
100,Write a function that counts the number of pairs of integers in a list that xor to an even number.,535,Create a function that counts the number of pairs in a list that have an odd XOR value.,0.9257104396820068,1,,
100,Write a function that counts the number of pairs of integers in a list that xor to an even number.,394,Create a function that counts all pairs in a list whose XOR result is even.,0.9246258735656738,2,,
100,Write a function that counts the number of pairs of integers in a list that xor to an even number.,241,Write a python function to count the number of pairs whose xor value is odd.,0.9190560579299927,3,,
100,Write a function that counts the number of pairs of integers in a list that xor to an even number.,542,Create a function that counts the number of unordered pairs in a list of integers where the two integers are different.,0.8977701663970947,4,,
100,Write a function that counts the number of pairs of integers in a list that xor to an even number.,119,Write a python function to find the sum of even numbers at even positions of a list.,0.8822466135025024,5,,
100,Write a function that counts the number of pairs of integers in a list that xor to an even number.,248,Write a python function which takes a list of integers and counts the number of possible unordered pairs where both elements are unequal.,0.8783361911773682,6,,
100,Write a function that counts the number of pairs of integers in a list that xor to an even number.,569,Create a function that calculates the difference between the first even and first odd number in a list.,0.8688600659370422,7,,
100,Write a function that counts the number of pairs of integers in a list that xor to an even number.,275,Write a function to find the difference of the first even and first odd number of a given list.,0.8679665327072144,8,,
100,Write a function that counts the number of pairs of integers in a list that xor to an even number.,215,Write a python function to find the sum of even factors of a number.,0.8608238697052002,9,,
100,Write a function that counts the number of pairs of integers in a list that xor to an even number.,202,Write a function to join a list of multiple integers into a single integer.,0.859300971031189,10,,
100,Write a function that counts the number of pairs of integers in a list that xor to an even number.,413,Develop a Python function that adds up all even numbers found at even indices in a list.,0.8589591979980469,11,,
100,Write a function that counts the number of pairs of integers in a list that xor to an even number.,101,Write a function to count the number of occurrences of a number in a given list.,0.8579761981964111,12,,
100,Write a function that counts the number of pairs of integers in a list that xor to an even number.,509,Create a function that computes the sum of all even factors of a given number.,0.8575214147567749,13,,
100,Write a function that counts the number of pairs of integers in a list that xor to an even number.,165,Write a function to compute the sum of digits of each number of a given list.,0.8557611107826233,14,,
100,Write a function that counts the number of pairs of integers in a list that xor to an even number.,239,Write a python function which takes a list of integers and only returns the odd ones.,0.8547982573509216,15,,
100,Write a function that counts the number of pairs of integers in a list that xor to an even number.,81,Write a function to calculate the sum of the negative numbers of a given list of numbers.,0.8508134484291077,16,,
100,Write a function that counts the number of pairs of integers in a list that xor to an even number.,499,Create a function that calculates the ratio of positive numbers in an array of integers.,0.850269079208374,17,,
100,Write a function that counts the number of pairs of integers in a list that xor to an even number.,575,Create a function that determines if a number is even.,0.8496816754341125,18,,
100,Write a function that counts the number of pairs of integers in a list that xor to an even number.,83,Write a function to find the ratio of zeroes to non-zeroes in an array of integers.,0.8495330810546875,19,,
100,Write a function that counts the number of pairs of integers in a list that xor to an even number.,459,Create a function that calculates the sum of digits for every number in a list.,0.8489600419998169,20,,
102,Write a function to find the sum of numbers in a list within a range specified by two indices.,396,"Create a function that sums the elements of a list between two given indices, inclusive.",0.9165401458740234,1,,
102,Write a function to find the sum of numbers in a list within a range specified by two indices.,165,Write a function to compute the sum of digits of each number of a given list.,0.8919647336006165,2,,
102,Write a function to find the sum of numbers in a list within a range specified by two indices.,587,Create a function that counts the number of indices at which two lists have the same value.,0.8846184015274048,3,,
102,Write a function to find the sum of numbers in a list within a range specified by two indices.,119,Write a python function to find the sum of even numbers at even positions of a list.,0.8808794021606445,4,,
102,Write a function to find the sum of numbers in a list within a range specified by two indices.,81,Write a function to calculate the sum of the negative numbers of a given list of numbers.,0.8799729943275452,5,,
102,Write a function to find the sum of numbers in a list within a range specified by two indices.,459,Create a function that calculates the sum of digits for every number in a list.,0.8797609806060791,6,,
102,Write a function to find the sum of numbers in a list within a range specified by two indices.,537,Create a function that computes the sum of differences between corresponding digits of two integers.,0.8738771677017212,7,,
102,Write a function to find the sum of numbers in a list within a range specified by two indices.,74,Write a python function to find the sum of common divisors of two given numbers.,0.8639993667602539,8,,
102,Write a function to find the sum of numbers in a list within a range specified by two indices.,205,Write a function to find the ration of positive numbers in an array of integers.,0.8632843494415283,9,,
102,Write a function to find the sum of numbers in a list within a range specified by two indices.,92,Write a function to find number of lists present in the given tuple.,0.8628240823745728,10,,
102,Write a function to find the sum of numbers in a list within a range specified by two indices.,129,Write a function to subtract two lists element-wise.,0.8589653372764587,11,,
102,Write a function to find the sum of numbers in a list within a range specified by two indices.,70,Write a function to find the maximum absolute product between numbers in pairs of tuples within a given list.,0.8578692674636841,12,,
102,Write a function to find the sum of numbers in a list within a range specified by two indices.,293,Write a function to count indices where the lists have the same values.,0.8575289845466614,13,,
102,Write a function to find the sum of numbers in a list within a range specified by two indices.,291,Write a function to find the median of two sorted lists of same size.,0.8573567271232605,14,,
102,Write a function to find the sum of numbers in a list within a range specified by two indices.,202,Write a function to join a list of multiple integers into a single integer.,0.8562671542167664,15,,
102,Write a function to find the sum of numbers in a list within a range specified by two indices.,75,Write a function to multiply two integers.,0.8561784029006958,16,,
102,Write a function to find the sum of numbers in a list within a range specified by two indices.,243,Write a python function to find the sum of the per-digit difference between two integers.,0.8555916547775269,17,,
102,Write a function to find the sum of numbers in a list within a range specified by two indices.,294,Create a function that returns the elements found in both of the provided lists.,0.8553041815757751,18,,
102,Write a function to find the sum of numbers in a list within a range specified by two indices.,98,Write a function to determine if the sum of the divisors of two integers are the same.,0.8551418781280518,19,,
102,Write a function to find the sum of numbers in a list within a range specified by two indices.,208,Write a function to perform index wise multiplication of tuple elements in the given two tuples.,0.8528705835342407,20,,
105,Write a function to check if all the elements in tuple have same data type or not.,399,Develop a function that checks whether every element in a tuple is of the same type.,0.949556827545166,1,,
105,Write a function to check if all the elements in tuple have same data type or not.,455,Create a function that verifies whether a tuple has any duplicate elements.,0.9140976667404175,2,,
105,Write a function to check if all the elements in tuple have same data type or not.,28,Write a function to find whether all the given tuples have equal length or not.,0.9095906019210815,3,,
105,Write a function to check if all the elements in tuple have same data type or not.,322,Develop a function to check if all tuples in a list have the same length.,0.9075886607170105,4,,
105,Write a function to check if all the elements in tuple have same data type or not.,161,Write a function to check if given tuple contains no duplicates.,0.9051002264022827,5,,
105,Write a function to check if all the elements in tuple have same data type or not.,170,Write a function to check whether an element exists within a tuple.,0.9022665023803711,6,,
105,Write a function to check if all the elements in tuple have same data type or not.,425,Create a function that checks if all elements in a list are the same as the given element.,0.8946536779403687,7,,
105,Write a function to check if all the elements in tuple have same data type or not.,131,Write a function that takes in a list and element and checks whether all items in the list are equal to the given element.,0.874997615814209,8,,
105,Write a function to check if all the elements in tuple have same data type or not.,13,Write a function to find whether a given array of integers contains any duplicate element.,0.8693616390228271,9,,
105,Write a function to check if all the elements in tuple have same data type or not.,464,Create a function that verifies the existence of an element in a tuple.,0.8679074048995972,10,,
105,Write a function to check if all the elements in tuple have same data type or not.,526,"Create a function that finds common elements in tuples within a list, regardless of their order.",0.8658969402313232,11,,
105,Write a function to check if all the elements in tuple have same data type or not.,209,Write a python function to count the occurence of all elements of list in a tuple.,0.8654241561889648,12,,
105,Write a function to check if all the elements in tuple have same data type or not.,128,Write a python function to check if the elements of a given list are unique or not.,0.8653286695480347,13,,
105,Write a function to check if all the elements in tuple have same data type or not.,503,Create a function that tallies the occurrences of each list element in a tuple.,0.8627501130104065,14,,
105,Write a function to check if all the elements in tuple have same data type or not.,260,Write a function to find the dissimilar elements in the given two tuples.,0.8608214855194092,15,,
105,Write a function to check if all the elements in tuple have same data type or not.,354,Create a function that appends all elements of a list to a tuple.,0.8601763248443604,16,,
105,Write a function to check if all the elements in tuple have same data type or not.,374,Create a function that concatenates all elements of a tuple into a single string.,0.856778085231781,17,,
105,Write a function to check if all the elements in tuple have same data type or not.,181,Write a function to find common first element in given list of tuple.,0.8548481464385986,18,,
105,Write a function to check if all the elements in tuple have same data type or not.,422,Develop a Python function that determines whether all elements in a list are unique.,0.8547307252883911,19,,
105,Write a function to check if all the elements in tuple have same data type or not.,232,Write a function to find the tuple intersection of elements in the given tuple list irrespective of their order.,0.8514754772186279,20,,
106,"Write a function that takes in a sorted array, its length (n), and an element and returns whether the element is the majority element in the given sorted array. (The majority element is the element that occurs more than n/2 times.)",400,Create a function to check if a given element is the majority in a sorted array (appears more than n/2 times).,0.9353588819503784,1,,
106,"Write a function that takes in a sorted array, its length (n), and an element and returns whether the element is the majority element in the given sorted array. (The majority element is the element that occurs more than n/2 times.)",110,"Write a function that takes in an array and an integer n, and re-arranges the first n elements of the given array so that all negative elements appear before positive ones, and where the relative order among negative and positive elements is preserved.",0.8499175310134888,2,,
106,"Write a function that takes in a sorted array, its length (n), and an element and returns whether the element is the majority element in the given sorted array. (The majority element is the element that occurs more than n/2 times.)",133,Write a function to find the largest sum of a contiguous array in the modified array which is formed by repeating the given array k times.,0.8374718427658081,3,,
106,"Write a function that takes in a sorted array, its length (n), and an element and returns whether the element is the majority element in the given sorted array. (The majority element is the element that occurs more than n/2 times.)",196,Write a function to check whether the entered number is greater than the elements of the given array.,0.8343583941459656,4,,
106,"Write a function that takes in a sorted array, its length (n), and an element and returns whether the element is the majority element in the given sorted array. (The majority element is the element that occurs more than n/2 times.)",112,"Write a function that takes in a list and an integer n and splits the given list into two parts where the length of the first part of the list is L, and returns the resulting lists in a tuple.",0.8330645561218262,5,,
106,"Write a function that takes in a sorted array, its length (n), and an element and returns whether the element is the majority element in the given sorted array. (The majority element is the element that occurs more than n/2 times.)",114,"Write a function that takes in a list and an integer n and splits a list for every nth element, returning a list of the resulting lists.",0.8316559195518494,6,,
106,"Write a function that takes in a sorted array, its length (n), and an element and returns whether the element is the majority element in the given sorted array. (The majority element is the element that occurs more than n/2 times.)",490,Create a function that verifies if a given number is larger than all elements in an array.,0.8310095071792603,7,,
106,"Write a function that takes in a sorted array, its length (n), and an element and returns whether the element is the majority element in the given sorted array. (The majority element is the element that occurs more than n/2 times.)",296,"Implement a function that returns the n biggest numbers from a list, sorted from highest to lowest.",0.8289141654968262,8,,
106,"Write a function that takes in a sorted array, its length (n), and an element and returns whether the element is the majority element in the given sorted array. (The majority element is the element that occurs more than n/2 times.)",2,"Write a function to find the n largest integers from a given list of numbers, returned in descending order.",0.8266180753707886,9,,
106,"Write a function that takes in a sorted array, its length (n), and an element and returns whether the element is the majority element in the given sorted array. (The majority element is the element that occurs more than n/2 times.)",127,Write a function that takes in an array and element and returns a tuple containing a boolean that indicates if the element is in the array and the index position of the element (or -1 if the element is not found).,0.8253185749053955,10,,
106,"Write a function that takes in a sorted array, its length (n), and an element and returns whether the element is the majority element in the given sorted array. (The majority element is the element that occurs more than n/2 times.)",131,Write a function that takes in a list and element and checks whether all items in the list are equal to the given element.,0.8246159553527832,11,,
106,"Write a function that takes in a sorted array, its length (n), and an element and returns whether the element is the majority element in the given sorted array. (The majority element is the element that occurs more than n/2 times.)",69,Write a python function to find the element that appears only once in a sorted array.,0.82423996925354,12,,
106,"Write a function that takes in a sorted array, its length (n), and an element and returns whether the element is the majority element in the given sorted array. (The majority element is the element that occurs more than n/2 times.)",346,Create a function that multiplies all elements in a list and divides the result by the list's length.,0.822763204574585,13,,
106,"Write a function that takes in a sorted array, its length (n), and an element and returns whether the element is the majority element in the given sorted array. (The majority element is the element that occurs more than n/2 times.)",13,Write a function to find whether a given array of integers contains any duplicate element.,0.8207080364227295,14,,
106,"Write a function that takes in a sorted array, its length (n), and an element and returns whether the element is the majority element in the given sorted array. (The majority element is the element that occurs more than n/2 times.)",524,"Create a function that calculates the product of an array's elements multiplied together, then applies a modulo operation with n.",0.8202815055847168,15,,
106,"Write a function that takes in a sorted array, its length (n), and an element and returns whether the element is the majority element in the given sorted array. (The majority element is the element that occurs more than n/2 times.)",228,Write a function to find the maximum product formed by multiplying numbers of an increasing subsequence of that array.,0.8182393312454224,16,,
106,"Write a function that takes in a sorted array, its length (n), and an element and returns whether the element is the majority element in the given sorted array. (The majority element is the element that occurs more than n/2 times.)",337,Develop a function that returns the largest integer less than a given number n.,0.8159302473068237,17,,
106,"Write a function that takes in a sorted array, its length (n), and an element and returns whether the element is the majority element in the given sorted array. (The majority element is the element that occurs more than n/2 times.)",427,Create a function that finds the maximum sum of a contiguous subarray in an array formed by repeating the original array k times.,0.812708854675293,18,,
106,"Write a function that takes in a sorted array, its length (n), and an element and returns whether the element is the majority element in the given sorted array. (The majority element is the element that occurs more than n/2 times.)",307,Create a function to check if an integer array has any repeated elements.,0.8120614290237427,19,,
106,"Write a function that takes in a sorted array, its length (n), and an element and returns whether the element is the majority element in the given sorted array. (The majority element is the element that occurs more than n/2 times.)",86,Write a function to sort a list of elements.,0.811797022819519,20,,
115,Write a function to find the lateral surface area of a cube given its side length.,409,Develop a function that calculates the lateral surface area of a cube from its side length.,0.9568777084350586,1,,
115,Write a function to find the lateral surface area of a cube given its side length.,204,Write a function to find the surface area of a cube of a given size.,0.9258530139923096,2,,
115,Write a function to find the lateral surface area of a cube given its side length.,498,Create a function that calculates the surface area of a cube based on its size.,0.9013434648513794,3,,
115,Write a function to find the lateral surface area of a cube given its side length.,39,Write a function to find the surface area of a sphere.,0.8820178508758545,4,,
115,Write a function to find the lateral surface area of a cube given its side length.,305,Create a function to compute the perimeter of a square from its side length.,0.8785734176635742,5,,
115,Write a function to find the lateral surface area of a cube given its side length.,11,Write a function that returns the perimeter of a square given its side length as input.,0.873586893081665,6,,
115,Write a function to find the lateral surface area of a cube given its side length.,97,Write a function to calculate the area of a regular polygon given the length and number of its sides.,0.8707919120788574,7,,
115,Write a function to find the lateral surface area of a cube given its side length.,256,Write a function to find the surface area of a cylinder.,0.8654341101646423,8,,
115,Write a function to find the lateral surface area of a cube given its side length.,103,Write a function to find the perimeter of a regular pentagon from the length of its sides.,0.8621036410331726,9,,
115,Write a function to find the lateral surface area of a cube given its side length.,391,Develop a function that computes the area of a regular polygon using its side length and number of sides.,0.8551921248435974,10,,
115,Write a function to find the lateral surface area of a cube given its side length.,556,Create a function that calculates the surface area of a square pyramid given the length of a base edge and the pyramid's height.,0.8485594987869263,11,,
115,Write a function to find the lateral surface area of a cube given its side length.,397,Develop a function that calculates the perimeter of a regular pentagon given the side length.,0.847558319568634,12,,
115,Write a function to find the lateral surface area of a cube given its side length.,514,Create a function that calculates the area of a rectangle given its length and breadth.,0.8449356555938721,13,,
115,Write a function to find the lateral surface area of a cube given its side length.,550,Create a function that calculates the surface area of a cylinder given its radius and height.,0.8448289036750793,14,,
115,Write a function to find the lateral surface area of a cube given its side length.,333,Implement a function to calculate the surface area of a sphere from its radius.,0.8446190357208252,15,,
115,Write a function to find the lateral surface area of a cube given its side length.,262,Write a python function to find the surface area of a square pyramid with a given base edge and height.,0.8445630073547363,16,,
115,Write a function to find the lateral surface area of a cube given its side length.,220,Write a function to find the area of a rectangle.,0.8430213332176208,17,,
115,Write a function to find the lateral surface area of a cube given its side length.,432,Create a function to calculate the length of the third side of a right triangle given the lengths of the other two sides.,0.8421728014945984,18,,
115,Write a function to find the lateral surface area of a cube given its side length.,36,Write a function to find the volume of a sphere.,0.8307632207870483,19,,
115,Write a function to find the lateral surface area of a cube given its side length.,195,Write a function to find the median length of a trapezium.,0.8275244235992432,20,,
123,Write a function that takes in the radius and height of a cylinder and returns the the volume.,417,Create a function that computes the volume of a cylinder given its radius and height.,0.9549158215522766,1,,
123,Write a function that takes in the radius and height of a cylinder and returns the the volume.,550,Create a function that calculates the surface area of a cylinder given its radius and height.,0.9228433966636658,2,,
123,Write a function that takes in the radius and height of a cylinder and returns the the volume.,330,Create a function that computes the volume of a sphere given its radius.,0.8792828321456909,3,,
123,Write a function that takes in the radius and height of a cylinder and returns the the volume.,256,Write a function to find the surface area of a cylinder.,0.871079683303833,4,,
123,Write a function that takes in the radius and height of a cylinder and returns the the volume.,36,Write a function to find the volume of a sphere.,0.8685903549194336,5,,
123,Write a function that takes in the radius and height of a cylinder and returns the the volume.,448,Calculate the volume of a cone given its radius and height.,0.8646484613418579,6,,
123,Write a function that takes in the radius and height of a cylinder and returns the the volume.,379,Create a function that returns the circumference of a circle given its radius.,0.8585271835327148,7,,
123,Write a function that takes in the radius and height of a cylinder and returns the the volume.,154,Write a function to find the volume of a cone.,0.8534387946128845,8,,
123,Write a function that takes in the radius and height of a cylinder and returns the the volume.,514,Create a function that calculates the area of a rectangle given its length and breadth.,0.830483078956604,9,,
123,Write a function that takes in the radius and height of a cylinder and returns the the volume.,85,Write a function to find the circumference of a circle.,0.8257015943527222,10,,
123,Write a function that takes in the radius and height of a cylinder and returns the the volume.,333,Implement a function to calculate the surface area of a sphere from its radius.,0.8233726024627686,11,,
123,Write a function that takes in the radius and height of a cylinder and returns the the volume.,9,Write a python function to find the volume of a triangular prism.,0.8206149339675903,12,,
123,Write a function that takes in the radius and height of a cylinder and returns the the volume.,11,Write a function that returns the perimeter of a square given its side length as input.,0.8165997266769409,13,,
123,Write a function that takes in the radius and height of a cylinder and returns the the volume.,303,Create a Python function that calculates the volume of a triangular prism.,0.8164511322975159,14,,
123,Write a function that takes in the radius and height of a cylinder and returns the the volume.,97,Write a function to calculate the area of a regular polygon given the length and number of its sides.,0.8153918981552124,15,,
123,Write a function that takes in the radius and height of a cylinder and returns the the volume.,477,"Create a function that rounds each number in a list, then returns the total sum multiplied by the list's length.",0.8142151832580566,16,,
123,Write a function that takes in the radius and height of a cylinder and returns the the volume.,366,Create a function that returns the phase angle of a complex number.,0.8142107725143433,17,,
123,Write a function that takes in the radius and height of a cylinder and returns the the volume.,39,Write a function to find the surface area of a sphere.,0.8133949637413025,18,,
123,Write a function that takes in the radius and height of a cylinder and returns the the volume.,580,Create a function that converts an angle from degrees to radians.,0.8123453855514526,19,,
123,Write a function that takes in the radius and height of a cylinder and returns the the volume.,204,Write a function to find the surface area of a cube of a given size.,0.8118159770965576,20,,
126,Write a function to find the nth decagonal number.,18,Write a function to find the nth octagonal number.,0.951373279094696,1,,
126,Write a function to find the nth decagonal number.,420,Implement a function that returns the nth decagonal number.,0.9454612731933594,2,,
126,Write a function to find the nth decagonal number.,82,Write a function to find the nth hexagonal number.,0.9407271146774292,3,,
126,Write a function to find the nth decagonal number.,40,Write a function to find nth centered hexagonal number.,0.9143723845481873,4,,
126,Write a function to find the nth decagonal number.,35,Write a function to find the nth tetrahedral number.,0.9100673198699951,5,,
126,Write a function to find the nth decagonal number.,312,Implement a function that calculates the nth octagonal number.,0.9085133075714111,6,,
126,Write a function to find the nth decagonal number.,376,Create a function that computes the nth hexagonal number.,0.9071199893951416,7,,
126,Write a function to find the nth decagonal number.,117,Write a function to find the n'th star number.,0.8998675346374512,8,,
126,Write a function to find the nth decagonal number.,334,Create a function that returns the nth centered hexagonal number.,0.886682391166687,9,,
126,Write a function to find the nth decagonal number.,38,Write a function to find the nth number in the newman conway sequence.,0.8860743045806885,10,,
126,Write a function to find the nth decagonal number.,288,Write a python function to find nth bell number.,0.8818404674530029,11,,
126,Write a function to find the nth decagonal number.,558,Create a function that computes the nth Catalan number.,0.8817884922027588,12,,
126,Write a function to find the nth decagonal number.,582,Create a function that computes the nth Bell number.,0.8812886476516724,13,,
126,Write a function to find the nth decagonal number.,411,Develop a function that computes the nth star number.,0.8796976804733276,14,,
126,Write a function to find the nth decagonal number.,157,Write a function to find the n'th lucas number.,0.8795022964477539,15,,
126,Write a function to find the nth decagonal number.,329,Implement a function to calculate the nth tetrahedral number.,0.8773128390312195,16,,
126,Write a function to find the nth decagonal number.,264,Write a function which returns nth catalan number.,0.8725557327270508,17,,
126,Write a function to find the nth decagonal number.,332,Create a function to compute the nth value in the Newman-Conway sequence.,0.8541654348373413,18,,
126,Write a function to find the nth decagonal number.,238,Write a python function to find the first digit of a given number.,0.8529725670814514,19,,
126,Write a function to find the nth decagonal number.,198,Write a python function to find the last digit of a given number.,0.8504664897918701,20,,
130,Write a python function takes in an integer and check whether the frequency of each digit in the integer is less than or equal to the digit itself.,424,Develop a function that checks if the frequency of each digit in an integer n does not exceed the value of the digit.,0.9056829214096069,1,,
130,Write a python function takes in an integer and check whether the frequency of each digit in the integer is less than or equal to the digit itself.,281,Write a python function to check whether the given number is even or not.,0.89288330078125,2,,
130,Write a python function takes in an integer and check whether the frequency of each digit in the integer is less than or equal to the digit itself.,15,Write a python function to check if a given number is one less than twice its reverse.,0.8876389265060425,3,,
130,Write a python function takes in an integer and check whether the frequency of each digit in the integer is less than or equal to the digit itself.,3,Write a python function to check whether the two numbers differ at one bit position only or not.,0.8800990581512451,4,,
130,Write a python function takes in an integer and check whether the frequency of each digit in the integer is less than or equal to the digit itself.,179,Write a python function to check whether any value in a sequence exists in a sequence or not.,0.8758137226104736,5,,
130,Write a python function takes in an integer and check whether the frequency of each digit in the integer is less than or equal to the digit itself.,238,Write a python function to find the first digit of a given number.,0.8739606142044067,6,,
130,Write a python function takes in an integer and check whether the frequency of each digit in the integer is less than or equal to the digit itself.,382,Create a Python function to determine if a number has all bits set to zero within a specified range.,0.8693016767501831,7,,
130,Write a python function takes in an integer and check whether the frequency of each digit in the integer is less than or equal to the digit itself.,243,Write a python function to find the sum of the per-digit difference between two integers.,0.8682917356491089,8,,
130,Write a python function takes in an integer and check whether the frequency of each digit in the integer is less than or equal to the digit itself.,17,Write a python function to check whether the given two integers have opposite sign or not.,0.8668169975280762,9,,
130,Write a python function takes in an integer and check whether the frequency of each digit in the integer is less than or equal to the digit itself.,198,Write a python function to find the last digit of a given number.,0.8658319711685181,10,,
130,Write a python function takes in an integer and check whether the frequency of each digit in the integer is less than or equal to the digit itself.,311,Create a Python function to verify if two integers have different signs.,0.8613100051879883,11,,
130,Write a python function takes in an integer and check whether the frequency of each digit in the integer is less than or equal to the digit itself.,19,Write a python function to count the number of substrings with the sum of digits equal to their length.,0.860970139503479,12,,
130,Write a python function takes in an integer and check whether the frequency of each digit in the integer is less than or equal to the digit itself.,30,Write a python function to check whether the given number can be represented as the difference of two squares or not.,0.8605470061302185,13,,
130,Write a python function takes in an integer and check whether the frequency of each digit in the integer is less than or equal to the digit itself.,88,Write a python function to check whether all the bits are unset in the given range or not.,0.8602128028869629,14,,
130,Write a python function takes in an integer and check whether the frequency of each digit in the integer is less than or equal to the digit itself.,309,Create a Python function to determine if a number equals two times its reverse minus one.,0.8599324226379395,15,,
130,Write a python function takes in an integer and check whether the frequency of each digit in the integer is less than or equal to the digit itself.,64,Write a function to check if a string represents an integer or not.,0.8596267700195312,16,,
130,Write a python function takes in an integer and check whether the frequency of each digit in the integer is less than or equal to the digit itself.,171,Write a python function to find whether the parity of a given number is odd.,0.859429121017456,17,,
130,Write a python function takes in an integer and check whether the frequency of each digit in the integer is less than or equal to the digit itself.,295,Develop a Python function that checks if a number is not a prime.,0.8592448234558105,18,,
130,Write a python function takes in an integer and check whether the frequency of each digit in the integer is less than or equal to the digit itself.,378,Create a Python function to determine if a number can be written as a sum of non-zero powers of two.,0.8548719882965088,19,,
130,Write a python function takes in an integer and check whether the frequency of each digit in the integer is less than or equal to the digit itself.,84,Write a python function to check whether the given number can be represented as sum of non-zero powers of 2 or not.,0.854819118976593,20,,
135,Write a function to find the list of maximum length in a list of lists.,155,Write a function to find the list with maximum length.,0.97003173828125,1,,
135,Write a function to find the list of maximum length in a list of lists.,182,Write a python function to find element of a list having maximum length.,0.9354658722877502,2,,
135,Write a function to find the list of maximum length in a list of lists.,449,Create a function that determines which list in a collection of lists is the longest.,0.9336588978767395,3,,
135,Write a function to find the list of maximum length in a list of lists.,476,Create a function that identifies the element with the greatest length in a list.,0.9264820218086243,4,,
135,Write a function to find the list of maximum length in a list of lists.,540,Create a function that determines the length of the longest sublist within a list of sublists.,0.922594428062439,5,,
135,Write a function to find the list of maximum length in a list of lists.,338,Create a Python function to determine the maximum word length in a list.,0.922369122505188,6,,
135,Write a function to find the list of maximum length in a list of lists.,49,Write a python function to find the length of the smallest list in a list of lists.,0.9174609780311584,7,,
135,Write a function to find the list of maximum length in a list of lists.,78,Write a function to find the item with maximum frequency in a given list.,0.9109705686569214,8,,
135,Write a function to find the list of maximum length in a list of lists.,246,Write a python function to find the length of the longest sublists.,0.9099944829940796,9,,
135,Write a function to find the list of maximum length in a list of lists.,139,Write a function to find the maximum value in a given heterogeneous list.,0.9045448303222656,10,,
135,Write a function to find the list of maximum length in a list of lists.,343,Develop a Python function to return the length of the shortest list among a list of lists.,0.8958468437194824,11,,
135,Write a function to find the list of maximum length in a list of lists.,429,Create a function that identifies the longest sublist from a collection of nested lists.,0.8931793570518494,12,,
135,Write a function to find the list of maximum length in a list of lists.,563,Create a function that calculates the difference between the maximum and minimum values in a list.,0.8842897415161133,13,,
135,Write a function to find the list of maximum length in a list of lists.,506,Create a function that retrieves strings of a certain length from a list.,0.8841209411621094,14,,
135,Write a function to find the list of maximum length in a list of lists.,52,Write a function to multiply all the numbers in a list and divide with the length of the list.,0.8825105428695679,15,,
135,Write a function to find the list of maximum length in a list of lists.,92,Write a function to find number of lists present in the given tuple.,0.8780388832092285,16,,
135,Write a function to find the list of maximum length in a list of lists.,500,Create a function that identifies the largest negative number in a list.,0.8771874904632568,17,,
135,Write a function to find the list of maximum length in a list of lists.,219,Write a python function to find the sublist having minimum length.,0.8768793344497681,18,,
135,Write a function to find the list of maximum length in a list of lists.,513,Create a function that identifies the sublist with the smallest length within a list of sublists.,0.8759647011756897,19,,
135,Write a function to find the list of maximum length in a list of lists.,143,Write a function to calculate the maximum aggregate from the list of tuples.,0.8757611513137817,20,,
148,"Write a function to find the maximum sum of increasing subsequence from prefix until ith index and also including a given kth element which is after i, i.e., k > i .",442,"Determine the highest sum of an increasing subsequence in an array, considering only elements up to index i and including a specified element at index k.",0.9068295955657959,1,,
148,"Write a function to find the maximum sum of increasing subsequence from prefix until ith index and also including a given kth element which is after i, i.e., k > i .",228,Write a function to find the maximum product formed by multiplying numbers of an increasing subsequence of that array.,0.851825475692749,2,,
148,"Write a function to find the maximum sum of increasing subsequence from prefix until ith index and also including a given kth element which is after i, i.e., k > i .",522,Create a function that calculates the highest product obtainable from an increasing subsequence in the array.,0.8438237905502319,3,,
148,"Write a function to find the maximum sum of increasing subsequence from prefix until ith index and also including a given kth element which is after i, i.e., k > i .",427,Create a function that finds the maximum sum of a contiguous subarray in an array formed by repeating the original array k times.,0.8399524688720703,4,,
148,"Write a function to find the maximum sum of increasing subsequence from prefix until ith index and also including a given kth element which is after i, i.e., k > i .",133,Write a function to find the largest sum of a contiguous array in the modified array which is formed by repeating the given array k times.,0.8390198945999146,5,,
148,"Write a function to find the maximum sum of increasing subsequence from prefix until ith index and also including a given kth element which is after i, i.e., k > i .",55,Write a function to find the kth element in the given array using 1-based indexing.,0.8325716257095337,6,,
148,"Write a function to find the maximum sum of increasing subsequence from prefix until ith index and also including a given kth element which is after i, i.e., k > i .",160,"Write a function to find the maximum sum possible by using the given equation f(n) = max( (f(n/2) + f(n/3) + f(n/4) + f(n/5)), n).",0.8210595846176147,7,,
148,"Write a function to find the maximum sum of increasing subsequence from prefix until ith index and also including a given kth element which is after i, i.e., k > i .",244,Write a function to find the sum of the largest contiguous sublist in the given list.,0.8184332251548767,8,,
148,"Write a function to find the maximum sum of increasing subsequence from prefix until ith index and also including a given kth element which is after i, i.e., k > i .",349,"Develop a function that retrieves the kth element from an array, using 1-based indexing.",0.8161977529525757,9,,
148,"Write a function to find the maximum sum of increasing subsequence from prefix until ith index and also including a given kth element which is after i, i.e., k > i .",225,Write a function to find the maximum product subarray of the given array.,0.8152691125869751,10,,
148,"Write a function to find the maximum sum of increasing subsequence from prefix until ith index and also including a given kth element which is after i, i.e., k > i .",454,"Create a function that calculates the highest possible sum using the formula f(n) = max( (f(n/2) + f(n/3) + f(n/4) + f(n/5)), n).",0.8147776126861572,11,,
148,"Write a function to find the maximum sum of increasing subsequence from prefix until ith index and also including a given kth element which is after i, i.e., k > i .",102,Write a function to find the sum of numbers in a list within a range specified by two indices.,0.8131204843521118,12,,
148,"Write a function to find the maximum sum of increasing subsequence from prefix until ith index and also including a given kth element which is after i, i.e., k > i .",2,"Write a function to find the n largest integers from a given list of numbers, returned in descending order.",0.8111541271209717,13,,
148,"Write a function to find the maximum sum of increasing subsequence from prefix until ith index and also including a given kth element which is after i, i.e., k > i .",396,"Create a function that sums the elements of a list between two given indices, inclusive.",0.8108371496200562,14,,
148,"Write a function to find the maximum sum of increasing subsequence from prefix until ith index and also including a given kth element which is after i, i.e., k > i .",278,Write a function to find kth element from the given two sorted arrays.,0.810599684715271,15,,
148,"Write a function to find the maximum sum of increasing subsequence from prefix until ith index and also including a given kth element which is after i, i.e., k > i .",78,Write a function to find the item with maximum frequency in a given list.,0.8092215061187744,16,,
148,"Write a function to find the maximum sum of increasing subsequence from prefix until ith index and also including a given kth element which is after i, i.e., k > i .",538,Create a function that calculates the sum of the largest contiguous subarray within a given list.,0.8084125518798828,17,,
148,"Write a function to find the maximum sum of increasing subsequence from prefix until ith index and also including a given kth element which is after i, i.e., k > i .",476,Create a function that identifies the element with the greatest length in a list.,0.8066897392272949,18,,
148,"Write a function to find the maximum sum of increasing subsequence from prefix until ith index and also including a given kth element which is after i, i.e., k > i .",89,Write a python function that takes in a positive integer n and finds the sum of even index binomial coefficients.,0.804826021194458,19,,
148,"Write a function to find the maximum sum of increasing subsequence from prefix until ith index and also including a given kth element which is after i, i.e., k > i .",196,Write a function to check whether the entered number is greater than the elements of the given array.,0.8039551973342896,20,,
150,"Write a function to find the specified number of largest products from two given lists, selecting one factor from each list.",444,Determine the N largest products that can be made by multiplying a number from each of two lists.,0.8844196796417236,1,,
150,"Write a function to find the specified number of largest products from two given lists, selecting one factor from each list.",70,Write a function to find the maximum absolute product between numbers in pairs of tuples within a given list.,0.8730329275131226,2,,
150,"Write a function to find the specified number of largest products from two given lists, selecting one factor from each list.",364,Create a function that finds the largest absolute product among all pairs in a list of tuples.,0.8709461688995361,3,,
150,"Write a function to find the specified number of largest products from two given lists, selecting one factor from each list.",174,Write a function to find the minimum product from the pairs of tuples within a given list.,0.8635488748550415,4,,
150,"Write a function to find the specified number of largest products from two given lists, selecting one factor from each list.",228,Write a function to find the maximum product formed by multiplying numbers of an increasing subsequence of that array.,0.8600003719329834,5,,
150,"Write a function to find the specified number of largest products from two given lists, selecting one factor from each list.",474,Create a function that identifies the pair of integers in an array that yields the highest product.,0.8583973050117493,6,,
150,"Write a function to find the specified number of largest products from two given lists, selecting one factor from each list.",296,"Implement a function that returns the n biggest numbers from a list, sorted from highest to lowest.",0.8581219911575317,7,,
150,"Write a function to find the specified number of largest products from two given lists, selecting one factor from each list.",225,Write a function to find the maximum product subarray of the given array.,0.8560874462127686,8,,
150,"Write a function to find the specified number of largest products from two given lists, selecting one factor from each list.",135,Write a function to find the list of maximum length in a list of lists.,0.8553392291069031,9,,
150,"Write a function to find the specified number of largest products from two given lists, selecting one factor from each list.",78,Write a function to find the item with maximum frequency in a given list.,0.854955792427063,10,,
150,"Write a function to find the specified number of largest products from two given lists, selecting one factor from each list.",2,"Write a function to find the n largest integers from a given list of numbers, returned in descending order.",0.8538388013839722,11,,
150,"Write a function to find the specified number of largest products from two given lists, selecting one factor from each list.",180,Write a python function to find a pair with highest product from a given array of integers.,0.853104829788208,12,,
150,"Write a function to find the specified number of largest products from two given lists, selecting one factor from each list.",620,Write a function to find the biggest max elements from seven arrays.,0.8518471717834473,13,,
150,"Write a function to find the specified number of largest products from two given lists, selecting one factor from each list.",624,Write a function to find the biggest max elements from seven arrays.,0.8518471717834473,14,,
150,"Write a function to find the specified number of largest products from two given lists, selecting one factor from each list.",269,Write a python function to find the difference between largest and smallest value in a given list.,0.8505645990371704,15,,
150,"Write a function to find the specified number of largest products from two given lists, selecting one factor from each list.",476,Create a function that identifies the element with the greatest length in a list.,0.8498969078063965,16,,
150,"Write a function to find the specified number of largest products from two given lists, selecting one factor from each list.",468,Create a function that determines the lowest product obtainable from tuple pairs in a list.,0.8491606712341309,17,,
150,"Write a function to find the specified number of largest products from two given lists, selecting one factor from each list.",139,Write a function to find the maximum value in a given heterogeneous list.,0.8478431105613708,18,,
150,"Write a function to find the specified number of largest products from two given lists, selecting one factor from each list.",617,Write a function to find the biggest max elements from nine arrays.,0.8465350866317749,19,,
150,"Write a function to find the specified number of largest products from two given lists, selecting one factor from each list.",549,Create a function that computes the product of all unique numbers in a list.,0.8465139865875244,20,,
152,Write a function to convert a given string to a tuple of characters.,80,Write a function to convert a tuple to a string.,0.9673676490783691,1,,
152,Write a function to convert a given string to a tuple of characters.,446,Develop a function to transform a string into a tuple where each character is an element.,0.9274809956550598,2,,
152,Write a function to convert a given string to a tuple of characters.,268,Write a function to convert a list to a tuple.,0.9249802827835083,3,,
152,Write a function to convert a given string to a tuple of characters.,233,Write a function to replace characters in a string.,0.9051222801208496,4,,
152,Write a function to convert a given string to a tuple of characters.,66,Write a function to convert a given tuple of positive integers into a single integer.,0.9006390571594238,5,,
152,Write a function to convert a given string to a tuple of characters.,68,Write a function to convert a string to a list of strings split on the space character.,0.8995233774185181,6,,
152,Write a function to convert a given string to a tuple of characters.,481,Create a function that retrieves the last character from each string in a tuple.,0.8985341787338257,7,,
152,Write a function to convert a given string to a tuple of characters.,149,Write a function to get a colon of a tuple.,0.8941663503646851,8,,
152,Write a function to convert a given string to a tuple of characters.,249,Write a python function to split a string into characters.,0.8863699436187744,9,,
152,Write a function to convert a given string to a tuple of characters.,562,Create a function that changes a list into a tuple.,0.8859170079231262,10,,
152,Write a function to convert a given string to a tuple of characters.,374,Create a function that concatenates all elements of a tuple into a single string.,0.8840242028236389,11,,
152,Write a function to convert a given string to a tuple of characters.,543,Create a function that divides a string into its individual characters.,0.875218391418457,12,,
152,Write a function to convert a given string to a tuple of characters.,530,Create a function that changes all characters in a string to lowercase.,0.8744844794273376,13,,
152,Write a function to convert a given string to a tuple of characters.,242,Write a function to toggle the case of all characters in a string.,0.8729941844940186,14,,
152,Write a function to convert a given string to a tuple of characters.,527,Create a function that substitutes specified characters in a string with new ones.,0.8714343309402466,15,,
152,Write a function to convert a given string to a tuple of characters.,236,Write a python function to convert the given string to lower case.,0.8714250326156616,16,,
152,Write a function to convert a given string to a tuple of characters.,536,Create a function that switches the case of each character in a string.,0.8708446025848389,17,,
152,Write a function to convert a given string to a tuple of characters.,60,Write a function to append the given list to the given tuples.,0.8688110113143921,18,,
152,Write a function to convert a given string to a tuple of characters.,277,Write a function to find the size in bytes of the given tuple.,0.8658547401428223,19,,
152,Write a function to convert a given string to a tuple of characters.,360,Create a function that joins all numbers in a tuple into one integer.,0.8638026714324951,20,,
159,Write a function to convert more than one list to nested dictionary.,453,Create a function that transforms multiple lists into a nested dictionary structure.,0.9580327272415161,1,,
159,Write a function to convert more than one list to nested dictionary.,41,Write a function to merge three dictionaries into a single dictionary.,0.8865242600440979,2,,
159,Write a function to convert more than one list to nested dictionary.,268,Write a function to convert a list to a tuple.,0.872222900390625,3,,
159,Write a function to convert more than one list to nested dictionary.,335,Develop a function that combines three dictionaries into one.,0.866519570350647,4,,
159,Write a function to convert more than one list to nested dictionary.,252,Write a function to create a list of N empty dictionaries.,0.8659123182296753,5,,
159,Write a function to convert more than one list to nested dictionary.,436,Create a function that flattens a nested list into a single list with all the values.,0.857306718826294,6,,
159,Write a function to convert more than one list to nested dictionary.,202,Write a function to join a list of multiple integers into a single integer.,0.8557267189025879,7,,
159,Write a function to convert more than one list to nested dictionary.,234,Write a function to sort a dictionary by value.,0.8538635969161987,8,,
159,Write a function to convert more than one list to nested dictionary.,61,Write a function to merge three lists into a single sorted list.,0.8536974787712097,9,,
159,Write a function to convert more than one list to nested dictionary.,562,Create a function that changes a list into a tuple.,0.8517953157424927,10,,
159,Write a function to convert more than one list to nested dictionary.,496,Create a function that concatenates multiple integers from a list into one single integer.,0.8506197929382324,11,,
159,Write a function to convert more than one list to nested dictionary.,142,Write a function to flatten a given nested list structure.,0.8504535555839539,12,,
159,Write a function to convert more than one list to nested dictionary.,546,Create a function that generates a list containing N empty dictionaries.,0.8497521877288818,13,,
159,Write a function to convert more than one list to nested dictionary.,528,Create a function that arranges the entries of a dictionary based on their values.,0.8491261005401611,14,,
159,Write a function to convert more than one list to nested dictionary.,90,Write a function to flatten the list of lists into a single set of numbers.,0.8485629558563232,15,,
159,Write a function to convert more than one list to nested dictionary.,67,Write a function to convert all possible convertible elements in a list of lists to floats.,0.8452383279800415,16,,
159,Write a function to convert more than one list to nested dictionary.,345,Develop a function that flattens a list of lists and returns a dictionary with the frequency of each element.,0.8437118530273438,17,,
159,Write a function to convert more than one list to nested dictionary.,384,Create a function that merges all numbers from a list of lists into a single set.,0.8432379961013794,18,,
159,Write a function to convert more than one list to nested dictionary.,429,Create a function that identifies the longest sublist from a collection of nested lists.,0.8425333499908447,19,,
159,Write a function to convert more than one list to nested dictionary.,145,Write a function to find the depth of a dictionary.,0.8424166440963745,20,,
162,Write a python function to find the first non-repeated character in a given string.,282,Write a python function to find the first repeated character in a given string.,0.961151123046875,1,,
162,Write a python function to find the first non-repeated character in a given string.,456,Create a function that identifies the first non-repeating character in a string.,0.9484986066818237,2,,
162,Write a python function to find the first non-repeated character in a given string.,7,Write a python function to remove first and last occurrence of a given character from the string.,0.8954288959503174,3,,
162,Write a python function to find the first non-repeated character in a given string.,301,Create a Python function that deletes the first and last appearance of a specified character in a string.,0.8866117000579834,4,,
162,Write a python function to find the first non-repeated character in a given string.,576,Create a function that identifies the first character that appears more than once in a string.,0.8824544548988342,5,,
162,Write a python function to find the first non-repeated character in a given string.,238,Write a python function to find the first digit of a given number.,0.8710814118385315,6,,
162,Write a python function to find the first non-repeated character in a given string.,1,Write a python function to identify non-prime numbers.,0.8657814264297485,7,,
162,Write a python function to find the first non-repeated character in a given string.,223,Write a python function to count the upper case characters in a given string.,0.8564174175262451,8,,
162,Write a python function to find the first non-repeated character in a given string.,163,Write a function to check whether the given string starts and ends with the same character or not.,0.8550223112106323,9,,
162,Write a python function to find the first non-repeated character in a given string.,356,Create a Python function that counts the number of ones in the first n positions of a binary string.,0.8521521091461182,10,,
162,Write a python function to find the first non-repeated character in a given string.,12,Write a function to remove characters from the first string which are present in the second string.,0.8506587743759155,11,,
162,Write a python function to find the first non-repeated character in a given string.,249,Write a python function to split a string into characters.,0.8503479957580566,12,,
162,Write a python function to find the first non-repeated character in a given string.,69,Write a python function to find the element that appears only once in a sorted array.,0.8496353030204773,13,,
162,Write a python function to find the first non-repeated character in a given string.,6,Write a python function to find the minimum number of rotations (greater than 0) required to get the same string.,0.8472132682800293,14,,
162,Write a python function to find the first non-repeated character in a given string.,108,Write a python function to remove the characters which have odd index values of a given string.,0.8446513414382935,15,,
162,Write a python function to find the first non-repeated character in a given string.,179,Write a python function to check whether any value in a sequence exists in a sequence or not.,0.8425337672233582,16,,
162,Write a python function to find the first non-repeated character in a given string.,79,Write a python function to reverse only the vowels of a given string (where y is not a vowel).,0.841829240322113,17,,
162,Write a python function to find the first non-repeated character in a given string.,236,Write a python function to convert the given string to lower case.,0.8401471972465515,18,,
162,Write a python function to find the first non-repeated character in a given string.,481,Create a function that retrieves the last character from each string in a tuple.,0.8392584323883057,19,,
162,Write a python function to find the first non-repeated character in a given string.,198,Write a python function to find the last digit of a given number.,0.8391284942626953,20,,
164,Write a function to find the median of three numbers.,458,Create a function that determines the median value among three given numbers.,0.9458523392677307,1,,
164,Write a function to find the median of three numbers.,109,Write a function to find minimum of three numbers.,0.9225950241088867,2,,
164,Write a function to find the median of three numbers.,403,Develop a function that returns the smallest value among three given numbers.,0.8697700500488281,3,,
164,Write a function to find the median of three numbers.,291,Write a function to find the median of two sorted lists of same size.,0.8671871423721313,4,,
164,Write a function to find the median of three numbers.,195,Write a function to find the median length of a trapezium.,0.8603711724281311,5,,
164,Write a function to find the median of three numbers.,169,Write a python function to find the minimum of two numbers.,0.8564386367797852,6,,
164,Write a function to find the median of three numbers.,280,Write a function to find sum and average of first n natural numbers.,0.8548580408096313,7,,
164,Write a function to find the median of three numbers.,151,Write a python function to find the maximum of two numbers.,0.8481886386871338,8,,
164,Write a function to find the median of three numbers.,75,Write a function to multiply two integers.,0.8447191715240479,9,,
164,Write a function to find the median of three numbers.,585,Create a function that determines the median value of two equally sized sorted lists.,0.8434686660766602,10,,
164,Write a function to find the median of three numbers.,215,Write a python function to find the sum of even factors of a number.,0.8427079916000366,11,,
164,Write a function to find the median of three numbers.,205,Write a function to find the ration of positive numbers in an array of integers.,0.8417057991027832,12,,
164,Write a function to find the median of three numbers.,270,Write a function to find perfect squares between two given numbers.,0.8408324718475342,13,,
164,Write a function to find the median of three numbers.,102,Write a function to find the sum of numbers in a list within a range specified by two indices.,0.8393025398254395,14,,
164,Write a function to find the median of three numbers.,81,Write a function to calculate the sum of the negative numbers of a given list of numbers.,0.8372352123260498,15,,
164,Write a function to find the median of three numbers.,189,Write a function to filter odd numbers.,0.8370628356933594,16,,
164,Write a function to find the median of three numbers.,126,Write a function to find the nth decagonal number.,0.8360601663589478,17,,
164,Write a function to find the median of three numbers.,211,Write a function to calculate the sum of perrin numbers.,0.83598792552948,18,,
164,Write a function to find the median of three numbers.,186,Write a python function to find the average of cubes of first n natural numbers.,0.8359870910644531,19,,
164,Write a function to find the median of three numbers.,138,Write a function to find the third side of a right angled triangle.,0.8351569175720215,20,,
168,Write a function to perform index wise addition of tuple elements in the given two nested tuples.,208,Write a function to perform index wise multiplication of tuple elements in the given two tuples.,0.9511750936508179,1,,
168,Write a function to perform index wise addition of tuple elements in the given two nested tuples.,462,Create a function that adds together elements of two nested tuples at the same index.,0.9390500783920288,2,,
168,Write a function to perform index wise addition of tuple elements in the given two nested tuples.,229,Write a function to find the pairwise addition of the neighboring elements of the given tuple.,0.9099620580673218,3,,
168,Write a function to perform index wise addition of tuple elements in the given two nested tuples.,502,Create a function that multiplies elements of two tuples at the same index together.,0.9027035236358643,4,,
168,Write a function to perform index wise addition of tuple elements in the given two nested tuples.,192,Write a function to extract the elementwise and tuples from the given two tuples.,0.8925222754478455,5,,
168,Write a function to perform index wise addition of tuple elements in the given two nested tuples.,122,Write a function that takes in two tuples and subtracts the elements of the first tuple by the elements of the second tuple with the same index.,0.8920893669128418,6,,
168,Write a function to perform index wise addition of tuple elements in the given two nested tuples.,60,Write a function to append the given list to the given tuples.,0.8915632963180542,7,,
168,Write a function to perform index wise addition of tuple elements in the given two nested tuples.,523,Create a function that computes the pairwise sum of adjacent elements in a tuple.,0.8877531886100769,8,,
168,Write a function to perform index wise addition of tuple elements in the given two nested tuples.,486,Create a function that retrieves the element-wise AND results of two tuples.,0.88657146692276,9,,
168,Write a function to perform index wise addition of tuple elements in the given two nested tuples.,260,Write a function to find the dissimilar elements in the given two tuples.,0.8831731081008911,10,,
168,Write a function to perform index wise addition of tuple elements in the given two nested tuples.,245,Write a function to find the union of the elements of two given tuples and output them in sorted order.,0.8789806365966797,11,,
168,Write a function to perform index wise addition of tuple elements in the given two nested tuples.,416,Create a function that subtracts corresponding elements of two tuples and returns the result as a tuple.,0.8786942958831787,12,,
168,Write a function to perform index wise addition of tuple elements in the given two nested tuples.,261,Write a function to remove uneven elements in the nested mixed tuple.,0.8780125379562378,13,,
168,Write a function to perform index wise addition of tuple elements in the given two nested tuples.,443,"Create a function that adds a specified element to a specific position in a tuple, returning the modified tuple.",0.8774800896644592,14,,
168,Write a function to perform index wise addition of tuple elements in the given two nested tuples.,354,Create a function that appends all elements of a list to a tuple.,0.868238627910614,15,,
168,Write a function to perform index wise addition of tuple elements in the given two nested tuples.,125,Write a function to find the number of elements that occurs before the tuple element in the given tuple.,0.8681844472885132,16,,
168,Write a function to perform index wise addition of tuple elements in the given two nested tuples.,472,Create a function that retrieves the nth element from each tuple in a list of tuples.,0.8679373264312744,17,,
168,Write a function to perform index wise addition of tuple elements in the given two nested tuples.,539,Create a function that determines the union of two tuples' elements and returns them in sorted order.,0.8672501444816589,18,,
168,Write a function to perform index wise addition of tuple elements in the given two nested tuples.,22,Write a function to sort a list of tuples using the second value of each tuple.,0.8651573657989502,19,,
168,Write a function to perform index wise addition of tuple elements in the given two nested tuples.,178,Write a function to extract the nth element from a given list of tuples.,0.8629505634307861,20,,
172,Write a function to create the next bigger number by rearranging the digits of a given number.,466,Create a function that generates the next larger number by permuting the digits of the current number.,0.9425790309906006,1,,
172,Write a function to create the next bigger number by rearranging the digits of a given number.,445,Create a function that returns the larger of two given numbers.,0.8874778151512146,2,,
172,Write a function to create the next bigger number by rearranging the digits of a given number.,310,Develop a Python function that constructs the biggest number possible from a list of digits.,0.8750863075256348,3,,
172,Write a function to create the next bigger number by rearranging the digits of a given number.,16,Write a python function to find the largest number that can be formed with the given list of digits.,0.8741368055343628,4,,
172,Write a function to create the next bigger number by rearranging the digits of a given number.,492,Create a function that extracts the last digit from a given number.,0.8653495907783508,5,,
172,Write a function to create the next bigger number by rearranging the digits of a given number.,348,Create a function that returns the next palindrome greater than a given integer.,0.8629599809646606,6,,
172,Write a function to create the next bigger number by rearranging the digits of a given number.,532,Create a function that extracts the first digit from a given number.,0.8566022515296936,7,,
172,Write a function to create the next bigger number by rearranging the digits of a given number.,337,Develop a function that returns the largest integer less than a given number n.,0.8551861047744751,8,,
172,Write a function to create the next bigger number by rearranging the digits of a given number.,165,Write a function to compute the sum of digits of each number of a given list.,0.8531742095947266,9,,
172,Write a function to create the next bigger number by rearranging the digits of a given number.,228,Write a function to find the maximum product formed by multiplying numbers of an increasing subsequence of that array.,0.8509061336517334,10,,
172,Write a function to create the next bigger number by rearranging the digits of a given number.,447,"Create a function that sets the leftmost unset bit in a number, returning the new number.",0.8499818444252014,11,,
172,Write a function to create the next bigger number by rearranging the digits of a given number.,75,Write a function to multiply two integers.,0.8488497734069824,12,,
172,Write a function to create the next bigger number by rearranging the digits of a given number.,459,Create a function that calculates the sum of digits for every number in a list.,0.8482468128204346,13,,
172,Write a function to create the next bigger number by rearranging the digits of a given number.,198,Write a python function to find the last digit of a given number.,0.8471810221672058,14,,
172,Write a function to create the next bigger number by rearranging the digits of a given number.,202,Write a function to join a list of multiple integers into a single integer.,0.8443928956985474,15,,
172,Write a function to create the next bigger number by rearranging the digits of a given number.,552,Create a function that determines the last digit of the factorial of a number.,0.8440685272216797,16,,
172,Write a function to create the next bigger number by rearranging the digits of a given number.,238,Write a python function to find the first digit of a given number.,0.8431438207626343,17,,
172,Write a function to create the next bigger number by rearranging the digits of a given number.,369,Develop a function that multiplies two integers together.,0.8411083221435547,18,,
172,Write a function to create the next bigger number by rearranging the digits of a given number.,2,"Write a function to find the n largest integers from a given list of numbers, returned in descending order.",0.8409882187843323,19,,
172,Write a function to create the next bigger number by rearranging the digits of a given number.,490,Create a function that verifies if a given number is larger than all elements in an array.,0.8397140502929688,20,,
176,Write a function to convert the given snake case string to camel case string.,56,Write a function to convert a snake case string to camel case string.,0.9928308725357056,1,,
176,Write a function to convert the given snake case string to camel case string.,350,Create a function that transforms a snake_case string into camel case format.,0.9581248164176941,2,,
176,Write a function to convert the given snake case string to camel case string.,470,Create a function that changes snake_case strings to camelCase.,0.9212555885314941,3,,
176,Write a function to convert the given snake case string to camel case string.,236,Write a python function to convert the given string to lower case.,0.8299984931945801,4,,
176,Write a function to convert the given snake case string to camel case string.,536,Create a function that switches the case of each character in a string.,0.805734395980835,5,,
176,Write a function to convert the given snake case string to camel case string.,152,Write a function to convert a given string to a tuple of characters.,0.7983399629592896,6,,
176,Write a function to convert the given snake case string to camel case string.,223,Write a python function to count the upper case characters in a given string.,0.7951312065124512,7,,
176,Write a function to convert the given snake case string to camel case string.,242,Write a function to toggle the case of all characters in a string.,0.7933989763259888,8,,
176,Write a function to convert the given snake case string to camel case string.,80,Write a function to convert a tuple to a string.,0.7913084626197815,9,,
176,Write a function to convert the given snake case string to camel case string.,68,Write a function to convert a string to a list of strings split on the space character.,0.7895790338516235,10,,
176,Write a function to convert the given snake case string to camel case string.,221,Write a function to remove uppercase substrings from a given string.,0.77838134765625,11,,
176,Write a function to convert the given snake case string to camel case string.,218,Write a function to reverse each string in a given list of string values.,0.7747981548309326,12,,
176,Write a function to convert the given snake case string to camel case string.,249,Write a python function to split a string into characters.,0.7704674601554871,13,,
176,Write a function to convert the given snake case string to camel case string.,237,Write a python function to remove lowercase substrings from a given string.,0.7702343463897705,14,,
176,Write a function to convert the given snake case string to camel case string.,530,Create a function that changes all characters in a string to lowercase.,0.7699864506721497,15,,
176,Write a function to convert the given snake case string to camel case string.,517,Create a function that tallies the number of uppercase characters in a string.,0.7695524096488953,16,,
176,Write a function to convert the given snake case string to camel case string.,543,Create a function that divides a string into its individual characters.,0.7643125653266907,17,,
176,Write a function to convert the given snake case string to camel case string.,233,Write a function to replace characters in a string.,0.7641233205795288,18,,
176,Write a function to convert the given snake case string to camel case string.,446,Develop a function to transform a string into a tuple where each character is an element.,0.764018714427948,19,,
176,Write a function to convert the given snake case string to camel case string.,515,Create a function that eliminates uppercase letter sequences from a string.,0.7629368305206299,20,,
181,Write a function to find common first element in given list of tuple.,475,Create a function that identifies the shared first element in a list of tuples.,0.9341994524002075,1,,
181,Write a function to find common first element in given list of tuple.,526,"Create a function that finds common elements in tuples within a list, regardless of their order.",0.9040606617927551,2,,
181,Write a function to find common first element in given list of tuple.,63,Write a function to find the common elements in given nested lists.,0.9007104635238647,3,,
181,Write a function to find common first element in given list of tuple.,342,Create a function that finds the first element from the tuple with the lowest second value in a list.,0.8988150358200073,4,,
181,Write a function to find common first element in given list of tuple.,125,Write a function to find the number of elements that occurs before the tuple element in the given tuple.,0.8889673948287964,5,,
181,Write a function to find common first element in given list of tuple.,419,Create a function that counts how many elements appear before the first tuple element in the given tuple.,0.8860684633255005,6,,
181,Write a function to find common first element in given list of tuple.,92,Write a function to find number of lists present in the given tuple.,0.8833072185516357,7,,
181,Write a function to find common first element in given list of tuple.,178,Write a function to extract the nth element from a given list of tuples.,0.8801887631416321,8,,
181,Write a function to find common first element in given list of tuple.,232,Write a function to find the tuple intersection of elements in the given tuple list irrespective of their order.,0.8800538778305054,9,,
181,Write a function to find common first element in given list of tuple.,472,Create a function that retrieves the nth element from each tuple in a list of tuples.,0.8795820474624634,10,,
181,Write a function to find common first element in given list of tuple.,503,Create a function that tallies the occurrences of each list element in a tuple.,0.877622663974762,11,,
181,Write a function to find common first element in given list of tuple.,174,Write a function to find the minimum product from the pairs of tuples within a given list.,0.875373363494873,12,,
181,Write a function to find common first element in given list of tuple.,415,Develop a function that extracts the last element from each tuple in a list.,0.8708049654960632,13,,
181,Write a function to find common first element in given list of tuple.,167,Write a function to extract the number of unique tuples in the given list.,0.8700711727142334,14,,
181,Write a function to find common first element in given list of tuple.,260,Write a function to find the dissimilar elements in the given two tuples.,0.8694838285446167,15,,
181,Write a function to find common first element in given list of tuple.,48,"Given a list of tuples, write a function that returns the first value of the tuple with the smallest second value.",0.869333028793335,16,,
181,Write a function to find common first element in given list of tuple.,209,Write a python function to count the occurence of all elements of list in a tuple.,0.8687106370925903,17,,
181,Write a function to find common first element in given list of tuple.,245,Write a function to find the union of the elements of two given tuples and output them in sorted order.,0.8671283721923828,18,,
181,Write a function to find common first element in given list of tuple.,32,Write a function to find tuples which have all elements divisible by k from the given list of tuples.,0.8653839826583862,19,,
181,Write a function to find common first element in given list of tuple.,121,Write a function that takes in a list of tuples and returns a list containing the rear element of each tuple.,0.8632863759994507,20,,
184,Write a python function to find the cube sum of first n even natural numbers.,186,Write a python function to find the average of cubes of first n natural numbers.,0.9549679756164551,1,,
184,Write a python function to find the cube sum of first n even natural numbers.,478,Create a function that calculates the cube sum of the initial n even natural numbers.,0.9505923986434937,2,,
184,Write a python function to find the cube sum of first n even natural numbers.,240,Write a python function to find the difference between the sum of cubes of the first n natural numbers and the sum of the first n natural numbers.,0.9477081894874573,3,,
184,Write a python function to find the cube sum of first n even natural numbers.,134,Write a python function takes in an integer n and returns the sum of squares of first n even natural numbers.,0.9331002831459045,4,,
184,Write a python function to find the cube sum of first n even natural numbers.,116,Write a python function that takes in an integer n and returns the sum of the squares of the first n odd natural numbers.,0.9188425540924072,5,,
184,Write a python function to find the cube sum of first n even natural numbers.,534,Create a function that calculates the difference between the sum of cubes and the sum of the first n natural numbers.,0.9172903299331665,6,,
184,Write a python function to find the cube sum of first n even natural numbers.,480,Create a function that calculates the average value of the cubes of the first n natural numbers.,0.9158794283866882,7,,
184,Write a python function to find the cube sum of first n even natural numbers.,414,Create a Python function that calculates the sum of the fifth powers of the first n even natural numbers.,0.9122846722602844,8,,
184,Write a python function to find the cube sum of first n even natural numbers.,428,Develop a function that calculates the sum of squares of the first n even natural numbers.,0.912217378616333,9,,
184,Write a python function to find the cube sum of first n even natural numbers.,280,Write a function to find sum and average of first n natural numbers.,0.9097459316253662,10,,
184,Write a python function to find the cube sum of first n even natural numbers.,120,Write a python function that takes in an integer n and finds the sum of the first n even natural numbers that are raised to the fifth power.,0.9094264507293701,11,,
184,Write a python function to find the cube sum of first n even natural numbers.,410,Create a Python function that sums the squares of the first n odd numbers.,0.9048030376434326,12,,
184,Write a python function to find the cube sum of first n even natural numbers.,215,Write a python function to find the sum of even factors of a number.,0.8983712792396545,13,,
184,Write a python function to find the cube sum of first n even natural numbers.,574,Create a function that calculates both the sum and the average of the first n natural numbers.,0.8954142332077026,14,,
184,Write a python function to find the cube sum of first n even natural numbers.,89,Write a python function that takes in a positive integer n and finds the sum of even index binomial coefficients.,0.8914535045623779,15,,
184,Write a python function to find the cube sum of first n even natural numbers.,119,Write a python function to find the sum of even numbers at even positions of a list.,0.8860844373703003,16,,
184,Write a python function to find the cube sum of first n even natural numbers.,383,Create a Python function to compute the sum of binomial coefficients at even indices for a given positive integer n.,0.8816992044448853,17,,
184,Write a python function to find the cube sum of first n even natural numbers.,238,Write a python function to find the first digit of a given number.,0.8792818784713745,18,,
184,Write a python function to find the cube sum of first n even natural numbers.,74,Write a python function to find the sum of common divisors of two given numbers.,0.85747891664505,19,,
184,Write a python function to find the cube sum of first n even natural numbers.,273,Write a python function to find the sum of the product of consecutive binomial co-efficients.,0.8536922931671143,20,,
185,Write a function to concatenate each element of tuple by the delimiter.,479,Create a function that concatenates the elements of a tuple using a specified delimiter.,0.9517632722854614,1,,
185,Write a function to concatenate each element of tuple by the delimiter.,374,Create a function that concatenates all elements of a tuple into a single string.,0.918428361415863,2,,
185,Write a function to concatenate each element of tuple by the delimiter.,354,Create a function that appends all elements of a list to a tuple.,0.8936929106712341,3,,
185,Write a function to concatenate each element of tuple by the delimiter.,415,Develop a function that extracts the last element from each tuple in a list.,0.886478841304779,4,,
185,Write a function to concatenate each element of tuple by the delimiter.,446,Develop a function to transform a string into a tuple where each character is an element.,0.881440281867981,5,,
185,Write a function to concatenate each element of tuple by the delimiter.,207,Write a function to trim each tuple by k in the given tuple list.,0.8810714483261108,6,,
185,Write a function to concatenate each element of tuple by the delimiter.,503,Create a function that tallies the occurrences of each list element in a tuple.,0.8773137331008911,7,,
185,Write a function to concatenate each element of tuple by the delimiter.,472,Create a function that retrieves the nth element from each tuple in a list of tuples.,0.8766351938247681,8,,
185,Write a function to concatenate each element of tuple by the delimiter.,360,Create a function that joins all numbers in a tuple into one integer.,0.8733535408973694,9,,
185,Write a function to concatenate each element of tuple by the delimiter.,481,Create a function that retrieves the last character from each string in a tuple.,0.8665555119514465,10,,
185,Write a function to concatenate each element of tuple by the delimiter.,326,Create a function that returns tuples from a list where every element is divisible by a given number k.,0.8652448654174805,11,,
185,Write a function to concatenate each element of tuple by the delimiter.,268,Write a function to convert a list to a tuple.,0.8646619319915771,12,,
185,Write a function to concatenate each element of tuple by the delimiter.,80,Write a function to convert a tuple to a string.,0.863539457321167,13,,
185,Write a function to concatenate each element of tuple by the delimiter.,32,Write a function to find tuples which have all elements divisible by k from the given list of tuples.,0.8629024028778076,14,,
185,Write a function to concatenate each element of tuple by the delimiter.,22,Write a function to sort a list of tuples using the second value of each tuple.,0.8622956871986389,15,,
185,Write a function to concatenate each element of tuple by the delimiter.,121,Write a function that takes in a list of tuples and returns a list containing the rear element of each tuple.,0.8613684177398682,16,,
185,Write a function to concatenate each element of tuple by the delimiter.,245,Write a function to find the union of the elements of two given tuples and output them in sorted order.,0.8604315519332886,17,,
185,Write a function to concatenate each element of tuple by the delimiter.,504,Create a function that computes the cube of each element in a list.,0.8603003025054932,18,,
185,Write a function to concatenate each element of tuple by the delimiter.,149,Write a function to get a colon of a tuple.,0.8602449893951416,19,,
185,Write a function to concatenate each element of tuple by the delimiter.,502,Create a function that multiplies elements of two tuples at the same index together.,0.8599550724029541,20,,
187,Write a function to extract only the rear index element of each string in the given tuple.,121,Write a function that takes in a list of tuples and returns a list containing the rear element of each tuple.,0.8794294595718384,1,,
187,Write a function to extract only the rear index element of each string in the given tuple.,481,Create a function that retrieves the last character from each string in a tuple.,0.8635339736938477,2,,
187,Write a function to extract only the rear index element of each string in the given tuple.,374,Create a function that concatenates all elements of a tuple into a single string.,0.8496148586273193,3,,
187,Write a function to extract only the rear index element of each string in the given tuple.,415,Develop a function that extracts the last element from each tuple in a list.,0.8478024005889893,4,,
187,Write a function to extract only the rear index element of each string in the given tuple.,178,Write a function to extract the nth element from a given list of tuples.,0.8466817140579224,5,,
187,Write a function to extract only the rear index element of each string in the given tuple.,192,Write a function to extract the elementwise and tuples from the given two tuples.,0.8386664390563965,6,,
187,Write a function to extract only the rear index element of each string in the given tuple.,472,Create a function that retrieves the nth element from each tuple in a list of tuples.,0.8385383486747742,7,,
187,Write a function to extract only the rear index element of each string in the given tuple.,185,Write a function to concatenate each element of tuple by the delimiter.,0.834522545337677,8,,
187,Write a function to extract only the rear index element of each string in the given tuple.,208,Write a function to perform index wise multiplication of tuple elements in the given two tuples.,0.8337305784225464,9,,
187,Write a function to extract only the rear index element of each string in the given tuple.,218,Write a function to reverse each string in a given list of string values.,0.8334284424781799,10,,
187,Write a function to extract only the rear index element of each string in the given tuple.,446,Develop a function to transform a string into a tuple where each character is an element.,0.8328896760940552,11,,
187,Write a function to extract only the rear index element of each string in the given tuple.,167,Write a function to extract the number of unique tuples in the given list.,0.8328226804733276,12,,
187,Write a function to extract only the rear index element of each string in the given tuple.,168,Write a function to perform index wise addition of tuple elements in the given two nested tuples.,0.830880880355835,13,,
187,Write a function to extract only the rear index element of each string in the given tuple.,125,Write a function to find the number of elements that occurs before the tuple element in the given tuple.,0.8299225568771362,14,,
187,Write a function to extract only the rear index element of each string in the given tuple.,232,Write a function to find the tuple intersection of elements in the given tuple list irrespective of their order.,0.829319953918457,15,,
187,Write a function to extract only the rear index element of each string in the given tuple.,181,Write a function to find common first element in given list of tuple.,0.8289490938186646,16,,
187,Write a function to extract only the rear index element of each string in the given tuple.,207,Write a function to trim each tuple by k in the given tuple list.,0.8256295323371887,17,,
187,Write a function to extract only the rear index element of each string in the given tuple.,122,Write a function that takes in two tuples and subtracts the elements of the first tuple by the elements of the second tuple with the same index.,0.8238847255706787,18,,
187,Write a function to extract only the rear index element of each string in the given tuple.,32,Write a function to find tuples which have all elements divisible by k from the given list of tuples.,0.823788583278656,19,,
187,Write a function to extract only the rear index element of each string in the given tuple.,501,Create a function that shortens each tuple in a list of tuples by removing the first and last k elements.,0.8211051821708679,20,,
189,Write a function to filter odd numbers.,471,Create a function that filters out odd numbers from a list.,0.947494626045227,1,,
189,Write a function to filter odd numbers.,483,Create a function that filters out odd numbers from a list.,0.947494626045227,2,,
189,Write a function to filter odd numbers.,533,Create a function that filters and returns only the odd integers from a list.,0.8964167833328247,3,,
189,Write a function to filter odd numbers.,177,Write a python function to remove odd numbers from a given list.,0.8947719931602478,4,,
189,Write a function to filter odd numbers.,200,Write a function to remove odd characters in a string.,0.8896889090538025,5,,
189,Write a function to filter odd numbers.,493,Create a function that filters and returns negative numbers from a list.,0.8738767504692078,6,,
189,Write a function to filter odd numbers.,465,Create a function that determines if the parity of a number is odd.,0.8681135177612305,7,,
189,Write a function to filter odd numbers.,548,Create a function that filters out duplicate numbers from multiple lists.,0.864749550819397,8,,
189,Write a function to filter odd numbers.,575,Create a function that determines if a number is even.,0.8619384765625,9,,
189,Write a function to filter odd numbers.,494,Create a function that eliminates characters at odd positions in a string.,0.8561327457427979,10,,
189,Write a function to filter odd numbers.,171,Write a python function to find whether the parity of a given number is odd.,0.8547273874282837,11,,
189,Write a function to filter odd numbers.,108,Write a python function to remove the characters which have odd index values of a given string.,0.852579653263092,12,,
189,Write a function to filter odd numbers.,239,Write a python function which takes a list of integers and only returns the odd ones.,0.8505995273590088,13,,
189,Write a function to filter odd numbers.,275,Write a function to find the difference of the first even and first odd number of a given list.,0.8499496579170227,14,,
189,Write a function to filter odd numbers.,75,Write a function to multiply two integers.,0.8485467433929443,15,,
189,Write a function to filter odd numbers.,1,Write a python function to identify non-prime numbers.,0.8472582101821899,16,,
189,Write a function to filter odd numbers.,569,Create a function that calculates the difference between the first even and first odd number in a list.,0.8464076519012451,17,,
189,Write a function to filter odd numbers.,86,Write a function to sort a list of elements.,0.8462992906570435,18,,
189,Write a function to filter odd numbers.,29,Write a function to sort a list of elements.,0.8462992906570435,19,,
189,Write a function to filter odd numbers.,62,Write a python function to find the number of numbers with an odd value when rotating a binary string the given number of times.,0.8461531400680542,20,,
191,Write a function to sort the given array by using shell sort.,485,Create a function that arranges an array using the shell sort algorithm.,0.945090115070343,1,,
191,Write a function to sort the given array by using shell sort.,86,Write a function to sort a list of elements.,0.891366183757782,2,,
191,Write a function to sort the given array by using shell sort.,29,Write a function to sort a list of elements.,0.891366183757782,3,,
191,Write a function to sort the given array by using shell sort.,8,Write a function to sort a given matrix in ascending order according to the sum of its rows.,0.8740413188934326,4,,
191,Write a function to sort the given array by using shell sort.,234,Write a function to sort a dictionary by value.,0.8707104325294495,5,,
191,Write a function to sort the given array by using shell sort.,253,Write a function to sort each sublist of strings in a given list of lists.,0.8686365485191345,6,,
191,Write a function to sort the given array by using shell sort.,58,Write a function to sort each sublist of strings in a given list of lists.,0.8686365485191345,7,,
191,Write a function to sort the given array by using shell sort.,380,Implement a function that sorts the elements of a list in ascending order.,0.8604698181152344,8,,
191,Write a function to sort the given array by using shell sort.,323,Implement a function that sorts the elements of a list in ascending order.,0.8604698181152344,9,,
191,Write a function to sort the given array by using shell sort.,435,Develop a function to count the number of inversions needed to sort an array.,0.8527489304542542,10,,
191,Write a function to sort the given array by using shell sort.,251,Write a function to check whether a specified list is sorted or not.,0.8520655632019043,11,,
191,Write a function to sort the given array by using shell sort.,302,Implement a function that sorts a matrix by the sum of each row in ascending order.,0.8478204011917114,12,,
191,Write a function to sort the given array by using shell sort.,22,Write a function to sort a list of tuples using the second value of each tuple.,0.8474660515785217,13,,
191,Write a function to sort the given array by using shell sort.,545,Create a function that verifies if a list is sorted in ascending order.,0.8432720899581909,14,,
191,Write a function to sort the given array by using shell sort.,69,Write a python function to find the element that appears only once in a sorted array.,0.8407877683639526,15,,
191,Write a function to sort the given array by using shell sort.,352,Create a function that sorts every sublist of strings within a list of lists.,0.8398182392120361,16,,
191,Write a function to sort the given array by using shell sort.,278,Write a function to find kth element from the given two sorted arrays.,0.8336994647979736,17,,
191,Write a function to sort the given array by using shell sort.,316,Implement a function to sort tuples in a list based on their second element.,0.8336286544799805,18,,
191,Write a function to sort the given array by using shell sort.,245,Write a function to find the union of the elements of two given tuples and output them in sorted order.,0.8308708667755127,19,,
191,Write a function to sort the given array by using shell sort.,547,Create a function that arranges the strings in each sublist of a list of lists.,0.8274685144424438,20,,
192,Write a function to extract the elementwise and tuples from the given two tuples.,486,Create a function that retrieves the element-wise AND results of two tuples.,0.9276168942451477,1,,
192,Write a function to extract the elementwise and tuples from the given two tuples.,260,Write a function to find the dissimilar elements in the given two tuples.,0.9121439456939697,2,,
192,Write a function to extract the elementwise and tuples from the given two tuples.,208,Write a function to perform index wise multiplication of tuple elements in the given two tuples.,0.9068800806999207,3,,
192,Write a function to extract the elementwise and tuples from the given two tuples.,245,Write a function to find the union of the elements of two given tuples and output them in sorted order.,0.9028092622756958,4,,
192,Write a function to extract the elementwise and tuples from the given two tuples.,416,Create a function that subtracts corresponding elements of two tuples and returns the result as a tuple.,0.8999422788619995,5,,
192,Write a function to extract the elementwise and tuples from the given two tuples.,168,Write a function to perform index wise addition of tuple elements in the given two nested tuples.,0.8925222754478455,6,,
192,Write a function to extract the elementwise and tuples from the given two tuples.,178,Write a function to extract the nth element from a given list of tuples.,0.8925184011459351,7,,
192,Write a function to extract the elementwise and tuples from the given two tuples.,122,Write a function that takes in two tuples and subtracts the elements of the first tuple by the elements of the second tuple with the same index.,0.8888589143753052,8,,
192,Write a function to extract the elementwise and tuples from the given two tuples.,229,Write a function to find the pairwise addition of the neighboring elements of the given tuple.,0.8849220275878906,9,,
192,Write a function to extract the elementwise and tuples from the given two tuples.,539,Create a function that determines the union of two tuples' elements and returns them in sorted order.,0.8796296715736389,10,,
192,Write a function to extract the elementwise and tuples from the given two tuples.,554,Create a function that identifies elements that are in either of the two tuples but not in both.,0.8715742826461792,11,,
192,Write a function to extract the elementwise and tuples from the given two tuples.,523,Create a function that computes the pairwise sum of adjacent elements in a tuple.,0.8708783388137817,12,,
192,Write a function to extract the elementwise and tuples from the given two tuples.,472,Create a function that retrieves the nth element from each tuple in a list of tuples.,0.8707588911056519,13,,
192,Write a function to extract the elementwise and tuples from the given two tuples.,22,Write a function to sort a list of tuples using the second value of each tuple.,0.8691345453262329,14,,
192,Write a function to extract the elementwise and tuples from the given two tuples.,125,Write a function to find the number of elements that occurs before the tuple element in the given tuple.,0.8688094615936279,15,,
192,Write a function to extract the elementwise and tuples from the given two tuples.,167,Write a function to extract the number of unique tuples in the given list.,0.8674386143684387,16,,
192,Write a function to extract the elementwise and tuples from the given two tuples.,502,Create a function that multiplies elements of two tuples at the same index together.,0.8655651807785034,17,,
192,Write a function to extract the elementwise and tuples from the given two tuples.,460,Create a function that executes the bitwise XOR operation on the elements of two tuples.,0.8643888831138611,18,,
192,Write a function to extract the elementwise and tuples from the given two tuples.,342,Create a function that finds the first element from the tuple with the lowest second value in a list.,0.8625324964523315,19,,
192,Write a function to extract the elementwise and tuples from the given two tuples.,121,Write a function that takes in a list of tuples and returns a list containing the rear element of each tuple.,0.8624406456947327,20,,
198,Write a python function to find the last digit of a given number.,258,Write a python function to find the last digit in factorial of a given number.,0.9517446756362915,1,,
198,Write a python function to find the last digit of a given number.,238,Write a python function to find the first digit of a given number.,0.9513171911239624,2,,
198,Write a python function to find the last digit of a given number.,492,Create a function that extracts the last digit from a given number.,0.9370208978652954,3,,
198,Write a python function to find the last digit of a given number.,16,Write a python function to find the largest number that can be formed with the given list of digits.,0.9040322303771973,4,,
198,Write a python function to find the last digit of a given number.,552,Create a function that determines the last digit of the factorial of a number.,0.9014228582382202,5,,
198,Write a python function to find the last digit of a given number.,169,Write a python function to find the minimum of two numbers.,0.8911895155906677,6,,
198,Write a python function to find the last digit of a given number.,20,Write a python function to find smallest number in a list.,0.888404905796051,7,,
198,Write a python function to find the last digit of a given number.,151,Write a python function to find the maximum of two numbers.,0.885028600692749,8,,
198,Write a python function to find the last digit of a given number.,50,Write a python function to find the number of divisors of a given integer.,0.8833775520324707,9,,
198,Write a python function to find the last digit of a given number.,288,Write a python function to find nth bell number.,0.8819219470024109,10,,
198,Write a python function to find the last digit of a given number.,532,Create a function that extracts the first digit from a given number.,0.8816254734992981,11,,
198,Write a python function to find the last digit of a given number.,310,Develop a Python function that constructs the biggest number possible from a list of digits.,0.874649703502655,12,,
198,Write a python function to find the last digit of a given number.,215,Write a python function to find the sum of even factors of a number.,0.8695288896560669,13,,
198,Write a python function to find the last digit of a given number.,281,Write a python function to check whether the given number is even or not.,0.8693884015083313,14,,
198,Write a python function to find the last digit of a given number.,243,Write a python function to find the sum of the per-digit difference between two integers.,0.868220329284668,15,,
198,Write a python function to find the last digit of a given number.,33,Write a python function to find whether a number is divisible by 11.,0.8675988912582397,16,,
198,Write a python function to find the last digit of a given number.,137,Write a python function to find quotient of two numbers (rounded down to the nearest integer).,0.866874098777771,17,,
198,Write a python function to find the last digit of a given number.,1,Write a python function to identify non-prime numbers.,0.8662219047546387,18,,
198,Write a python function to find the last digit of a given number.,19,Write a python function to count the number of substrings with the sum of digits equal to their length.,0.8661264181137085,19,,
198,Write a python function to find the last digit of a given number.,130,Write a python function takes in an integer and check whether the frequency of each digit in the integer is less than or equal to the digit itself.,0.8658319711685181,20,,
200,Write a function to remove odd characters in a string.,494,Create a function that eliminates characters at odd positions in a string.,0.95584636926651,1,,
200,Write a function to remove odd characters in a string.,108,Write a python function to remove the characters which have odd index values of a given string.,0.9307062029838562,2,,
200,Write a function to remove odd characters in a string.,402,Create a Python function that removes all characters at odd indices from a string.,0.9162323474884033,3,,
200,Write a function to remove odd characters in a string.,233,Write a function to replace characters in a string.,0.9154965877532959,4,,
200,Write a function to remove odd characters in a string.,12,Write a function to remove characters from the first string which are present in the second string.,0.9074527025222778,5,,
200,Write a function to remove odd characters in a string.,507,Create a function that eliminates all whitespace characters from a string.,0.8945741653442383,6,,
200,Write a function to remove odd characters in a string.,531,Create a function that eliminates lowercase letter sequences from a string.,0.8912913203239441,7,,
200,Write a function to remove odd characters in a string.,177,Write a python function to remove odd numbers from a given list.,0.8907545804977417,8,,
200,Write a function to remove odd characters in a string.,189,Write a function to filter odd numbers.,0.8896889090538025,9,,
200,Write a function to remove odd characters in a string.,221,Write a function to remove uppercase substrings from a given string.,0.88548743724823,10,,
200,Write a function to remove odd characters in a string.,515,Create a function that eliminates uppercase letter sequences from a string.,0.8853336572647095,11,,
200,Write a function to remove odd characters in a string.,471,Create a function that filters out odd numbers from a list.,0.8831009268760681,12,,
200,Write a function to remove odd characters in a string.,483,Create a function that filters out odd numbers from a list.,0.8831009268760681,13,,
200,Write a function to remove odd characters in a string.,213,Write a function to remove all whitespaces from the given string.,0.8816227912902832,14,,
200,Write a function to remove odd characters in a string.,249,Write a python function to split a string into characters.,0.8729449510574341,15,,
200,Write a function to remove odd characters in a string.,284,Write a function to reverse words seperated by spaces in a given string.,0.8725110292434692,16,,
200,Write a function to remove odd characters in a string.,543,Create a function that divides a string into its individual characters.,0.8724841475486755,17,,
200,Write a function to remove odd characters in a string.,527,Create a function that substitutes specified characters in a string with new ones.,0.8684332370758057,18,,
200,Write a function to remove odd characters in a string.,591,Write a function to reverse a string,0.8682550191879272,19,,
200,Write a function to remove odd characters in a string.,598,Write a function to reverse a string,0.8682550191879272,20,,
203,Write a function to find the first adverb and their positions in a given sentence.,497,Create a function that identifies the first adverb in a sentence and provides its position.,0.9454428553581238,1,,
203,Write a function to find the first adverb and their positions in a given sentence.,265,Write a function to find the first adverb ending with ly and its positions in a given sentence.,0.9168874025344849,2,,
203,Write a function to find the first adverb and their positions in a given sentence.,559,Create a function that identifies the first adverb in a sentence ending with 'ly' and provides its position.,0.8946216106414795,3,,
203,Write a function to find the first adverb and their positions in a given sentence.,275,Write a function to find the difference of the first even and first odd number of a given list.,0.8119544982910156,4,,
203,Write a function to find the first adverb and their positions in a given sentence.,282,Write a python function to find the first repeated character in a given string.,0.8072125315666199,5,,
203,Write a function to find the first adverb and their positions in a given sentence.,12,Write a function to remove characters from the first string which are present in the second string.,0.7995672225952148,6,,
203,Write a function to find the first adverb and their positions in a given sentence.,576,Create a function that identifies the first character that appears more than once in a string.,0.7992969155311584,7,,
203,Write a function to find the first adverb and their positions in a given sentence.,284,Write a function to reverse words seperated by spaces in a given string.,0.7969909906387329,8,,
203,Write a function to find the first adverb and their positions in a given sentence.,181,Write a function to find common first element in given list of tuple.,0.7964573502540588,9,,
203,Write a function to find the first adverb and their positions in a given sentence.,162,Write a python function to find the first non-repeated character in a given string.,0.7962247133255005,10,,
203,Write a function to find the first adverb and their positions in a given sentence.,578,Create a function that reverses the order of words in a string where words are separated by spaces.,0.7940661907196045,11,,
203,Write a function to find the first adverb and their positions in a given sentence.,280,Write a function to find sum and average of first n natural numbers.,0.7936537265777588,12,,
203,Write a function to find the first adverb and their positions in a given sentence.,456,Create a function that identifies the first non-repeating character in a string.,0.7920694351196289,13,,
203,Write a function to find the first adverb and their positions in a given sentence.,356,Create a Python function that counts the number of ones in the first n positions of a binary string.,0.7902569770812988,14,,
203,Write a function to find the first adverb and their positions in a given sentence.,222,Write a python function to get the first element of each sublist.,0.7894746661186218,15,,
203,Write a function to find the first adverb and their positions in a given sentence.,393,Develop a function that counts characters whose position in a string matches their position in the alphabet.,0.7894473671913147,16,,
203,Write a function to find the first adverb and their positions in a given sentence.,7,Write a python function to remove first and last occurrence of a given character from the string.,0.7886160016059875,17,,
203,Write a function to find the first adverb and their positions in a given sentence.,569,Create a function that calculates the difference between the first even and first odd number in a list.,0.7856347560882568,18,,
203,Write a function to find the first adverb and their positions in a given sentence.,245,Write a function to find the union of the elements of two given tuples and output them in sorted order.,0.7848111391067505,19,,
203,Write a function to find the first adverb and their positions in a given sentence.,342,Create a function that finds the first element from the tuple with the lowest second value in a list.,0.7847716212272644,20,,
204,Write a function to find the surface area of a cube of a given size.,498,Create a function that calculates the surface area of a cube based on its size.,0.951227068901062,1,,
204,Write a function to find the surface area of a cube of a given size.,39,Write a function to find the surface area of a sphere.,0.9302803874015808,2,,
204,Write a function to find the surface area of a cube of a given size.,115,Write a function to find the lateral surface area of a cube given its side length.,0.9258530139923096,3,,
204,Write a function to find the surface area of a cube of a given size.,256,Write a function to find the surface area of a cylinder.,0.9047625660896301,4,,
204,Write a function to find the surface area of a cube of a given size.,409,Develop a function that calculates the lateral surface area of a cube from its side length.,0.8998340368270874,5,,
204,Write a function to find the surface area of a cube of a given size.,36,Write a function to find the volume of a sphere.,0.8869513869285583,6,,
204,Write a function to find the surface area of a cube of a given size.,220,Write a function to find the area of a rectangle.,0.8867064714431763,7,,
204,Write a function to find the surface area of a cube of a given size.,333,Implement a function to calculate the surface area of a sphere from its radius.,0.8747417330741882,8,,
204,Write a function to find the surface area of a cube of a given size.,154,Write a function to find the volume of a cone.,0.870972752571106,9,,
204,Write a function to find the surface area of a cube of a given size.,550,Create a function that calculates the surface area of a cylinder given its radius and height.,0.8607850074768066,10,,
204,Write a function to find the surface area of a cube of a given size.,210,Write a function to find cubes of individual elements in a list.,0.8604707717895508,11,,
204,Write a function to find the surface area of a cube of a given size.,85,Write a function to find the circumference of a circle.,0.8591328859329224,12,,
204,Write a function to find the surface area of a cube of a given size.,262,Write a python function to find the surface area of a square pyramid with a given base edge and height.,0.8561026453971863,13,,
204,Write a function to find the surface area of a cube of a given size.,277,Write a function to find the size in bytes of the given tuple.,0.8550254702568054,14,,
204,Write a function to find the surface area of a cube of a given size.,330,Create a function that computes the volume of a sphere given its radius.,0.8521121740341187,15,,
204,Write a function to find the surface area of a cube of a given size.,514,Create a function that calculates the area of a rectangle given its length and breadth.,0.8501807451248169,16,,
204,Write a function to find the surface area of a cube of a given size.,97,Write a function to calculate the area of a regular polygon given the length and number of its sides.,0.8476468920707703,17,,
204,Write a function to find the surface area of a cube of a given size.,556,Create a function that calculates the surface area of a square pyramid given the length of a base edge and the pyramid's height.,0.8441848158836365,18,,
204,Write a function to find the surface area of a cube of a given size.,305,Create a function to compute the perimeter of a square from its side length.,0.8404271602630615,19,,
204,Write a function to find the surface area of a cube of a given size.,504,Create a function that computes the cube of each element in a list.,0.839653730392456,20,,
208,Write a function to perform index wise multiplication of tuple elements in the given two tuples.,168,Write a function to perform index wise addition of tuple elements in the given two nested tuples.,0.9511750936508179,1,,
208,Write a function to perform index wise multiplication of tuple elements in the given two tuples.,502,Create a function that multiplies elements of two tuples at the same index together.,0.935710608959198,2,,
208,Write a function to perform index wise multiplication of tuple elements in the given two tuples.,192,Write a function to extract the elementwise and tuples from the given two tuples.,0.9068800806999207,3,,
208,Write a function to perform index wise multiplication of tuple elements in the given two tuples.,122,Write a function that takes in two tuples and subtracts the elements of the first tuple by the elements of the second tuple with the same index.,0.9044786691665649,4,,
208,Write a function to perform index wise multiplication of tuple elements in the given two tuples.,260,Write a function to find the dissimilar elements in the given two tuples.,0.9013243317604065,5,,
208,Write a function to perform index wise multiplication of tuple elements in the given two tuples.,462,Create a function that adds together elements of two nested tuples at the same index.,0.8950100541114807,6,,
208,Write a function to perform index wise multiplication of tuple elements in the given two tuples.,486,Create a function that retrieves the element-wise AND results of two tuples.,0.8943700790405273,7,,
208,Write a function to perform index wise multiplication of tuple elements in the given two tuples.,245,Write a function to find the union of the elements of two given tuples and output them in sorted order.,0.8922544717788696,8,,
208,Write a function to perform index wise multiplication of tuple elements in the given two tuples.,523,Create a function that computes the pairwise sum of adjacent elements in a tuple.,0.8886877298355103,9,,
208,Write a function to perform index wise multiplication of tuple elements in the given two tuples.,229,Write a function to find the pairwise addition of the neighboring elements of the given tuple.,0.8858985900878906,10,,
208,Write a function to perform index wise multiplication of tuple elements in the given two tuples.,416,Create a function that subtracts corresponding elements of two tuples and returns the result as a tuple.,0.8854089975357056,11,,
208,Write a function to perform index wise multiplication of tuple elements in the given two tuples.,22,Write a function to sort a list of tuples using the second value of each tuple.,0.8817777037620544,12,,
208,Write a function to perform index wise multiplication of tuple elements in the given two tuples.,125,Write a function to find the number of elements that occurs before the tuple element in the given tuple.,0.8802895545959473,13,,
208,Write a function to perform index wise multiplication of tuple elements in the given two tuples.,539,Create a function that determines the union of two tuples' elements and returns them in sorted order.,0.8789217472076416,14,,
208,Write a function to perform index wise multiplication of tuple elements in the given two tuples.,406,Create a function that splits a list into two at a given index L and returns both parts as a tuple.,0.8728960156440735,15,,
208,Write a function to perform index wise multiplication of tuple elements in the given two tuples.,316,Implement a function to sort tuples in a list based on their second element.,0.8718898296356201,16,,
208,Write a function to perform index wise multiplication of tuple elements in the given two tuples.,232,Write a function to find the tuple intersection of elements in the given tuple list irrespective of their order.,0.8713210225105286,17,,
208,Write a function to perform index wise multiplication of tuple elements in the given two tuples.,460,Create a function that executes the bitwise XOR operation on the elements of two tuples.,0.870205819606781,18,,
208,Write a function to perform index wise multiplication of tuple elements in the given two tuples.,75,Write a function to multiply two integers.,0.868026077747345,19,,
208,Write a function to perform index wise multiplication of tuple elements in the given two tuples.,419,Create a function that counts how many elements appear before the first tuple element in the given tuple.,0.8659827709197998,20,,
213,Write a function to remove all whitespaces from the given string.,507,Create a function that eliminates all whitespace characters from a string.,0.9604262113571167,1,,
213,Write a function to remove all whitespaces from the given string.,221,Write a function to remove uppercase substrings from a given string.,0.8935501575469971,2,,
213,Write a function to remove all whitespaces from the given string.,200,Write a function to remove odd characters in a string.,0.8816227912902832,3,,
213,Write a function to remove all whitespaces from the given string.,12,Write a function to remove characters from the first string which are present in the second string.,0.8751430511474609,4,,
213,Write a function to remove all whitespaces from the given string.,237,Write a python function to remove lowercase substrings from a given string.,0.8701098561286926,5,,
213,Write a function to remove all whitespaces from the given string.,284,Write a function to reverse words seperated by spaces in a given string.,0.8695385456085205,6,,
213,Write a function to remove all whitespaces from the given string.,405,Develop a function that replaces every space in a string with a specified character.,0.8660092353820801,7,,
213,Write a function to remove all whitespaces from the given string.,494,Create a function that eliminates characters at odd positions in a string.,0.8655291795730591,8,,
213,Write a function to remove all whitespaces from the given string.,298,Write a function that extracts all words with a minimum length of four characters from a string.,0.8644002676010132,9,,
213,Write a function to remove all whitespaces from the given string.,402,Create a Python function that removes all characters at odd indices from a string.,0.8592612147331238,10,,
213,Write a function to remove all whitespaces from the given string.,531,Create a function that eliminates lowercase letter sequences from a string.,0.8584518432617188,11,,
213,Write a function to remove all whitespaces from the given string.,515,Create a function that eliminates uppercase letter sequences from a string.,0.8567951917648315,12,,
213,Write a function to remove all whitespaces from the given string.,306,Develop a function that deletes all characters from the first string that also appear in the second string.,0.8521106243133545,13,,
213,Write a function to remove all whitespaces from the given string.,95,Write a function to remove all elements from a given list present in another list.,0.8494229316711426,14,,
213,Write a function to remove all whitespaces from the given string.,68,Write a function to convert a string to a list of strings split on the space character.,0.8453612923622131,15,,
213,Write a function to remove all whitespaces from the given string.,111,"Write a function that takes in a string and character, replaces blank spaces in the string with the character, and returns the string.",0.8442031741142273,16,,
213,Write a function to remove all whitespaces from the given string.,530,Create a function that changes all characters in a string to lowercase.,0.8440451622009277,17,,
213,Write a function to remove all whitespaces from the given string.,108,Write a python function to remove the characters which have odd index values of a given string.,0.8408056497573853,18,,
213,Write a function to remove all whitespaces from the given string.,7,Write a python function to remove first and last occurrence of a given character from the string.,0.840086042881012,19,,
213,Write a function to remove all whitespaces from the given string.,233,Write a function to replace characters in a string.,0.8391276597976685,20,,
215,Write a python function to find the sum of even factors of a number.,119,Write a python function to find the sum of even numbers at even positions of a list.,0.9367496967315674,1,,
215,Write a python function to find the sum of even factors of a number.,509,Create a function that computes the sum of all even factors of a given number.,0.9298540949821472,2,,
215,Write a python function to find the sum of even factors of a number.,89,Write a python function that takes in a positive integer n and finds the sum of even index binomial coefficients.,0.9037124514579773,3,,
215,Write a python function to find the sum of even factors of a number.,281,Write a python function to check whether the given number is even or not.,0.8992311358451843,4,,
215,Write a python function to find the sum of even factors of a number.,184,Write a python function to find the cube sum of first n even natural numbers.,0.8983712792396545,5,,
215,Write a python function to find the sum of even factors of a number.,74,Write a python function to find the sum of common divisors of two given numbers.,0.8926756978034973,6,,
215,Write a python function to find the sum of even factors of a number.,383,Create a Python function to compute the sum of binomial coefficients at even indices for a given positive integer n.,0.8926620483398438,7,,
215,Write a python function to find the sum of even factors of a number.,413,Develop a Python function that adds up all even numbers found at even indices in a list.,0.8889383673667908,8,,
215,Write a python function to find the sum of even factors of a number.,134,Write a python function takes in an integer n and returns the sum of squares of first n even natural numbers.,0.8880014419555664,9,,
215,Write a python function to find the sum of even factors of a number.,243,Write a python function to find the sum of the per-digit difference between two integers.,0.8860321640968323,10,,
215,Write a python function to find the sum of even factors of a number.,50,Write a python function to find the number of divisors of a given integer.,0.883763313293457,11,,
215,Write a python function to find the sum of even factors of a number.,171,Write a python function to find whether the parity of a given number is odd.,0.8835369348526001,12,,
215,Write a python function to find the sum of even factors of a number.,273,Write a python function to find the sum of the product of consecutive binomial co-efficients.,0.8825563192367554,13,,
215,Write a python function to find the sum of even factors of a number.,368,Create a Python function that returns the sum of all common divisors of two numbers.,0.8796267509460449,14,,
215,Write a python function to find the sum of even factors of a number.,414,Create a Python function that calculates the sum of the fifth powers of the first n even natural numbers.,0.8784899711608887,15,,
215,Write a python function to find the sum of even factors of a number.,258,Write a python function to find the last digit in factorial of a given number.,0.8779602646827698,16,,
215,Write a python function to find the sum of even factors of a number.,120,Write a python function that takes in an integer n and finds the sum of the first n even natural numbers that are raised to the fifth power.,0.8749234676361084,17,,
215,Write a python function to find the sum of even factors of a number.,410,Create a Python function that sums the squares of the first n odd numbers.,0.8745982646942139,18,,
215,Write a python function to find the sum of even factors of a number.,378,Create a Python function to determine if a number can be written as a sum of non-zero powers of two.,0.8744431138038635,19,,
215,Write a python function to find the sum of even factors of a number.,169,Write a python function to find the minimum of two numbers.,0.8740465641021729,20,,
224,Write a function to find all possible combinations of the elements of a given list.,518,Create a function that generates all possible combinations of elements from a given list.,0.9634200930595398,1,,
224,Write a function to find all possible combinations of the elements of a given list.,210,Write a function to find cubes of individual elements in a list.,0.8914536237716675,2,,
224,Write a function to find all possible combinations of the elements of a given list.,158,Write a function to apply a given format string to all of the elements in a list.,0.890178382396698,3,,
224,Write a function to find all possible combinations of the elements of a given list.,63,Write a function to find the common elements in given nested lists.,0.8877432346343994,4,,
224,Write a function to find all possible combinations of the elements of a given list.,504,Create a function that computes the cube of each element in a list.,0.8846107721328735,5,,
224,Write a function to find all possible combinations of the elements of a given list.,5,Write a function to find squares of individual elements in a list.,0.8836817741394043,6,,
224,Write a function to find all possible combinations of the elements of a given list.,384,Create a function that merges all numbers from a list of lists into a single set.,0.8810139298439026,7,,
224,Write a function to find all possible combinations of the elements of a given list.,67,Write a function to convert all possible convertible elements in a list of lists to floats.,0.8802888989448547,8,,
224,Write a function to find all possible combinations of the elements of a given list.,23,Write a function to flatten a list and sum all of its elements.,0.8800419569015503,9,,
224,Write a function to find all possible combinations of the elements of a given list.,549,Create a function that computes the product of all unique numbers in a list.,0.8791854381561279,10,,
224,Write a function to find all possible combinations of the elements of a given list.,95,Write a function to remove all elements from a given list present in another list.,0.878763735294342,11,,
224,Write a function to find all possible combinations of the elements of a given list.,354,Create a function that appends all elements of a list to a tuple.,0.878756046295166,12,,
224,Write a function to find all possible combinations of the elements of a given list.,425,Create a function that checks if all elements in a list are the same as the given element.,0.8781700134277344,13,,
224,Write a function to find all possible combinations of the elements of a given list.,165,Write a function to compute the sum of digits of each number of a given list.,0.877316415309906,14,,
224,Write a function to find all possible combinations of the elements of a given list.,357,Develop a function that returns the elements shared by all nested lists.,0.8758766651153564,15,,
224,Write a function to find all possible combinations of the elements of a given list.,0,Write a function to find the shared elements from the given two lists.,0.8746727705001831,16,,
224,Write a function to find all possible combinations of the elements of a given list.,299,Create a function that computes the square of each element in a list.,0.8733295202255249,17,,
224,Write a function to find all possible combinations of the elements of a given list.,131,Write a function that takes in a list and element and checks whether all items in the list are equal to the given element.,0.8719232678413391,18,,
224,Write a function to find all possible combinations of the elements of a given list.,42,"Write a function to get the frequency of all the elements in a list, returned as a dictionary.",0.8714826107025146,19,,
224,Write a function to find all possible combinations of the elements of a given list.,135,Write a function to find the list of maximum length in a list of lists.,0.8704190254211426,20,,
226,Write a function to check whether the given dictionary is empty,263,Write a function to check if a dictionary is empty,0.9881826639175415,1,,
226,Write a function to check whether the given dictionary is empty,520,Create a function that verifies if a dictionary is empty.,0.9584416151046753,2,,
226,Write a function to check whether the given dictionary is empty,557,Create a function that verifies if a dictionary is empty.,0.9584416151046753,3,,
226,Write a function to check whether the given dictionary is empty,65,Write a function to check whether all dictionaries in a list are empty or not.,0.9334819316864014,4,,
226,Write a function to check whether the given dictionary is empty,359,Develop a function that checks if every dictionary in a list is empty.,0.9283301830291748,5,,
226,Write a function to check whether the given dictionary is empty,227,Write a function to drop empty items from a given dictionary.,0.891883134841919,6,,
226,Write a function to check whether the given dictionary is empty,521,Create a function that removes entries with empty values from a dictionary.,0.8808488845825195,7,,
226,Write a function to check whether the given dictionary is empty,252,Write a function to create a list of N empty dictionaries.,0.8751569986343384,8,,
226,Write a function to check whether the given dictionary is empty,546,Create a function that generates a list containing N empty dictionaries.,0.8634109497070312,9,,
226,Write a function to check whether the given dictionary is empty,145,Write a function to find the depth of a dictionary.,0.8615418672561646,10,,
226,Write a function to check whether the given dictionary is empty,161,Write a function to check if given tuple contains no duplicates.,0.8525468111038208,11,,
226,Write a function to check whether the given dictionary is empty,64,Write a function to check if a string represents an integer or not.,0.8444314002990723,12,,
226,Write a function to check whether the given dictionary is empty,234,Write a function to sort a dictionary by value.,0.8443756103515625,13,,
226,Write a function to check whether the given dictionary is empty,27,Write a function to check whether a list contains the given sublist or not.,0.8384894728660583,14,,
226,Write a function to check whether the given dictionary is empty,46,Write a function to check whether the given number is undulating or not.,0.8359278440475464,15,,
226,Write a function to check whether the given dictionary is empty,251,Write a function to check whether a specified list is sorted or not.,0.8356565237045288,16,,
226,Write a function to check whether the given dictionary is empty,170,Write a function to check whether an element exists within a tuple.,0.8307660818099976,17,,
226,Write a function to check whether the given dictionary is empty,34,Write a python function to check whether the length of the word is odd or not.,0.8250097632408142,18,,
226,Write a function to check whether the given dictionary is empty,528,Create a function that arranges the entries of a dictionary based on their values.,0.8231306672096252,19,,
226,Write a function to check whether the given dictionary is empty,339,Develop a function to check if any string in a list contains a given substring.,0.8231098651885986,20,,
227,Write a function to drop empty items from a given dictionary.,521,Create a function that removes entries with empty values from a dictionary.,0.9315307140350342,1,,
227,Write a function to drop empty items from a given dictionary.,226,Write a function to check whether the given dictionary is empty,0.891883134841919,2,,
227,Write a function to drop empty items from a given dictionary.,252,Write a function to create a list of N empty dictionaries.,0.8847640156745911,3,,
227,Write a function to drop empty items from a given dictionary.,263,Write a function to check if a dictionary is empty,0.8840782642364502,4,,
227,Write a function to drop empty items from a given dictionary.,557,Create a function that verifies if a dictionary is empty.,0.8756108283996582,5,,
227,Write a function to drop empty items from a given dictionary.,520,Create a function that verifies if a dictionary is empty.,0.8756108283996582,6,,
227,Write a function to drop empty items from a given dictionary.,359,Develop a function that checks if every dictionary in a list is empty.,0.8731715679168701,7,,
227,Write a function to drop empty items from a given dictionary.,546,Create a function that generates a list containing N empty dictionaries.,0.8716917037963867,8,,
227,Write a function to drop empty items from a given dictionary.,65,Write a function to check whether all dictionaries in a list are empty or not.,0.8708831071853638,9,,
227,Write a function to drop empty items from a given dictionary.,234,Write a function to sort a dictionary by value.,0.8585864901542664,10,,
227,Write a function to drop empty items from a given dictionary.,95,Write a function to remove all elements from a given list present in another list.,0.8514790534973145,11,,
227,Write a function to drop empty items from a given dictionary.,145,Write a function to find the depth of a dictionary.,0.8437113165855408,12,,
227,Write a function to drop empty items from a given dictionary.,41,Write a function to merge three dictionaries into a single dictionary.,0.8378787040710449,13,,
227,Write a function to drop empty items from a given dictionary.,528,Create a function that arranges the entries of a dictionary based on their values.,0.8370928764343262,14,,
227,Write a function to drop empty items from a given dictionary.,159,Write a function to convert more than one list to nested dictionary.,0.8361279368400574,15,,
227,Write a function to drop empty items from a given dictionary.,213,Write a function to remove all whitespaces from the given string.,0.8343361616134644,16,,
227,Write a function to drop empty items from a given dictionary.,200,Write a function to remove odd characters in a string.,0.8274543285369873,17,,
227,Write a function to drop empty items from a given dictionary.,507,Create a function that eliminates all whitespace characters from a string.,0.8262512683868408,18,,
227,Write a function to drop empty items from a given dictionary.,42,"Write a function to get the frequency of all the elements in a list, returned as a dictionary.",0.8235182762145996,19,,
227,Write a function to drop empty items from a given dictionary.,418,Develop a function that returns a dictionary containing only entries whose values are at least n.,0.8211689591407776,20,,
230,Write a python function to find the product of the array multiplication modulo n.,524,"Create a function that calculates the product of an array's elements multiplied together, then applies a modulo operation with n.",0.9092024564743042,1,,
230,Write a python function to find the product of the array multiplication modulo n.,228,Write a function to find the maximum product formed by multiplying numbers of an increasing subsequence of that array.,0.8664332628250122,2,,
230,Write a python function to find the product of the array multiplication modulo n.,180,Write a python function to find a pair with highest product from a given array of integers.,0.8651658892631531,3,,
230,Write a python function to find the product of the array multiplication modulo n.,255,Write a python function to calculate the product of the unique numbers in a given list.,0.8598487377166748,4,,
230,Write a python function to find the product of the array multiplication modulo n.,273,Write a python function to find the sum of the product of consecutive binomial co-efficients.,0.8527966737747192,5,,
230,Write a python function to find the product of the array multiplication modulo n.,225,Write a function to find the maximum product subarray of the given array.,0.8491899967193604,6,,
230,Write a python function to find the product of the array multiplication modulo n.,215,Write a python function to find the sum of even factors of a number.,0.8486424684524536,7,,
230,Write a python function to find the product of the array multiplication modulo n.,50,Write a python function to find the number of divisors of a given integer.,0.8457598686218262,8,,
230,Write a python function to find the product of the array multiplication modulo n.,89,Write a python function that takes in a positive integer n and finds the sum of even index binomial coefficients.,0.8446294069290161,9,,
230,Write a python function to find the product of the array multiplication modulo n.,184,Write a python function to find the cube sum of first n even natural numbers.,0.844222903251648,10,,
230,Write a python function to find the product of the array multiplication modulo n.,288,Write a python function to find nth bell number.,0.8440728783607483,11,,
230,Write a python function to find the product of the array multiplication modulo n.,141,Write a python function to count inversions in an array.,0.8400206565856934,12,,
230,Write a python function to find the product of the array multiplication modulo n.,235,Write a python function to find the sum of the largest and smallest value in a given array.,0.8369905948638916,13,,
230,Write a python function to find the product of the array multiplication modulo n.,87,Write a python function to find the smallest power of 2 greater than or equal to n.,0.8363571166992188,14,,
230,Write a python function to find the product of the array multiplication modulo n.,134,Write a python function takes in an integer n and returns the sum of squares of first n even natural numbers.,0.8361435532569885,15,,
230,Write a python function to find the product of the array multiplication modulo n.,205,Write a function to find the ration of positive numbers in an array of integers.,0.8355264663696289,16,,
230,Write a python function to find the product of the array multiplication modulo n.,116,Write a python function that takes in an integer n and returns the sum of the squares of the first n odd natural numbers.,0.8348398208618164,17,,
230,Write a python function to find the product of the array multiplication modulo n.,383,Create a Python function to compute the sum of binomial coefficients at even indices for a given positive integer n.,0.8336408734321594,18,,
230,Write a python function to find the product of the array multiplication modulo n.,410,Create a Python function that sums the squares of the first n odd numbers.,0.833419919013977,19,,
230,Write a python function to find the product of the array multiplication modulo n.,156,Write a python function to find the highest power of 2 that is less than or equal to n.,0.833256721496582,20,,
233,Write a function to replace characters in a string.,527,Create a function that substitutes specified characters in a string with new ones.,0.9334089756011963,1,,
233,Write a function to replace characters in a string.,200,Write a function to remove odd characters in a string.,0.9154965877532959,2,,
233,Write a function to replace characters in a string.,405,Develop a function that replaces every space in a string with a specified character.,0.9078542590141296,3,,
233,Write a function to replace characters in a string.,111,"Write a function that takes in a string and character, replaces blank spaces in the string with the character, and returns the string.",0.9059222936630249,4,,
233,Write a function to replace characters in a string.,152,Write a function to convert a given string to a tuple of characters.,0.9051222801208496,5,,
233,Write a function to replace characters in a string.,530,Create a function that changes all characters in a string to lowercase.,0.8990811705589294,6,,
233,Write a function to replace characters in a string.,494,Create a function that eliminates characters at odd positions in a string.,0.8929563760757446,7,,
233,Write a function to replace characters in a string.,249,Write a python function to split a string into characters.,0.8929221630096436,8,,
233,Write a function to replace characters in a string.,594,Write a function to reverse a string,0.8921873569488525,9,,
233,Write a function to replace characters in a string.,591,Write a function to reverse a string,0.8921873569488525,10,,
233,Write a function to replace characters in a string.,596,Write a function to reverse a string,0.8921873569488525,11,,
233,Write a function to replace characters in a string.,598,Write a function to reverse a string,0.8921873569488525,12,,
233,Write a function to replace characters in a string.,536,Create a function that switches the case of each character in a string.,0.8906179666519165,13,,
233,Write a function to replace characters in a string.,512,Create a function that reverses the characters in each string within a list.,0.8879026174545288,14,,
233,Write a function to replace characters in a string.,80,Write a function to convert a tuple to a string.,0.886809229850769,15,,
233,Write a function to replace characters in a string.,68,Write a function to convert a string to a list of strings split on the space character.,0.8856085538864136,16,,
233,Write a function to replace characters in a string.,242,Write a function to toggle the case of all characters in a string.,0.8766865730285645,17,,
233,Write a function to replace characters in a string.,543,Create a function that divides a string into its individual characters.,0.876470685005188,18,,
233,Write a function to replace characters in a string.,12,Write a function to remove characters from the first string which are present in the second string.,0.875848114490509,19,,
233,Write a function to replace characters in a string.,284,Write a function to reverse words seperated by spaces in a given string.,0.8726929426193237,20,,
235,Write a python function to find the sum of the largest and smallest value in a given array.,269,Write a python function to find the difference between largest and smallest value in a given list.,0.9298355579376221,1,,
235,Write a python function to find the sum of the largest and smallest value in a given array.,529,Create a function that computes the sum of the maximum and minimum values in an array.,0.9118647575378418,2,,
235,Write a python function to find the sum of the largest and smallest value in a given array.,20,Write a python function to find smallest number in a list.,0.8925566673278809,3,,
235,Write a python function to find the sum of the largest and smallest value in a given array.,93,Write a python function to find the maximum difference between any two elements in a given array.,0.8923380970954895,4,,
235,Write a python function to find the sum of the largest and smallest value in a given array.,49,Write a python function to find the length of the smallest list in a list of lists.,0.8857868909835815,5,,
235,Write a python function to find the sum of the largest and smallest value in a given array.,180,Write a python function to find a pair with highest product from a given array of integers.,0.8790141344070435,6,,
235,Write a python function to find the sum of the largest and smallest value in a given array.,387,Develop a Python function to get the largest difference between any two elements in an array.,0.8737326860427856,7,,
235,Write a python function to find the sum of the largest and smallest value in a given array.,16,Write a python function to find the largest number that can be formed with the given list of digits.,0.8723500370979309,8,,
235,Write a python function to find the sum of the largest and smallest value in a given array.,627,Write a function to find the smallest max elements from seven arrays.,0.8719568848609924,9,,
235,Write a python function to find the sum of the largest and smallest value in a given array.,630,Write a function to find the smallest max elements from seven arrays.,0.8719568848609924,10,,
235,Write a python function to find the sum of the largest and smallest value in a given array.,538,Create a function that calculates the sum of the largest contiguous subarray within a given list.,0.8671238422393799,11,,
235,Write a python function to find the sum of the largest and smallest value in a given array.,243,Write a python function to find the sum of the per-digit difference between two integers.,0.866335391998291,12,,
235,Write a python function to find the sum of the largest and smallest value in a given array.,151,Write a python function to find the maximum of two numbers.,0.8641124963760376,13,,
235,Write a python function to find the sum of the largest and smallest value in a given array.,169,Write a python function to find the minimum of two numbers.,0.8631296157836914,14,,
235,Write a python function to find the sum of the largest and smallest value in a given array.,119,Write a python function to find the sum of even numbers at even positions of a list.,0.8628809452056885,15,,
235,Write a python function to find the sum of the largest and smallest value in a given array.,206,Write a python function to find the largest negative number from the given list.,0.8621608018875122,16,,
235,Write a python function to find the sum of the largest and smallest value in a given array.,225,Write a function to find the maximum product subarray of the given array.,0.8619793057441711,17,,
235,Write a python function to find the sum of the largest and smallest value in a given array.,182,Write a python function to find element of a list having maximum length.,0.8613172769546509,18,,
235,Write a python function to find the sum of the largest and smallest value in a given array.,244,Write a function to find the sum of the largest contiguous sublist in the given list.,0.8603454828262329,19,,
235,Write a python function to find the sum of the largest and smallest value in a given array.,314,Develop a Python function to return the minimum value in a list.,0.859831690788269,20,,
236,Write a python function to convert the given string to lower case.,237,Write a python function to remove lowercase substrings from a given string.,0.917203426361084,1,,
236,Write a python function to convert the given string to lower case.,223,Write a python function to count the upper case characters in a given string.,0.9065987467765808,2,,
236,Write a python function to convert the given string to lower case.,249,Write a python function to split a string into characters.,0.8855457305908203,3,,
236,Write a python function to convert the given string to lower case.,530,Create a function that changes all characters in a string to lowercase.,0.8844857215881348,4,,
236,Write a python function to convert the given string to lower case.,221,Write a function to remove uppercase substrings from a given string.,0.8720288872718811,5,,
236,Write a python function to convert the given string to lower case.,152,Write a function to convert a given string to a tuple of characters.,0.8714250326156616,6,,
236,Write a python function to convert the given string to lower case.,80,Write a function to convert a tuple to a string.,0.8638426661491394,7,,
236,Write a python function to convert the given string to lower case.,531,Create a function that eliminates lowercase letter sequences from a string.,0.8634897470474243,8,,
236,Write a python function to convert the given string to lower case.,68,Write a function to convert a string to a list of strings split on the space character.,0.8546784520149231,9,,
236,Write a python function to convert the given string to lower case.,233,Write a function to replace characters in a string.,0.8525516986846924,10,,
236,Write a python function to convert the given string to lower case.,7,Write a python function to remove first and last occurrence of a given character from the string.,0.8510992527008057,11,,
236,Write a python function to convert the given string to lower case.,536,Create a function that switches the case of each character in a string.,0.850777268409729,12,,
236,Write a python function to convert the given string to lower case.,517,Create a function that tallies the number of uppercase characters in a string.,0.8495920896530151,13,,
236,Write a python function to convert the given string to lower case.,20,Write a python function to find smallest number in a list.,0.8485288023948669,14,,
236,Write a python function to convert the given string to lower case.,515,Create a function that eliminates uppercase letter sequences from a string.,0.8472616672515869,15,,
236,Write a python function to convert the given string to lower case.,282,Write a python function to find the first repeated character in a given string.,0.8460930585861206,16,,
236,Write a python function to convert the given string to lower case.,242,Write a function to toggle the case of all characters in a string.,0.8438661098480225,17,,
236,Write a python function to convert the given string to lower case.,108,Write a python function to remove the characters which have odd index values of a given string.,0.8434848785400391,18,,
236,Write a python function to convert the given string to lower case.,300,Develop a Python function to determine the smallest number of rotations needed to return a string to its original form.,0.840677797794342,19,,
236,Write a python function to convert the given string to lower case.,162,Write a python function to find the first non-repeated character in a given string.,0.8401471972465515,20,,
241,Write a python function to count the number of pairs whose xor value is odd.,535,Create a function that counts the number of pairs in a list that have an odd XOR value.,0.9430805444717407,1,,
241,Write a python function to count the number of pairs whose xor value is odd.,100,Write a function that counts the number of pairs of integers in a list that xor to an even number.,0.9190560579299927,2,,
241,Write a python function to count the number of pairs whose xor value is odd.,171,Write a python function to find whether the parity of a given number is odd.,0.8962180614471436,3,,
241,Write a python function to count the number of pairs whose xor value is odd.,62,Write a python function to find the number of numbers with an odd value when rotating a binary string the given number of times.,0.8937248587608337,4,,
241,Write a python function to count the number of pairs whose xor value is odd.,394,Create a function that counts all pairs in a list whose XOR result is even.,0.8885008096694946,5,,
241,Write a python function to count the number of pairs whose xor value is odd.,248,Write a python function which takes a list of integers and counts the number of possible unordered pairs where both elements are unequal.,0.888003945350647,6,,
241,Write a python function to count the number of pairs whose xor value is odd.,239,Write a python function which takes a list of integers and only returns the odd ones.,0.8741946220397949,7,,
241,Write a python function to count the number of pairs whose xor value is odd.,542,Create a function that counts the number of unordered pairs in a list of integers where the two integers are different.,0.8689998388290405,8,,
241,Write a python function to count the number of pairs whose xor value is odd.,328,Create a Python function to determine if the length of a word is an odd number.,0.8682656288146973,9,,
241,Write a python function to count the number of pairs whose xor value is odd.,177,Write a python function to remove odd numbers from a given list.,0.8646663427352905,10,,
241,Write a python function to count the number of pairs whose xor value is odd.,410,Create a Python function that sums the squares of the first n odd numbers.,0.8613431453704834,11,,
241,Write a python function to count the number of pairs whose xor value is odd.,465,Create a function that determines if the parity of a number is odd.,0.8563810586929321,12,,
241,Write a python function to count the number of pairs whose xor value is odd.,215,Write a python function to find the sum of even factors of a number.,0.8560963869094849,13,,
241,Write a python function to count the number of pairs whose xor value is odd.,50,Write a python function to find the number of divisors of a given integer.,0.8542784452438354,14,,
241,Write a python function to count the number of pairs whose xor value is odd.,34,Write a python function to check whether the length of the word is odd or not.,0.8537850379943848,15,,
241,Write a python function to count the number of pairs whose xor value is odd.,281,Write a python function to check whether the given number is even or not.,0.8516817688941956,16,,
241,Write a python function to count the number of pairs whose xor value is odd.,344,Create a Python function that counts how many divisors a given integer has.,0.8506826162338257,17,,
241,Write a python function to count the number of pairs whose xor value is odd.,141,Write a python function to count inversions in an array.,0.8499014377593994,18,,
241,Write a python function to count the number of pairs whose xor value is odd.,24,Write a python function to count the number of positive numbers in a list.,0.848840594291687,19,,
241,Write a python function to count the number of pairs whose xor value is odd.,119,Write a python function to find the sum of even numbers at even positions of a list.,0.8482000827789307,20,,
242,Write a function to toggle the case of all characters in a string.,536,Create a function that switches the case of each character in a string.,0.9432544708251953,1,,
242,Write a function to toggle the case of all characters in a string.,530,Create a function that changes all characters in a string to lowercase.,0.9094884991645813,2,,
242,Write a function to toggle the case of all characters in a string.,233,Write a function to replace characters in a string.,0.8766865730285645,3,,
242,Write a function to toggle the case of all characters in a string.,405,Develop a function that replaces every space in a string with a specified character.,0.8734016418457031,4,,
242,Write a function to toggle the case of all characters in a string.,152,Write a function to convert a given string to a tuple of characters.,0.8729941844940186,5,,
242,Write a function to toggle the case of all characters in a string.,512,Create a function that reverses the characters in each string within a list.,0.8722010850906372,6,,
242,Write a function to toggle the case of all characters in a string.,507,Create a function that eliminates all whitespace characters from a string.,0.8652679324150085,7,,
242,Write a function to toggle the case of all characters in a string.,158,Write a function to apply a given format string to all of the elements in a list.,0.8629711270332336,8,,
242,Write a function to toggle the case of all characters in a string.,517,Create a function that tallies the number of uppercase characters in a string.,0.8597584366798401,9,,
242,Write a function to toggle the case of all characters in a string.,543,Create a function that divides a string into its individual characters.,0.859550952911377,10,,
242,Write a function to toggle the case of all characters in a string.,200,Write a function to remove odd characters in a string.,0.8593131303787231,11,,
242,Write a function to toggle the case of all characters in a string.,481,Create a function that retrieves the last character from each string in a tuple.,0.856774091720581,12,,
242,Write a function to toggle the case of all characters in a string.,446,Develop a function to transform a string into a tuple where each character is an element.,0.8536219596862793,13,,
242,Write a function to toggle the case of all characters in a string.,494,Create a function that eliminates characters at odd positions in a string.,0.8530643582344055,14,,
242,Write a function to toggle the case of all characters in a string.,223,Write a python function to count the upper case characters in a given string.,0.8509392738342285,15,,
242,Write a function to toggle the case of all characters in a string.,68,Write a function to convert a string to a list of strings split on the space character.,0.8507168292999268,16,,
242,Write a function to toggle the case of all characters in a string.,218,Write a function to reverse each string in a given list of string values.,0.8498597741127014,17,,
242,Write a function to toggle the case of all characters in a string.,527,Create a function that substitutes specified characters in a string with new ones.,0.8444492816925049,18,,
242,Write a function to toggle the case of all characters in a string.,80,Write a function to convert a tuple to a string.,0.8443013429641724,19,,
242,Write a function to toggle the case of all characters in a string.,531,Create a function that eliminates lowercase letter sequences from a string.,0.8438921570777893,20,,
243,Write a python function to find the sum of the per-digit difference between two integers.,537,Create a function that computes the sum of differences between corresponding digits of two integers.,0.9291161298751831,1,,
243,Write a python function to find the sum of the per-digit difference between two integers.,74,Write a python function to find the sum of common divisors of two given numbers.,0.8976645469665527,2,,
243,Write a python function to find the sum of the per-digit difference between two integers.,3,Write a python function to check whether the two numbers differ at one bit position only or not.,0.894666850566864,3,,
243,Write a python function to find the sum of the per-digit difference between two integers.,324,Create a Python function to determine if a number can be written as the difference of two squares.,0.8929004669189453,4,,
243,Write a python function to find the sum of the per-digit difference between two integers.,93,Write a python function to find the maximum difference between any two elements in a given array.,0.8927550315856934,5,,
243,Write a python function to find the sum of the per-digit difference between two integers.,30,Write a python function to check whether the given number can be represented as the difference of two squares or not.,0.8895442485809326,6,,
243,Write a python function to find the sum of the per-digit difference between two integers.,297,Create a Python function to determine if two numbers differ by exactly one bit position.,0.8877711296081543,7,,
243,Write a python function to find the sum of the per-digit difference between two integers.,311,Create a Python function to verify if two integers have different signs.,0.8871356248855591,8,,
243,Write a python function to find the sum of the per-digit difference between two integers.,215,Write a python function to find the sum of even factors of a number.,0.8860321640968323,9,,
243,Write a python function to find the sum of the per-digit difference between two integers.,169,Write a python function to find the minimum of two numbers.,0.8846547603607178,10,,
243,Write a python function to find the sum of the per-digit difference between two integers.,137,Write a python function to find quotient of two numbers (rounded down to the nearest integer).,0.8840694427490234,11,,
243,Write a python function to find the sum of the per-digit difference between two integers.,50,Write a python function to find the number of divisors of a given integer.,0.8832617998123169,12,,
243,Write a python function to find the sum of the per-digit difference between two integers.,368,Create a Python function that returns the sum of all common divisors of two numbers.,0.8798019289970398,13,,
243,Write a python function to find the sum of the per-digit difference between two integers.,151,Write a python function to find the maximum of two numbers.,0.8791947364807129,14,,
243,Write a python function to find the sum of the per-digit difference between two integers.,387,Develop a Python function to get the largest difference between any two elements in an array.,0.8764617443084717,15,,
243,Write a python function to find the sum of the per-digit difference between two integers.,378,Create a Python function to determine if a number can be written as a sum of non-zero powers of two.,0.8753612041473389,16,,
243,Write a python function to find the sum of the per-digit difference between two integers.,17,Write a python function to check whether the given two integers have opposite sign or not.,0.8740547299385071,17,,
243,Write a python function to find the sum of the per-digit difference between two integers.,19,Write a python function to count the number of substrings with the sum of digits equal to their length.,0.8731243014335632,18,,
243,Write a python function to find the sum of the per-digit difference between two integers.,238,Write a python function to find the first digit of a given number.,0.872273325920105,19,,
243,Write a python function to find the sum of the per-digit difference between two integers.,98,Write a function to determine if the sum of the divisors of two integers are the same.,0.8721892833709717,20,,
249,Write a python function to split a string into characters.,543,Create a function that divides a string into its individual characters.,0.9185789227485657,1,,
249,Write a python function to split a string into characters.,68,Write a function to convert a string to a list of strings split on the space character.,0.90773606300354,2,,
249,Write a python function to split a string into characters.,233,Write a function to replace characters in a string.,0.8929221630096436,3,,
249,Write a python function to split a string into characters.,152,Write a function to convert a given string to a tuple of characters.,0.8863699436187744,4,,
249,Write a python function to split a string into characters.,236,Write a python function to convert the given string to lower case.,0.8855457305908203,5,,
249,Write a python function to split a string into characters.,200,Write a function to remove odd characters in a string.,0.8729449510574341,6,,
249,Write a python function to split a string into characters.,237,Write a python function to remove lowercase substrings from a given string.,0.8712099194526672,7,,
249,Write a python function to split a string into characters.,282,Write a python function to find the first repeated character in a given string.,0.8702806234359741,8,,
249,Write a python function to split a string into characters.,108,Write a python function to remove the characters which have odd index values of a given string.,0.8689284920692444,9,,
249,Write a python function to split a string into characters.,80,Write a function to convert a tuple to a string.,0.8678378462791443,10,,
249,Write a python function to split a string into characters.,402,Create a Python function that removes all characters at odd indices from a string.,0.8675882816314697,11,,
249,Write a python function to split a string into characters.,223,Write a python function to count the upper case characters in a given string.,0.8674650192260742,12,,
249,Write a python function to split a string into characters.,362,Create a function that splits a string into a list of words using spaces as separators.,0.8623597621917725,13,,
249,Write a python function to split a string into characters.,7,Write a python function to remove first and last occurrence of a given character from the string.,0.8610626459121704,14,,
249,Write a python function to split a string into characters.,536,Create a function that switches the case of each character in a string.,0.8538594245910645,15,,
249,Write a python function to split a string into characters.,284,Write a function to reverse words seperated by spaces in a given string.,0.8534215688705444,16,,
249,Write a python function to split a string into characters.,301,Create a Python function that deletes the first and last appearance of a specified character in a string.,0.8528553247451782,17,,
249,Write a python function to split a string into characters.,598,Write a function to reverse a string,0.8518446087837219,18,,
249,Write a python function to split a string into characters.,596,Write a function to reverse a string,0.8518446087837219,19,,
249,Write a python function to split a string into characters.,591,Write a function to reverse a string,0.8518446087837219,20,,
250,Write a function to get the sum of the digits of a non-negative integer.,544,Create a function that computes the sum of all digits in a non-negative integer.,0.9587660431861877,1,,
250,Write a function to get the sum of the digits of a non-negative integer.,81,Write a function to calculate the sum of the negative numbers of a given list of numbers.,0.9102714657783508,2,,
250,Write a function to get the sum of the digits of a non-negative integer.,165,Write a function to compute the sum of digits of each number of a given list.,0.9003703594207764,3,,
250,Write a function to get the sum of the digits of a non-negative integer.,140,Write a function to return the sum of all divisors of a number.,0.888145923614502,4,,
250,Write a function to get the sum of the digits of a non-negative integer.,459,Create a function that calculates the sum of digits for every number in a list.,0.8857866525650024,5,,
250,Write a function to get the sum of the digits of a non-negative integer.,377,Develop a function that calculates the ratio of zeros to non-zeros in an integer array.,0.8845421671867371,6,,
250,Write a function to get the sum of the digits of a non-negative integer.,83,Write a function to find the ratio of zeroes to non-zeroes in an array of integers.,0.8827369213104248,7,,
250,Write a function to get the sum of the digits of a non-negative integer.,205,Write a function to find the ration of positive numbers in an array of integers.,0.8813954591751099,8,,
250,Write a function to get the sum of the digits of a non-negative integer.,375,Develop a function that sums all negative numbers in a list.,0.8793930411338806,9,,
250,Write a function to get the sum of the digits of a non-negative integer.,66,Write a function to convert a given tuple of positive integers into a single integer.,0.8762725591659546,10,,
250,Write a function to get the sum of the digits of a non-negative integer.,211,Write a function to calculate the sum of perrin numbers.,0.8747544288635254,11,,
250,Write a function to get the sum of the digits of a non-negative integer.,378,Create a Python function to determine if a number can be written as a sum of non-zero powers of two.,0.8723721504211426,12,,
250,Write a function to get the sum of the digits of a non-negative integer.,499,Create a function that calculates the ratio of positive numbers in an array of integers.,0.8699220418930054,13,,
250,Write a function to get the sum of the digits of a non-negative integer.,1,Write a python function to identify non-prime numbers.,0.869012713432312,14,,
250,Write a function to get the sum of the digits of a non-negative integer.,537,Create a function that computes the sum of differences between corresponding digits of two integers.,0.8669591546058655,15,,
250,Write a function to get the sum of the digits of a non-negative integer.,215,Write a python function to find the sum of even factors of a number.,0.8666837215423584,16,,
250,Write a function to get the sum of the digits of a non-negative integer.,243,Write a python function to find the sum of the per-digit difference between two integers.,0.8615044951438904,17,,
250,Write a function to get the sum of the digits of a non-negative integer.,202,Write a function to join a list of multiple integers into a single integer.,0.8609988689422607,18,,
250,Write a function to get the sum of the digits of a non-negative integer.,98,Write a function to determine if the sum of the divisors of two integers are the same.,0.86098712682724,19,,
250,Write a function to get the sum of the digits of a non-negative integer.,434,Create a function that calculates the total sum of all divisors of a given number.,0.8605655431747437,20,,
251,Write a function to check whether a specified list is sorted or not.,545,Create a function that verifies if a list is sorted in ascending order.,0.9221880435943604,1,,
251,Write a function to check whether a specified list is sorted or not.,27,Write a function to check whether a list contains the given sublist or not.,0.9048217535018921,2,,
251,Write a function to check whether a specified list is sorted or not.,257,Write a python function to check whether a list is sublist of another or not.,0.8838638067245483,3,,
251,Write a function to check whether a specified list is sorted or not.,86,Write a function to sort a list of elements.,0.8828502893447876,4,,
251,Write a function to check whether a specified list is sorted or not.,29,Write a function to sort a list of elements.,0.8828502893447876,5,,
251,Write a function to check whether a specified list is sorted or not.,128,Write a python function to check if the elements of a given list are unique or not.,0.8766608238220215,6,,
251,Write a function to check whether a specified list is sorted or not.,525,Create a function that verifies if a list of numbers is consecutive.,0.8738373517990112,7,,
251,Write a function to check whether a specified list is sorted or not.,325,Develop a function to verify if a list matches the sequence pattern provided.,0.8735421299934387,8,,
251,Write a function to check whether a specified list is sorted or not.,321,Create a function that verifies if a sublist exists within a list.,0.8711637258529663,9,,
251,Write a function to check whether a specified list is sorted or not.,551,Create a function that verifies if one list is a sublist of another list.,0.8704861402511597,10,,
251,Write a function to check whether a specified list is sorted or not.,231,Write a python function to check whether the given list contains consecutive numbers or not.,0.8604267835617065,11,,
251,Write a function to check whether a specified list is sorted or not.,65,Write a function to check whether all dictionaries in a list are empty or not.,0.858546257019043,12,,
251,Write a function to check whether a specified list is sorted or not.,64,Write a function to check if a string represents an integer or not.,0.8578622341156006,13,,
251,Write a function to check whether a specified list is sorted or not.,339,Develop a function to check if any string in a list contains a given substring.,0.8577635884284973,14,,
251,Write a function to check whether a specified list is sorted or not.,191,Write a function to sort the given array by using shell sort.,0.8520655632019043,15,,
251,Write a function to check whether a specified list is sorted or not.,323,Implement a function that sorts the elements of a list in ascending order.,0.8518253564834595,16,,
251,Write a function to check whether a specified list is sorted or not.,380,Implement a function that sorts the elements of a list in ascending order.,0.8518253564834595,17,,
251,Write a function to check whether a specified list is sorted or not.,46,Write a function to check whether the given number is undulating or not.,0.8515774011611938,18,,
251,Write a function to check whether a specified list is sorted or not.,31,Write a function to check whether it follows the sequence given in the patterns array.,0.849216878414154,19,,
251,Write a function to check whether a specified list is sorted or not.,179,Write a python function to check whether any value in a sequence exists in a sequence or not.,0.8489949703216553,20,,
254,Write a python function to remove duplicate numbers from a given number of lists.,548,Create a function that filters out duplicate numbers from multiple lists.,0.9303714036941528,1,,
254,Write a python function to remove duplicate numbers from a given number of lists.,177,Write a python function to remove odd numbers from a given list.,0.9295583367347717,2,,
254,Write a python function to remove duplicate numbers from a given number of lists.,255,Write a python function to calculate the product of the unique numbers in a given list.,0.8976646661758423,3,,
254,Write a python function to remove duplicate numbers from a given number of lists.,24,Write a python function to count the number of positive numbers in a list.,0.8925971388816833,4,,
254,Write a python function to remove duplicate numbers from a given number of lists.,199,Write a python function to return the negative numbers in a list.,0.8843202590942383,5,,
254,Write a python function to remove duplicate numbers from a given number of lists.,95,Write a function to remove all elements from a given list present in another list.,0.8782951235771179,6,,
254,Write a python function to remove duplicate numbers from a given number of lists.,128,Write a python function to check if the elements of a given list are unique or not.,0.8730231523513794,7,,
254,Write a python function to remove duplicate numbers from a given number of lists.,318,Develop a Python function to count how many numbers in a list are positive.,0.8693689703941345,8,,
254,Write a python function to remove duplicate numbers from a given number of lists.,20,Write a python function to find smallest number in a list.,0.8671585321426392,9,,
254,Write a python function to remove duplicate numbers from a given number of lists.,353,Develop a Python function to count the number of True values in a list.,0.8664025068283081,10,,
254,Write a python function to remove duplicate numbers from a given number of lists.,167,Write a function to extract the number of unique tuples in the given list.,0.8644771575927734,11,,
254,Write a python function to remove duplicate numbers from a given number of lists.,483,Create a function that filters out odd numbers from a list.,0.8640516996383667,12,,
254,Write a python function to remove duplicate numbers from a given number of lists.,471,Create a function that filters out odd numbers from a list.,0.8640516996383667,13,,
254,Write a python function to remove duplicate numbers from a given number of lists.,90,Write a function to flatten the list of lists into a single set of numbers.,0.8638976812362671,14,,
254,Write a python function to remove duplicate numbers from a given number of lists.,289,"Write a python function which takes a list and returns a list with the same elements, but the k'th element removed.",0.8633514642715454,15,,
254,Write a python function to remove duplicate numbers from a given number of lists.,231,Write a python function to check whether the given list contains consecutive numbers or not.,0.8630262613296509,16,,
254,Write a python function to remove duplicate numbers from a given number of lists.,209,Write a python function to count the occurence of all elements of list in a tuple.,0.8623002767562866,17,,
254,Write a python function to remove duplicate numbers from a given number of lists.,169,Write a python function to find the minimum of two numbers.,0.8616933226585388,18,,
254,Write a python function to remove duplicate numbers from a given number of lists.,101,Write a function to count the number of occurrences of a number in a given list.,0.860298752784729,19,,
254,Write a python function to remove duplicate numbers from a given number of lists.,92,Write a function to find number of lists present in the given tuple.,0.8596815466880798,20,,
255,Write a python function to calculate the product of the unique numbers in a given list.,549,Create a function that computes the product of all unique numbers in a list.,0.9316533803939819,1,,
255,Write a python function to calculate the product of the unique numbers in a given list.,254,Write a python function to remove duplicate numbers from a given number of lists.,0.8976646661758423,2,,
255,Write a python function to calculate the product of the unique numbers in a given list.,24,Write a python function to count the number of positive numbers in a list.,0.8951115608215332,3,,
255,Write a python function to calculate the product of the unique numbers in a given list.,128,Write a python function to check if the elements of a given list are unique or not.,0.8937113285064697,4,,
255,Write a python function to calculate the product of the unique numbers in a given list.,167,Write a function to extract the number of unique tuples in the given list.,0.8882848620414734,5,,
255,Write a python function to calculate the product of the unique numbers in a given list.,422,Develop a Python function that determines whether all elements in a list are unique.,0.885441780090332,6,,
255,Write a python function to calculate the product of the unique numbers in a given list.,177,Write a python function to remove odd numbers from a given list.,0.8851325511932373,7,,
255,Write a python function to calculate the product of the unique numbers in a given list.,199,Write a python function to return the negative numbers in a list.,0.8844455480575562,8,,
255,Write a python function to calculate the product of the unique numbers in a given list.,461,Create a function that determines the count of unique tuples within a list.,0.8739670515060425,9,,
255,Write a python function to calculate the product of the unique numbers in a given list.,318,Develop a Python function to count how many numbers in a list are positive.,0.8733742237091064,10,,
255,Write a python function to calculate the product of the unique numbers in a given list.,353,Develop a Python function to count the number of True values in a list.,0.8732844591140747,11,,
255,Write a python function to calculate the product of the unique numbers in a given list.,119,Write a python function to find the sum of even numbers at even positions of a list.,0.8721883296966553,12,,
255,Write a python function to calculate the product of the unique numbers in a given list.,239,Write a python function which takes a list of integers and only returns the odd ones.,0.8697823882102966,13,,
255,Write a python function to calculate the product of the unique numbers in a given list.,165,Write a function to compute the sum of digits of each number of a given list.,0.8695672750473022,14,,
255,Write a python function to calculate the product of the unique numbers in a given list.,180,Write a python function to find a pair with highest product from a given array of integers.,0.866539478302002,15,,
255,Write a python function to calculate the product of the unique numbers in a given list.,81,Write a function to calculate the sum of the negative numbers of a given list of numbers.,0.8665318489074707,16,,
255,Write a python function to calculate the product of the unique numbers in a given list.,209,Write a python function to count the occurence of all elements of list in a tuple.,0.8645919561386108,17,,
255,Write a python function to calculate the product of the unique numbers in a given list.,215,Write a python function to find the sum of even factors of a number.,0.8643056750297546,18,,
255,Write a python function to calculate the product of the unique numbers in a given list.,20,Write a python function to find smallest number in a list.,0.8641338348388672,19,,
255,Write a python function to calculate the product of the unique numbers in a given list.,238,Write a python function to find the first digit of a given number.,0.8638132810592651,20,,
258,Write a python function to find the last digit in factorial of a given number.,198,Write a python function to find the last digit of a given number.,0.9517446756362915,1,,
258,Write a python function to find the last digit in factorial of a given number.,552,Create a function that determines the last digit of the factorial of a number.,0.9467368125915527,2,,
258,Write a python function to find the last digit in factorial of a given number.,238,Write a python function to find the first digit of a given number.,0.9090759754180908,3,,
258,Write a python function to find the last digit in factorial of a given number.,492,Create a function that extracts the last digit from a given number.,0.9046742916107178,4,,
258,Write a python function to find the last digit in factorial of a given number.,215,Write a python function to find the sum of even factors of a number.,0.8779602646827698,5,,
258,Write a python function to find the last digit in factorial of a given number.,16,Write a python function to find the largest number that can be formed with the given list of digits.,0.8767023086547852,6,,
258,Write a python function to find the last digit in factorial of a given number.,50,Write a python function to find the number of divisors of a given integer.,0.864362895488739,7,,
258,Write a python function to find the last digit in factorial of a given number.,532,Create a function that extracts the first digit from a given number.,0.8570375442504883,8,,
258,Write a python function to find the last digit in factorial of a given number.,169,Write a python function to find the minimum of two numbers.,0.8567148447036743,9,,
258,Write a python function to find the last digit in factorial of a given number.,137,Write a python function to find quotient of two numbers (rounded down to the nearest integer).,0.8555006980895996,10,,
258,Write a python function to find the last digit in factorial of a given number.,20,Write a python function to find smallest number in a list.,0.8543601036071777,11,,
258,Write a python function to find the last digit in factorial of a given number.,151,Write a python function to find the maximum of two numbers.,0.8515636920928955,12,,
258,Write a python function to find the last digit in factorial of a given number.,130,Write a python function takes in an integer and check whether the frequency of each digit in the integer is less than or equal to the digit itself.,0.8497143387794495,13,,
258,Write a python function to find the last digit in factorial of a given number.,288,Write a python function to find nth bell number.,0.848649799823761,14,,
258,Write a python function to find the last digit in factorial of a given number.,310,Develop a Python function that constructs the biggest number possible from a list of digits.,0.8478405475616455,15,,
258,Write a python function to find the last digit in factorial of a given number.,243,Write a python function to find the sum of the per-digit difference between two integers.,0.8465674519538879,16,,
258,Write a python function to find the last digit in factorial of a given number.,33,Write a python function to find whether a number is divisible by 11.,0.8451716899871826,17,,
258,Write a python function to find the last digit in factorial of a given number.,15,Write a python function to check if a given number is one less than twice its reverse.,0.8434478044509888,18,,
258,Write a python function to find the last digit in factorial of a given number.,206,Write a python function to find the largest negative number from the given list.,0.8433482646942139,19,,
258,Write a python function to find the last digit in factorial of a given number.,255,Write a python function to calculate the product of the unique numbers in a given list.,0.843254566192627,20,,
261,Write a function to remove uneven elements in the nested mixed tuple.,555,Create a function that filters out uneven elements from nested tuples.,0.9375998973846436,1,,
261,Write a function to remove uneven elements in the nested mixed tuple.,168,Write a function to perform index wise addition of tuple elements in the given two nested tuples.,0.8780125379562378,2,,
261,Write a function to remove uneven elements in the nested mixed tuple.,260,Write a function to find the dissimilar elements in the given two tuples.,0.8678277730941772,3,,
261,Write a function to remove uneven elements in the nested mixed tuple.,178,Write a function to extract the nth element from a given list of tuples.,0.867668867111206,4,,
261,Write a function to remove uneven elements in the nested mixed tuple.,192,Write a function to extract the elementwise and tuples from the given two tuples.,0.8593773245811462,5,,
261,Write a function to remove uneven elements in the nested mixed tuple.,208,Write a function to perform index wise multiplication of tuple elements in the given two tuples.,0.858937680721283,6,,
261,Write a function to remove uneven elements in the nested mixed tuple.,245,Write a function to find the union of the elements of two given tuples and output them in sorted order.,0.8585033416748047,7,,
261,Write a function to remove uneven elements in the nested mixed tuple.,462,Create a function that adds together elements of two nested tuples at the same index.,0.8565043210983276,8,,
261,Write a function to remove uneven elements in the nested mixed tuple.,232,Write a function to find the tuple intersection of elements in the given tuple list irrespective of their order.,0.8531134128570557,9,,
261,Write a function to remove uneven elements in the nested mixed tuple.,472,Create a function that retrieves the nth element from each tuple in a list of tuples.,0.8505810499191284,10,,
261,Write a function to remove uneven elements in the nested mixed tuple.,95,Write a function to remove all elements from a given list present in another list.,0.8504631519317627,11,,
261,Write a function to remove uneven elements in the nested mixed tuple.,523,Create a function that computes the pairwise sum of adjacent elements in a tuple.,0.8498680591583252,12,,
261,Write a function to remove uneven elements in the nested mixed tuple.,479,Create a function that concatenates the elements of a tuple using a specified delimiter.,0.8471865653991699,13,,
261,Write a function to remove uneven elements in the nested mixed tuple.,185,Write a function to concatenate each element of tuple by the delimiter.,0.8467432260513306,14,,
261,Write a function to remove uneven elements in the nested mixed tuple.,63,Write a function to find the common elements in given nested lists.,0.8454465866088867,15,,
261,Write a function to remove uneven elements in the nested mixed tuple.,229,Write a function to find the pairwise addition of the neighboring elements of the given tuple.,0.8452613353729248,16,,
261,Write a function to remove uneven elements in the nested mixed tuple.,142,Write a function to flatten a given nested list structure.,0.8441952466964722,17,,
261,Write a function to remove uneven elements in the nested mixed tuple.,554,Create a function that identifies elements that are in either of the two tuples but not in both.,0.8426675796508789,18,,
261,Write a function to remove uneven elements in the nested mixed tuple.,416,Create a function that subtracts corresponding elements of two tuples and returns the result as a tuple.,0.8421738147735596,19,,
261,Write a function to remove uneven elements in the nested mixed tuple.,539,Create a function that determines the union of two tuples' elements and returns them in sorted order.,0.8400471210479736,20,,
267,Write a python function to split a list at the nth eelment and add the first part to the end.,561,Create a function that divides a list at the nth element and appends the first segment to the end.,0.9291846752166748,1,,
267,Write a python function to split a list at the nth eelment and add the first part to the end.,272,Write a python function to interchange the first and last elements in a list.,0.8899558782577515,2,,
267,Write a python function to split a list at the nth eelment and add the first part to the end.,114,"Write a function that takes in a list and an integer n and splits a list for every nth element, returning a list of the resulting lists.",0.8795122504234314,3,,
267,Write a python function to split a list at the nth eelment and add the first part to the end.,222,Write a python function to get the first element of each sublist.,0.8651366233825684,4,,
267,Write a python function to split a list at the nth eelment and add the first part to the end.,112,"Write a function that takes in a list and an integer n and splits the given list into two parts where the length of the first part of the list is L, and returns the resulting lists in a tuple.",0.8602460026741028,5,,
267,Write a python function to split a list at the nth eelment and add the first part to the end.,408,Create a function that divides a list into n groups by taking every nth element for each group.,0.8553153276443481,6,,
267,Write a python function to split a list at the nth eelment and add the first part to the end.,249,Write a python function to split a string into characters.,0.8513190746307373,7,,
267,Write a python function to split a list at the nth eelment and add the first part to the end.,52,Write a function to multiply all the numbers in a list and divide with the length of the list.,0.8462586998939514,8,,
267,Write a python function to split a list at the nth eelment and add the first part to the end.,566,Create a function that swaps the first and last elements of a list.,0.8413631916046143,9,,
267,Write a python function to split a list at the nth eelment and add the first part to the end.,178,Write a function to extract the nth element from a given list of tuples.,0.8407073020935059,10,,
267,Write a python function to split a list at the nth eelment and add the first part to the end.,289,"Write a python function which takes a list and returns a list with the same elements, but the k'th element removed.",0.840532660484314,11,,
267,Write a python function to split a list at the nth eelment and add the first part to the end.,346,Create a function that multiplies all elements in a list and divides the result by the list's length.,0.8401471376419067,12,,
267,Write a python function to split a list at the nth eelment and add the first part to the end.,119,Write a python function to find the sum of even numbers at even positions of a list.,0.8392044901847839,13,,
267,Write a python function to split a list at the nth eelment and add the first part to the end.,49,Write a python function to find the length of the smallest list in a list of lists.,0.8381898403167725,14,,
267,Write a python function to split a list at the nth eelment and add the first part to the end.,288,Write a python function to find nth bell number.,0.8368901014328003,15,,
267,Write a python function to split a list at the nth eelment and add the first part to the end.,134,Write a python function takes in an integer n and returns the sum of squares of first n even natural numbers.,0.8367834687232971,16,,
267,Write a python function to split a list at the nth eelment and add the first part to the end.,239,Write a python function which takes a list of integers and only returns the odd ones.,0.8359314203262329,17,,
267,Write a python function to split a list at the nth eelment and add the first part to the end.,406,Create a function that splits a list into two at a given index L and returns both parts as a tuple.,0.8353942632675171,18,,
267,Write a python function to split a list at the nth eelment and add the first part to the end.,120,Write a python function that takes in an integer n and finds the sum of the first n even natural numbers that are raised to the fifth power.,0.8352610468864441,19,,
267,Write a python function to split a list at the nth eelment and add the first part to the end.,182,Write a python function to find element of a list having maximum length.,0.8345540761947632,20,,
275,Write a function to find the difference of the first even and first odd number of a given list.,569,Create a function that calculates the difference between the first even and first odd number in a list.,0.9772491455078125,1,,
275,Write a function to find the difference of the first even and first odd number of a given list.,119,Write a python function to find the sum of even numbers at even positions of a list.,0.8713809847831726,2,,
275,Write a function to find the difference of the first even and first odd number of a given list.,471,Create a function that filters out odd numbers from a list.,0.8703786730766296,3,,
275,Write a function to find the difference of the first even and first odd number of a given list.,483,Create a function that filters out odd numbers from a list.,0.8703786730766296,4,,
275,Write a function to find the difference of the first even and first odd number of a given list.,100,Write a function that counts the number of pairs of integers in a list that xor to an even number.,0.8679665327072144,5,,
275,Write a function to find the difference of the first even and first odd number of a given list.,177,Write a python function to remove odd numbers from a given list.,0.8640586137771606,6,,
275,Write a function to find the difference of the first even and first odd number of a given list.,533,Create a function that filters and returns only the odd integers from a list.,0.8584614992141724,7,,
275,Write a function to find the difference of the first even and first odd number of a given list.,575,Create a function that determines if a number is even.,0.8528680801391602,8,,
275,Write a function to find the difference of the first even and first odd number of a given list.,238,Write a python function to find the first digit of a given number.,0.8524876832962036,9,,
275,Write a function to find the difference of the first even and first odd number of a given list.,532,Create a function that extracts the first digit from a given number.,0.8524194955825806,10,,
275,Write a function to find the difference of the first even and first odd number of a given list.,171,Write a python function to find whether the parity of a given number is odd.,0.8521937131881714,11,,
275,Write a function to find the difference of the first even and first odd number of a given list.,280,Write a function to find sum and average of first n natural numbers.,0.8520035743713379,12,,
275,Write a function to find the difference of the first even and first odd number of a given list.,240,Write a python function to find the difference between the sum of cubes of the first n natural numbers and the sum of the first n natural numbers.,0.8514164686203003,13,,
275,Write a function to find the difference of the first even and first odd number of a given list.,215,Write a python function to find the sum of even factors of a number.,0.8509843349456787,14,,
275,Write a function to find the difference of the first even and first odd number of a given list.,281,Write a python function to check whether the given number is even or not.,0.8506714105606079,15,,
275,Write a function to find the difference of the first even and first odd number of a given list.,189,Write a function to filter odd numbers.,0.8499496579170227,16,,
275,Write a function to find the difference of the first even and first odd number of a given list.,563,Create a function that calculates the difference between the maximum and minimum values in a list.,0.8496415019035339,17,,
275,Write a function to find the difference of the first even and first odd number of a given list.,269,Write a python function to find the difference between largest and smallest value in a given list.,0.8486776351928711,18,,
275,Write a function to find the difference of the first even and first odd number of a given list.,239,Write a python function which takes a list of integers and only returns the odd ones.,0.8469983339309692,19,,
275,Write a function to find the difference of the first even and first odd number of a given list.,410,Create a Python function that sums the squares of the first n odd numbers.,0.846974790096283,20,,
276,Write a python function to count minimum number of swaps required to convert one binary number represented as a string to another.,570,Create a function that calculates the least number of swaps needed to change one binary string to another.,0.9419441819190979,1,,
276,Write a python function to count minimum number of swaps required to convert one binary number represented as a string to another.,356,Create a Python function that counts the number of ones in the first n positions of a binary string.,0.8718419075012207,2,,
276,Write a python function to count minimum number of swaps required to convert one binary number represented as a string to another.,62,Write a python function to find the number of numbers with an odd value when rotating a binary string the given number of times.,0.8664369583129883,3,,
276,Write a python function to count minimum number of swaps required to convert one binary number represented as a string to another.,169,Write a python function to find the minimum of two numbers.,0.8610106110572815,4,,
276,Write a python function to count minimum number of swaps required to convert one binary number represented as a string to another.,19,Write a python function to count the number of substrings with the sum of digits equal to their length.,0.8595921397209167,5,,
276,Write a python function to count minimum number of swaps required to convert one binary number represented as a string to another.,6,Write a python function to find the minimum number of rotations (greater than 0) required to get the same string.,0.8564298152923584,6,,
276,Write a python function to count minimum number of swaps required to convert one binary number represented as a string to another.,15,Write a python function to check if a given number is one less than twice its reverse.,0.8540987968444824,7,,
276,Write a python function to count minimum number of swaps required to convert one binary number represented as a string to another.,300,Develop a Python function to determine the smallest number of rotations needed to return a string to its original form.,0.8523637652397156,8,,
276,Write a python function to count minimum number of swaps required to convert one binary number represented as a string to another.,107,Write a function to count the number of set bits (binary digits with value 1) in a given number.,0.8489944934844971,9,,
276,Write a python function to count minimum number of swaps required to convert one binary number represented as a string to another.,313,Create a Python function that counts substrings where the sum of digits matches the substring's length.,0.8472377061843872,10,,
276,Write a python function to count minimum number of swaps required to convert one binary number represented as a string to another.,73,Write a function to find the maximum difference between the number of 0s and number of 1s in any sub-string of the given binary string.,0.8470412492752075,11,,
276,Write a python function to count minimum number of swaps required to convert one binary number represented as a string to another.,53,"Write a function to convert the given decimal number to its binary equivalent, represented as a string with no leading zeros.",0.8456726670265198,12,,
276,Write a python function to count minimum number of swaps required to convert one binary number represented as a string to another.,248,Write a python function which takes a list of integers and counts the number of possible unordered pairs where both elements are unequal.,0.8426809906959534,13,,
276,Write a python function to count minimum number of swaps required to convert one binary number represented as a string to another.,151,Write a python function to find the maximum of two numbers.,0.840988278388977,14,,
276,Write a python function to count minimum number of swaps required to convert one binary number represented as a string to another.,378,Create a Python function to determine if a number can be written as a sum of non-zero powers of two.,0.8407646417617798,15,,
276,Write a python function to count minimum number of swaps required to convert one binary number represented as a string to another.,367,Develop a function that finds the largest difference between the count of zeros and ones in any substring of a binary string.,0.8403180837631226,16,,
276,Write a python function to count minimum number of swaps required to convert one binary number represented as a string to another.,141,Write a python function to count inversions in an array.,0.8401126861572266,17,,
276,Write a python function to count minimum number of swaps required to convert one binary number represented as a string to another.,236,Write a python function to convert the given string to lower case.,0.8396762609481812,18,,
276,Write a python function to count minimum number of swaps required to convert one binary number represented as a string to another.,401,Develop a function that returns the count of 1s in the binary representation of a number.,0.8392124176025391,19,,
276,Write a python function to count minimum number of swaps required to convert one binary number represented as a string to another.,50,Write a python function to find the number of divisors of a given integer.,0.839067280292511,20,,
280,Write a function to find sum and average of first n natural numbers.,574,Create a function that calculates both the sum and the average of the first n natural numbers.,0.9656788110733032,1,,
280,Write a function to find sum and average of first n natural numbers.,480,Create a function that calculates the average value of the cubes of the first n natural numbers.,0.930508553981781,2,,
280,Write a function to find sum and average of first n natural numbers.,186,Write a python function to find the average of cubes of first n natural numbers.,0.9267917275428772,3,,
280,Write a function to find sum and average of first n natural numbers.,184,Write a python function to find the cube sum of first n even natural numbers.,0.9097459316253662,4,,
280,Write a function to find sum and average of first n natural numbers.,534,Create a function that calculates the difference between the sum of cubes and the sum of the first n natural numbers.,0.9062891602516174,5,,
280,Write a function to find sum and average of first n natural numbers.,428,Develop a function that calculates the sum of squares of the first n even natural numbers.,0.9057954549789429,6,,
280,Write a function to find sum and average of first n natural numbers.,478,Create a function that calculates the cube sum of the initial n even natural numbers.,0.9019936323165894,7,,
280,Write a function to find sum and average of first n natural numbers.,240,Write a python function to find the difference between the sum of cubes of the first n natural numbers and the sum of the first n natural numbers.,0.9002946615219116,8,,
280,Write a function to find sum and average of first n natural numbers.,116,Write a python function that takes in an integer n and returns the sum of the squares of the first n odd natural numbers.,0.8862742781639099,9,,
280,Write a function to find sum and average of first n natural numbers.,134,Write a python function takes in an integer n and returns the sum of squares of first n even natural numbers.,0.8797326683998108,10,,
280,Write a function to find sum and average of first n natural numbers.,414,Create a Python function that calculates the sum of the fifth powers of the first n even natural numbers.,0.8740658760070801,11,,
280,Write a function to find sum and average of first n natural numbers.,120,Write a python function that takes in an integer n and finds the sum of the first n even natural numbers that are raised to the fifth power.,0.8735531568527222,12,,
280,Write a function to find sum and average of first n natural numbers.,410,Create a Python function that sums the squares of the first n odd numbers.,0.868071436882019,13,,
280,Write a function to find sum and average of first n natural numbers.,81,Write a function to calculate the sum of the negative numbers of a given list of numbers.,0.8654695749282837,14,,
280,Write a function to find sum and average of first n natural numbers.,250,Write a function to get the sum of the digits of a non-negative integer.,0.8580799102783203,15,,
280,Write a function to find sum and average of first n natural numbers.,164,Write a function to find the median of three numbers.,0.8548580408096313,16,,
280,Write a function to find sum and average of first n natural numbers.,215,Write a python function to find the sum of even factors of a number.,0.8526350259780884,17,,
280,Write a function to find sum and average of first n natural numbers.,275,Write a function to find the difference of the first even and first odd number of a given list.,0.8520035743713379,18,,
280,Write a function to find sum and average of first n natural numbers.,165,Write a function to compute the sum of digits of each number of a given list.,0.8516819477081299,19,,
280,Write a function to find sum and average of first n natural numbers.,238,Write a python function to find the first digit of a given number.,0.8470090627670288,20,,
284,Write a function to reverse words seperated by spaces in a given string.,578,Create a function that reverses the order of words in a string where words are separated by spaces.,0.9573068618774414,1,,
284,Write a function to reverse words seperated by spaces in a given string.,218,Write a function to reverse each string in a given list of string values.,0.9079934358596802,2,,
284,Write a function to reverse words seperated by spaces in a given string.,362,Create a function that splits a string into a list of words using spaces as separators.,0.9060618281364441,3,,
284,Write a function to reverse words seperated by spaces in a given string.,68,Write a function to convert a string to a list of strings split on the space character.,0.901553750038147,4,,
284,Write a function to reverse words seperated by spaces in a given string.,512,Create a function that reverses the characters in each string within a list.,0.8908677101135254,5,,
284,Write a function to reverse words seperated by spaces in a given string.,598,Write a function to reverse a string,0.8883994817733765,6,,
284,Write a function to reverse words seperated by spaces in a given string.,596,Write a function to reverse a string,0.8883994817733765,7,,
284,Write a function to reverse words seperated by spaces in a given string.,594,Write a function to reverse a string,0.8883994817733765,8,,
284,Write a function to reverse words seperated by spaces in a given string.,591,Write a function to reverse a string,0.8883994817733765,9,,
284,Write a function to reverse words seperated by spaces in a given string.,405,Develop a function that replaces every space in a string with a specified character.,0.8733130693435669,10,,
284,Write a function to reverse words seperated by spaces in a given string.,233,Write a function to replace characters in a string.,0.8726929426193237,11,,
284,Write a function to reverse words seperated by spaces in a given string.,200,Write a function to remove odd characters in a string.,0.8725110292434692,12,,
284,Write a function to reverse words seperated by spaces in a given string.,494,Create a function that eliminates characters at odd positions in a string.,0.8710770606994629,13,,
284,Write a function to reverse words seperated by spaces in a given string.,111,"Write a function that takes in a string and character, replaces blank spaces in the string with the character, and returns the string.",0.8703005313873291,14,,
284,Write a function to reverse words seperated by spaces in a given string.,213,Write a function to remove all whitespaces from the given string.,0.8695385456085205,15,,
284,Write a function to reverse words seperated by spaces in a given string.,221,Write a function to remove uppercase substrings from a given string.,0.8631162643432617,16,,
284,Write a function to reverse words seperated by spaces in a given string.,543,Create a function that divides a string into its individual characters.,0.8610256314277649,17,,
284,Write a function to reverse words seperated by spaces in a given string.,527,Create a function that substitutes specified characters in a string with new ones.,0.8594781160354614,18,,
284,Write a function to reverse words seperated by spaces in a given string.,12,Write a function to remove characters from the first string which are present in the second string.,0.858400821685791,19,,
284,Write a function to reverse words seperated by spaces in a given string.,79,Write a python function to reverse only the vowels of a given string (where y is not a vowel).,0.854799747467041,20,,
288,Write a python function to find nth bell number.,582,Create a function that computes the nth Bell number.,0.9259840846061707,1,,
288,Write a python function to find nth bell number.,238,Write a python function to find the first digit of a given number.,0.8902580738067627,2,,
288,Write a python function to find nth bell number.,18,Write a function to find the nth octagonal number.,0.8874324560165405,3,,
288,Write a python function to find nth bell number.,198,Write a python function to find the last digit of a given number.,0.8819219470024109,4,,
288,Write a python function to find nth bell number.,126,Write a function to find the nth decagonal number.,0.8818404674530029,5,,
288,Write a python function to find nth bell number.,35,Write a function to find the nth tetrahedral number.,0.8791503310203552,6,,
288,Write a python function to find nth bell number.,117,Write a function to find the n'th star number.,0.8773719668388367,7,,
288,Write a python function to find nth bell number.,82,Write a function to find the nth hexagonal number.,0.8763294219970703,8,,
288,Write a python function to find nth bell number.,38,Write a function to find the nth number in the newman conway sequence.,0.8688181638717651,9,,
288,Write a python function to find nth bell number.,1,Write a python function to identify non-prime numbers.,0.8670545816421509,10,,
288,Write a python function to find nth bell number.,40,Write a function to find nth centered hexagonal number.,0.8554425239562988,11,,
288,Write a python function to find nth bell number.,157,Write a function to find the n'th lucas number.,0.853927493095398,12,,
288,Write a python function to find nth bell number.,558,Create a function that computes the nth Catalan number.,0.8532768487930298,13,,
288,Write a python function to find nth bell number.,20,Write a python function to find smallest number in a list.,0.8530066013336182,14,,
288,Write a python function to find nth bell number.,264,Write a function which returns nth catalan number.,0.8530036211013794,15,,
288,Write a python function to find nth bell number.,611,Write a Python function to compute the nth Fibonacci number using memoization.,0.8511001467704773,16,,
288,Write a python function to find nth bell number.,169,Write a python function to find the minimum of two numbers.,0.8500049114227295,17,,
288,Write a python function to find nth bell number.,281,Write a python function to check whether the given number is even or not.,0.8496421575546265,18,,
288,Write a python function to find nth bell number.,411,Develop a function that computes the nth star number.,0.8491637706756592,19,,
288,Write a python function to find nth bell number.,258,Write a python function to find the last digit in factorial of a given number.,0.848649799823761,20,,
294,Create a function that returns the elements found in both of the provided lists.,0,Write a function to find the shared elements from the given two lists.,0.9127275347709656,1,,
294,Create a function that returns the elements found in both of the provided lists.,423,Create a function that performs element-wise subtraction between two lists.,0.8917289972305298,2,,
294,Create a function that returns the elements found in both of the provided lists.,357,Develop a function that returns the elements shared by all nested lists.,0.8905979990959167,3,,
294,Create a function that returns the elements found in both of the provided lists.,486,Create a function that retrieves the element-wise AND results of two tuples.,0.888904333114624,4,,
294,Create a function that returns the elements found in both of the provided lists.,396,"Create a function that sums the elements of a list between two given indices, inclusive.",0.883292555809021,5,,
294,Create a function that returns the elements found in both of the provided lists.,488,Create a function that checks for any common element between two lists and returns true if found.,0.8822664022445679,6,,
294,Create a function that returns the elements found in both of the provided lists.,587,Create a function that counts the number of indices at which two lists have the same value.,0.8816927671432495,7,,
294,Create a function that returns the elements found in both of the provided lists.,554,Create a function that identifies elements that are in either of the two tuples but not in both.,0.8807239532470703,8,,
294,Create a function that returns the elements found in both of the provided lists.,539,Create a function that determines the union of two tuples' elements and returns them in sorted order.,0.8755207061767578,9,,
294,Create a function that returns the elements found in both of the provided lists.,129,Write a function to subtract two lists element-wise.,0.8748624324798584,10,,
294,Create a function that returns the elements found in both of the provided lists.,518,Create a function that generates all possible combinations of elements from a given list.,0.874092698097229,11,,
294,Create a function that returns the elements found in both of the provided lists.,386,Create a function that returns the count of lists inside a given tuple.,0.8728538751602173,12,,
294,Create a function that returns the elements found in both of the provided lists.,194,Write a function that takes two lists and returns true if they have at least one common element.,0.8711536526679993,13,,
294,Create a function that returns the elements found in both of the provided lists.,389,Develop a function that removes every element from one list that also appears in a second list.,0.8704594969749451,14,,
294,Create a function that returns the elements found in both of the provided lists.,63,Write a function to find the common elements in given nested lists.,0.8700811862945557,15,,
294,Create a function that returns the elements found in both of the provided lists.,462,Create a function that adds together elements of two nested tuples at the same index.,0.8678301572799683,16,,
294,Create a function that returns the elements found in both of the provided lists.,425,Create a function that checks if all elements in a list are the same as the given element.,0.8663344383239746,17,,
294,Create a function that returns the elements found in both of the provided lists.,224,Write a function to find all possible combinations of the elements of a given list.,0.8657213449478149,18,,
294,Create a function that returns the elements found in both of the provided lists.,260,Write a function to find the dissimilar elements in the given two tuples.,0.8656932711601257,19,,
294,Create a function that returns the elements found in both of the provided lists.,516,Create a function that retrieves the initial element from each sublist in a list of sublists.,0.8639533519744873,20,,
298,Write a function that extracts all words with a minimum length of four characters from a string.,4,Write a function to find all words which are at least 4 characters long in a string.,0.9567148685455322,1,,
298,Write a function that extracts all words with a minimum length of four characters from a string.,370,Create a function that returns all words longer than n characters from a string.,0.9117447137832642,2,,
298,Write a function that extracts all words with a minimum length of four characters from a string.,76,Write a function to find words that are longer than n characters from a given list of words.,0.8890866041183472,3,,
298,Write a function that extracts all words with a minimum length of four characters from a string.,507,Create a function that eliminates all whitespace characters from a string.,0.8684620261192322,4,,
298,Write a function that extracts all words with a minimum length of four characters from a string.,213,Write a function to remove all whitespaces from the given string.,0.8644002676010132,5,,
298,Write a function that extracts all words with a minimum length of four characters from a string.,212,Write a function to extract specified size of strings from a given list of string values.,0.8568874597549438,6,,
298,Write a function that extracts all words with a minimum length of four characters from a string.,481,Create a function that retrieves the last character from each string in a tuple.,0.8568005561828613,7,,
298,Write a function that extracts all words with a minimum length of four characters from a string.,530,Create a function that changes all characters in a string to lowercase.,0.8536243438720703,8,,
298,Write a function that extracts all words with a minimum length of four characters from a string.,531,Create a function that eliminates lowercase letter sequences from a string.,0.8531612753868103,9,,
298,Write a function that extracts all words with a minimum length of four characters from a string.,221,Write a function to remove uppercase substrings from a given string.,0.8493158221244812,10,,
298,Write a function that extracts all words with a minimum length of four characters from a string.,506,Create a function that retrieves strings of a certain length from a list.,0.8487049341201782,11,,
298,Write a function that extracts all words with a minimum length of four characters from a string.,152,Write a function to convert a given string to a tuple of characters.,0.8456287384033203,12,,
298,Write a function that extracts all words with a minimum length of four characters from a string.,284,Write a function to reverse words seperated by spaces in a given string.,0.8453205823898315,13,,
298,Write a function that extracts all words with a minimum length of four characters from a string.,68,Write a function to convert a string to a list of strings split on the space character.,0.8440952301025391,14,,
298,Write a function that extracts all words with a minimum length of four characters from a string.,44,Write a python function to find the length of the longest word.,0.8426281213760376,15,,
298,Write a function that extracts all words with a minimum length of four characters from a string.,362,Create a function that splits a string into a list of words using spaces as separators.,0.8421343564987183,16,,
298,Write a function that extracts all words with a minimum length of four characters from a string.,515,Create a function that eliminates uppercase letter sequences from a string.,0.841049313545227,17,,
298,Write a function that extracts all words with a minimum length of four characters from a string.,237,Write a python function to remove lowercase substrings from a given string.,0.8409091234207153,18,,
298,Write a function that extracts all words with a minimum length of four characters from a string.,242,Write a function to toggle the case of all characters in a string.,0.83653724193573,19,,
298,Write a function that extracts all words with a minimum length of four characters from a string.,200,Write a function to remove odd characters in a string.,0.8362783193588257,20,,
302,Implement a function that sorts a matrix by the sum of each row in ascending order.,8,Write a function to sort a given matrix in ascending order according to the sum of its rows.,0.9614192247390747,1,,
302,Implement a function that sorts a matrix by the sum of each row in ascending order.,323,Implement a function that sorts the elements of a list in ascending order.,0.9108503460884094,2,,
302,Implement a function that sorts a matrix by the sum of each row in ascending order.,380,Implement a function that sorts the elements of a list in ascending order.,0.9108503460884094,3,,
302,Implement a function that sorts a matrix by the sum of each row in ascending order.,545,Create a function that verifies if a list is sorted in ascending order.,0.8767412304878235,4,,
302,Implement a function that sorts a matrix by the sum of each row in ascending order.,485,Create a function that arranges an array using the shell sort algorithm.,0.8609424829483032,5,,
302,Implement a function that sorts a matrix by the sum of each row in ascending order.,435,Develop a function to count the number of inversions needed to sort an array.,0.8487763404846191,6,,
302,Implement a function that sorts a matrix by the sum of each row in ascending order.,191,Write a function to sort the given array by using shell sort.,0.8478204011917114,7,,
302,Implement a function that sorts a matrix by the sum of each row in ascending order.,352,Create a function that sorts every sublist of strings within a list of lists.,0.8472870588302612,8,,
302,Implement a function that sorts a matrix by the sum of each row in ascending order.,459,Create a function that calculates the sum of digits for every number in a list.,0.8471028208732605,9,,
302,Implement a function that sorts a matrix by the sum of each row in ascending order.,299,Create a function that computes the square of each element in a list.,0.8458694815635681,10,,
302,Implement a function that sorts a matrix by the sum of each row in ascending order.,504,Create a function that computes the cube of each element in a list.,0.8447080850601196,11,,
302,Implement a function that sorts a matrix by the sum of each row in ascending order.,29,Write a function to sort a list of elements.,0.844484806060791,12,,
302,Implement a function that sorts a matrix by the sum of each row in ascending order.,86,Write a function to sort a list of elements.,0.844484806060791,13,,
302,Implement a function that sorts a matrix by the sum of each row in ascending order.,547,Create a function that arranges the strings in each sublist of a list of lists.,0.8440254926681519,14,,
302,Implement a function that sorts a matrix by the sum of each row in ascending order.,316,Implement a function to sort tuples in a list based on their second element.,0.843913197517395,15,,
302,Implement a function that sorts a matrix by the sum of each row in ascending order.,529,Create a function that computes the sum of the maximum and minimum values in an array.,0.8411931991577148,16,,
302,Implement a function that sorts a matrix by the sum of each row in ascending order.,58,Write a function to sort each sublist of strings in a given list of lists.,0.8395740985870361,17,,
302,Implement a function that sorts a matrix by the sum of each row in ascending order.,253,Write a function to sort each sublist of strings in a given list of lists.,0.8395740985870361,18,,
302,Implement a function that sorts a matrix by the sum of each row in ascending order.,165,Write a function to compute the sum of digits of each number of a given list.,0.8391131162643433,19,,
302,Implement a function that sorts a matrix by the sum of each row in ascending order.,22,Write a function to sort a list of tuples using the second value of each tuple.,0.8385425806045532,20,,
305,Create a function to compute the perimeter of a square from its side length.,11,Write a function that returns the perimeter of a square given its side length as input.,0.9440860748291016,1,,
305,Create a function to compute the perimeter of a square from its side length.,397,Develop a function that calculates the perimeter of a regular pentagon given the side length.,0.9061862826347351,2,,
305,Create a function to compute the perimeter of a square from its side length.,409,Develop a function that calculates the lateral surface area of a cube from its side length.,0.9022815227508545,3,,
305,Create a function to compute the perimeter of a square from its side length.,391,Develop a function that computes the area of a regular polygon using its side length and number of sides.,0.8940086364746094,4,,
305,Create a function to compute the perimeter of a square from its side length.,103,Write a function to find the perimeter of a regular pentagon from the length of its sides.,0.8899241089820862,5,,
305,Create a function to compute the perimeter of a square from its side length.,97,Write a function to calculate the area of a regular polygon given the length and number of its sides.,0.8837594389915466,6,,
305,Create a function to compute the perimeter of a square from its side length.,115,Write a function to find the lateral surface area of a cube given its side length.,0.8785734176635742,7,,
305,Create a function to compute the perimeter of a square from its side length.,514,Create a function that calculates the area of a rectangle given its length and breadth.,0.8785207271575928,8,,
305,Create a function to compute the perimeter of a square from its side length.,333,Implement a function to calculate the surface area of a sphere from its radius.,0.8690052032470703,9,,
305,Create a function to compute the perimeter of a square from its side length.,330,Create a function that computes the volume of a sphere given its radius.,0.8642562627792358,10,,
305,Create a function to compute the perimeter of a square from its side length.,498,Create a function that calculates the surface area of a cube based on its size.,0.8638641834259033,11,,
305,Create a function to compute the perimeter of a square from its side length.,556,Create a function that calculates the surface area of a square pyramid given the length of a base edge and the pyramid's height.,0.8601356148719788,12,,
305,Create a function to compute the perimeter of a square from its side length.,432,Create a function to calculate the length of the third side of a right triangle given the lengths of the other two sides.,0.8580265045166016,13,,
305,Create a function to compute the perimeter of a square from its side length.,299,Create a function that computes the square of each element in a list.,0.8568006753921509,14,,
305,Create a function to compute the perimeter of a square from its side length.,379,Create a function that returns the circumference of a circle given its radius.,0.8525143265724182,15,,
305,Create a function to compute the perimeter of a square from its side length.,85,Write a function to find the circumference of a circle.,0.8450522422790527,16,,
305,Create a function to compute the perimeter of a square from its side length.,39,Write a function to find the surface area of a sphere.,0.8434680104255676,17,,
305,Create a function to compute the perimeter of a square from its side length.,550,Create a function that calculates the surface area of a cylinder given its radius and height.,0.8417673110961914,18,,
305,Create a function to compute the perimeter of a square from its side length.,204,Write a function to find the surface area of a cube of a given size.,0.8404271602630615,19,,
305,Create a function to compute the perimeter of a square from its side length.,220,Write a function to find the area of a rectangle.,0.8404088020324707,20,,
306,Develop a function that deletes all characters from the first string that also appear in the second string.,12,Write a function to remove characters from the first string which are present in the second string.,0.9475252628326416,1,,
306,Develop a function that deletes all characters from the first string that also appear in the second string.,301,Create a Python function that deletes the first and last appearance of a specified character in a string.,0.9042332768440247,2,,
306,Develop a function that deletes all characters from the first string that also appear in the second string.,389,Develop a function that removes every element from one list that also appears in a second list.,0.8995364904403687,3,,
306,Develop a function that deletes all characters from the first string that also appear in the second string.,507,Create a function that eliminates all whitespace characters from a string.,0.8871579766273499,4,,
306,Develop a function that deletes all characters from the first string that also appear in the second string.,7,Write a python function to remove first and last occurrence of a given character from the string.,0.8768002986907959,5,,
306,Develop a function that deletes all characters from the first string that also appear in the second string.,494,Create a function that eliminates characters at odd positions in a string.,0.8742141127586365,6,,
306,Develop a function that deletes all characters from the first string that also appear in the second string.,402,Create a Python function that removes all characters at odd indices from a string.,0.8717435002326965,7,,
306,Develop a function that deletes all characters from the first string that also appear in the second string.,531,Create a function that eliminates lowercase letter sequences from a string.,0.8670904636383057,8,,
306,Develop a function that deletes all characters from the first string that also appear in the second string.,576,Create a function that identifies the first character that appears more than once in a string.,0.8627634048461914,9,,
306,Develop a function that deletes all characters from the first string that also appear in the second string.,200,Write a function to remove odd characters in a string.,0.8622226715087891,10,,
306,Develop a function that deletes all characters from the first string that also appear in the second string.,481,Create a function that retrieves the last character from each string in a tuple.,0.8610367178916931,11,,
306,Develop a function that deletes all characters from the first string that also appear in the second string.,515,Create a function that eliminates uppercase letter sequences from a string.,0.8609491586685181,12,,
306,Develop a function that deletes all characters from the first string that also appear in the second string.,512,Create a function that reverses the characters in each string within a list.,0.8605294227600098,13,,
306,Develop a function that deletes all characters from the first string that also appear in the second string.,456,Create a function that identifies the first non-repeating character in a string.,0.8589503765106201,14,,
306,Develop a function that deletes all characters from the first string that also appear in the second string.,95,Write a function to remove all elements from a given list present in another list.,0.8569968342781067,15,,
306,Develop a function that deletes all characters from the first string that also appear in the second string.,530,Create a function that changes all characters in a string to lowercase.,0.8552599549293518,16,,
306,Develop a function that deletes all characters from the first string that also appear in the second string.,405,Develop a function that replaces every space in a string with a specified character.,0.8545627593994141,17,,
306,Develop a function that deletes all characters from the first string that also appear in the second string.,213,Write a function to remove all whitespaces from the given string.,0.8521106243133545,18,,
306,Develop a function that deletes all characters from the first string that also appear in the second string.,543,Create a function that divides a string into its individual characters.,0.8503198623657227,19,,
306,Develop a function that deletes all characters from the first string that also appear in the second string.,527,Create a function that substitutes specified characters in a string with new ones.,0.8459974527359009,20,,
311,Create a Python function to verify if two integers have different signs.,17,Write a python function to check whether the given two integers have opposite sign or not.,0.9456466436386108,1,,
311,Create a Python function to verify if two integers have different signs.,324,Create a Python function to determine if a number can be written as the difference of two squares.,0.908053994178772,2,,
311,Create a Python function to verify if two integers have different signs.,30,Write a python function to check whether the given number can be represented as the difference of two squares or not.,0.9032796025276184,3,,
311,Create a Python function to verify if two integers have different signs.,3,Write a python function to check whether the two numbers differ at one bit position only or not.,0.898813009262085,4,,
311,Create a Python function to verify if two integers have different signs.,297,Create a Python function to determine if two numbers differ by exactly one bit position.,0.8923648595809937,5,,
311,Create a Python function to verify if two integers have different signs.,243,Write a python function to find the sum of the per-digit difference between two integers.,0.8871356248855591,6,,
311,Create a Python function to verify if two integers have different signs.,281,Write a python function to check whether the given number is even or not.,0.8812562227249146,7,,
311,Create a Python function to verify if two integers have different signs.,309,Create a Python function to determine if a number equals two times its reverse minus one.,0.8802247047424316,8,,
311,Create a Python function to verify if two integers have different signs.,15,Write a python function to check if a given number is one less than twice its reverse.,0.8727798461914062,9,,
311,Create a Python function to verify if two integers have different signs.,378,Create a Python function to determine if a number can be written as a sum of non-zero powers of two.,0.8726581335067749,10,,
311,Create a Python function to verify if two integers have different signs.,392,Create a function that checks if two numbers have the same sum of divisors.,0.8655597567558289,11,,
311,Create a Python function to verify if two integers have different signs.,171,Write a python function to find whether the parity of a given number is odd.,0.8640685677528381,12,,
311,Create a Python function to verify if two integers have different signs.,295,Develop a Python function that checks if a number is not a prime.,0.8639818429946899,13,,
311,Create a Python function to verify if two integers have different signs.,64,Write a function to check if a string represents an integer or not.,0.8620991706848145,14,,
311,Create a Python function to verify if two integers have different signs.,537,Create a function that computes the sum of differences between corresponding digits of two integers.,0.8620371222496033,15,,
311,Create a Python function to verify if two integers have different signs.,169,Write a python function to find the minimum of two numbers.,0.8614678382873535,16,,
311,Create a Python function to verify if two integers have different signs.,130,Write a python function takes in an integer and check whether the frequency of each digit in the integer is less than or equal to the digit itself.,0.8613100051879883,17,,
311,Create a Python function to verify if two integers have different signs.,98,Write a function to determine if the sum of the divisors of two integers are the same.,0.8575538396835327,18,,
311,Create a Python function to verify if two integers have different signs.,344,Create a Python function that counts how many divisors a given integer has.,0.854260265827179,19,,
311,Create a Python function to verify if two integers have different signs.,151,Write a python function to find the maximum of two numbers.,0.8542330265045166,20,,
312,Implement a function that calculates the nth octagonal number.,18,Write a function to find the nth octagonal number.,0.9506033658981323,1,,
312,Implement a function that calculates the nth octagonal number.,420,Implement a function that returns the nth decagonal number.,0.9336749315261841,2,,
312,Implement a function that calculates the nth octagonal number.,376,Create a function that computes the nth hexagonal number.,0.9309359192848206,3,,
312,Implement a function that calculates the nth octagonal number.,329,Implement a function to calculate the nth tetrahedral number.,0.9199259281158447,4,,
312,Implement a function that calculates the nth octagonal number.,411,Develop a function that computes the nth star number.,0.908708930015564,5,,
312,Implement a function that calculates the nth octagonal number.,126,Write a function to find the nth decagonal number.,0.9085133075714111,6,,
312,Implement a function that calculates the nth octagonal number.,82,Write a function to find the nth hexagonal number.,0.9001232385635376,7,,
312,Implement a function that calculates the nth octagonal number.,334,Create a function that returns the nth centered hexagonal number.,0.8987375497817993,8,,
312,Implement a function that calculates the nth octagonal number.,582,Create a function that computes the nth Bell number.,0.8984639048576355,9,,
312,Implement a function that calculates the nth octagonal number.,558,Create a function that computes the nth Catalan number.,0.8972793221473694,10,,
312,Implement a function that calculates the nth octagonal number.,40,Write a function to find nth centered hexagonal number.,0.8764367699623108,11,,
312,Implement a function that calculates the nth octagonal number.,35,Write a function to find the nth tetrahedral number.,0.8719437122344971,12,,
312,Implement a function that calculates the nth octagonal number.,428,Develop a function that calculates the sum of squares of the first n even natural numbers.,0.8603442907333374,13,,
312,Implement a function that calculates the nth octagonal number.,264,Write a function which returns nth catalan number.,0.8591674566268921,14,,
312,Implement a function that calculates the nth octagonal number.,332,Create a function to compute the nth value in the Newman-Conway sequence.,0.851226806640625,15,,
312,Implement a function that calculates the nth octagonal number.,117,Write a function to find the n'th star number.,0.8492053747177124,16,,
312,Implement a function that calculates the nth octagonal number.,505,Create a function that computes the sum of Perrin numbers up to the nth term.,0.8476165533065796,17,,
312,Implement a function that calculates the nth octagonal number.,478,Create a function that calculates the cube sum of the initial n even natural numbers.,0.8456765413284302,18,,
312,Implement a function that calculates the nth octagonal number.,288,Write a python function to find nth bell number.,0.8445330858230591,19,,
312,Implement a function that calculates the nth octagonal number.,351,Develop a function to compute the Eulerian number for given n and m.,0.8434111475944519,20,,
315,Create a function that returns the largest difference among pairs in a list of tuples.,21,Write a function to find the maximum difference between available pairs in the given tuple list.,0.9461702108383179,1,,
315,Create a function that returns the largest difference among pairs in a list of tuples.,364,Create a function that finds the largest absolute product among all pairs in a list of tuples.,0.9249566793441772,2,,
315,Create a function that returns the largest difference among pairs in a list of tuples.,70,Write a function to find the maximum absolute product between numbers in pairs of tuples within a given list.,0.9039245247840881,3,,
315,Create a function that returns the largest difference among pairs in a list of tuples.,468,Create a function that determines the lowest product obtainable from tuple pairs in a list.,0.8893662095069885,4,,
315,Create a function that returns the largest difference among pairs in a list of tuples.,387,Develop a Python function to get the largest difference between any two elements in an array.,0.8869549632072449,5,,
315,Create a function that returns the largest difference among pairs in a list of tuples.,143,Write a function to calculate the maximum aggregate from the list of tuples.,0.8846524953842163,6,,
315,Create a function that returns the largest difference among pairs in a list of tuples.,174,Write a function to find the minimum product from the pairs of tuples within a given list.,0.8822311162948608,7,,
315,Create a function that returns the largest difference among pairs in a list of tuples.,563,Create a function that calculates the difference between the maximum and minimum values in a list.,0.8725033402442932,8,,
315,Create a function that returns the largest difference among pairs in a list of tuples.,386,Create a function that returns the count of lists inside a given tuple.,0.8720411658287048,9,,
315,Create a function that returns the largest difference among pairs in a list of tuples.,93,Write a python function to find the maximum difference between any two elements in a given array.,0.8714784383773804,10,,
315,Create a function that returns the largest difference among pairs in a list of tuples.,461,Create a function that determines the count of unique tuples within a list.,0.8695811033248901,11,,
315,Create a function that returns the largest difference among pairs in a list of tuples.,342,Create a function that finds the first element from the tuple with the lowest second value in a list.,0.8652758598327637,12,,
315,Create a function that returns the largest difference among pairs in a list of tuples.,523,Create a function that computes the pairwise sum of adjacent elements in a tuple.,0.8647109866142273,13,,
315,Create a function that returns the largest difference among pairs in a list of tuples.,260,Write a function to find the dissimilar elements in the given two tuples.,0.8612111210823059,14,,
315,Create a function that returns the largest difference among pairs in a list of tuples.,539,Create a function that determines the union of two tuples' elements and returns them in sorted order.,0.8611627221107483,15,,
315,Create a function that returns the largest difference among pairs in a list of tuples.,474,Create a function that identifies the pair of integers in an array that yields the highest product.,0.8608402013778687,16,,
315,Create a function that returns the largest difference among pairs in a list of tuples.,269,Write a python function to find the difference between largest and smallest value in a given list.,0.860771119594574,17,,
315,Create a function that returns the largest difference among pairs in a list of tuples.,22,Write a function to sort a list of tuples using the second value of each tuple.,0.8590879440307617,18,,
315,Create a function that returns the largest difference among pairs in a list of tuples.,503,Create a function that tallies the occurrences of each list element in a tuple.,0.8583084344863892,19,,
315,Create a function that returns the largest difference among pairs in a list of tuples.,495,Create a function that counts pairs of tuples that are bidirectional.,0.8577978610992432,20,,
316,Implement a function to sort tuples in a list based on their second element.,22,Write a function to sort a list of tuples using the second value of each tuple.,0.945281982421875,1,,
316,Implement a function to sort tuples in a list based on their second element.,539,Create a function that determines the union of two tuples' elements and returns them in sorted order.,0.9073280096054077,2,,
316,Implement a function to sort tuples in a list based on their second element.,342,Create a function that finds the first element from the tuple with the lowest second value in a list.,0.9014373421669006,3,,
316,Implement a function to sort tuples in a list based on their second element.,323,Implement a function that sorts the elements of a list in ascending order.,0.8975138664245605,4,,
316,Implement a function to sort tuples in a list based on their second element.,380,Implement a function that sorts the elements of a list in ascending order.,0.8975138664245605,5,,
316,Implement a function to sort tuples in a list based on their second element.,245,Write a function to find the union of the elements of two given tuples and output them in sorted order.,0.8919007778167725,6,,
316,Implement a function to sort tuples in a list based on their second element.,486,Create a function that retrieves the element-wise AND results of two tuples.,0.8772372603416443,7,,
316,Implement a function to sort tuples in a list based on their second element.,86,Write a function to sort a list of elements.,0.8747435212135315,8,,
316,Implement a function to sort tuples in a list based on their second element.,29,Write a function to sort a list of elements.,0.8747435212135315,9,,
316,Implement a function to sort tuples in a list based on their second element.,475,Create a function that identifies the shared first element in a list of tuples.,0.8739155530929565,10,,
316,Implement a function to sort tuples in a list based on their second element.,526,"Create a function that finds common elements in tuples within a list, regardless of their order.",0.8732821941375732,11,,
316,Implement a function to sort tuples in a list based on their second element.,415,Develop a function that extracts the last element from each tuple in a list.,0.8725081086158752,12,,
316,Implement a function to sort tuples in a list based on their second element.,122,Write a function that takes in two tuples and subtracts the elements of the first tuple by the elements of the second tuple with the same index.,0.8721801042556763,13,,
316,Implement a function to sort tuples in a list based on their second element.,208,Write a function to perform index wise multiplication of tuple elements in the given two tuples.,0.8718898296356201,14,,
316,Implement a function to sort tuples in a list based on their second element.,406,Create a function that splits a list into two at a given index L and returns both parts as a tuple.,0.8716191053390503,15,,
316,Implement a function to sort tuples in a list based on their second element.,472,Create a function that retrieves the nth element from each tuple in a list of tuples.,0.8686150312423706,16,,
316,Implement a function to sort tuples in a list based on their second element.,502,Create a function that multiplies elements of two tuples at the same index together.,0.8680838346481323,17,,
316,Implement a function to sort tuples in a list based on their second element.,423,Create a function that performs element-wise subtraction between two lists.,0.8680802583694458,18,,
316,Implement a function to sort tuples in a list based on their second element.,503,Create a function that tallies the occurrences of each list element in a tuple.,0.86577308177948,19,,
316,Implement a function to sort tuples in a list based on their second element.,416,Create a function that subtracts corresponding elements of two tuples and returns the result as a tuple.,0.8652228116989136,20,,
318,Develop a Python function to count how many numbers in a list are positive.,24,Write a python function to count the number of positive numbers in a list.,0.9782227873802185,1,,
318,Develop a Python function to count how many numbers in a list are positive.,353,Develop a Python function to count the number of True values in a list.,0.9435039758682251,2,,
318,Develop a Python function to count how many numbers in a list are positive.,199,Write a python function to return the negative numbers in a list.,0.9145246744155884,3,,
318,Develop a Python function to count how many numbers in a list are positive.,81,Write a function to calculate the sum of the negative numbers of a given list of numbers.,0.8795636892318726,4,,
318,Develop a Python function to count how many numbers in a list are positive.,395,Develop a function that returns how many times a specific number appears in a list.,0.8768360018730164,5,,
318,Develop a Python function to count how many numbers in a list are positive.,310,Develop a Python function that constructs the biggest number possible from a list of digits.,0.8764126300811768,6,,
318,Develop a Python function to count how many numbers in a list are positive.,375,Develop a function that sums all negative numbers in a list.,0.8742864727973938,7,,
318,Develop a Python function to count how many numbers in a list are positive.,344,Create a Python function that counts how many divisors a given integer has.,0.8742005228996277,8,,
318,Develop a Python function to count how many numbers in a list are positive.,499,Create a function that calculates the ratio of positive numbers in an array of integers.,0.8738696575164795,9,,
318,Develop a Python function to count how many numbers in a list are positive.,255,Write a python function to calculate the product of the unique numbers in a given list.,0.8733742237091064,10,,
318,Develop a Python function to count how many numbers in a list are positive.,254,Write a python function to remove duplicate numbers from a given number of lists.,0.8693689703941345,11,,
318,Develop a Python function to count how many numbers in a list are positive.,314,Develop a Python function to return the minimum value in a list.,0.8682875037193298,12,,
318,Develop a Python function to count how many numbers in a list are positive.,101,Write a function to count the number of occurrences of a number in a given list.,0.867927074432373,13,,
318,Develop a Python function to count how many numbers in a list are positive.,141,Write a python function to count inversions in an array.,0.8671908974647522,14,,
318,Develop a Python function to count how many numbers in a list are positive.,205,Write a function to find the ration of positive numbers in an array of integers.,0.8654270172119141,15,,
318,Develop a Python function to count how many numbers in a list are positive.,206,Write a python function to find the largest negative number from the given list.,0.8647230863571167,16,,
318,Develop a Python function to count how many numbers in a list are positive.,356,Create a Python function that counts the number of ones in the first n positions of a binary string.,0.8640795350074768,17,,
318,Develop a Python function to count how many numbers in a list are positive.,209,Write a python function to count the occurence of all elements of list in a tuple.,0.8640144467353821,18,,
318,Develop a Python function to count how many numbers in a list are positive.,50,Write a python function to find the number of divisors of a given integer.,0.86232590675354,19,,
318,Develop a Python function to count how many numbers in a list are positive.,165,Write a function to compute the sum of digits of each number of a given list.,0.8596226572990417,20,,
320,Develop a Python function to determine if an array is monotonic (entirely non-increasing or non-decreasing).,26,Write a python function to check whether the given array is monotonic or not.,0.9386736154556274,1,,
320,Develop a Python function to determine if an array is monotonic (entirely non-increasing or non-decreasing).,295,Develop a Python function that checks if a number is not a prime.,0.8365422487258911,2,,
320,Develop a Python function to determine if an array is monotonic (entirely non-increasing or non-decreasing).,363,Develop a Python function to identify the unique element in a sorted array where all others are duplicated.,0.8308042287826538,3,,
320,Develop a Python function to determine if an array is monotonic (entirely non-increasing or non-decreasing).,422,Develop a Python function that determines whether all elements in a list are unique.,0.8302352428436279,4,,
320,Develop a Python function to determine if an array is monotonic (entirely non-increasing or non-decreasing).,179,Write a python function to check whether any value in a sequence exists in a sequence or not.,0.82851243019104,5,,
320,Develop a Python function to determine if an array is monotonic (entirely non-increasing or non-decreasing).,377,Develop a function that calculates the ratio of zeros to non-zeros in an integer array.,0.8281071186065674,6,,
320,Develop a Python function to determine if an array is monotonic (entirely non-increasing or non-decreasing).,307,Create a function to check if an integer array has any repeated elements.,0.827513575553894,7,,
320,Develop a Python function to determine if an array is monotonic (entirely non-increasing or non-decreasing).,340,Create a function to determine if a number is undulating (alternating digits).,0.8264025449752808,8,,
320,Develop a Python function to determine if an array is monotonic (entirely non-increasing or non-decreasing).,13,Write a function to find whether a given array of integers contains any duplicate element.,0.8261373043060303,9,,
320,Develop a Python function to determine if an array is monotonic (entirely non-increasing or non-decreasing).,382,Create a Python function to determine if a number has all bits set to zero within a specified range.,0.8252215385437012,10,,
320,Develop a Python function to determine if an array is monotonic (entirely non-increasing or non-decreasing).,88,Write a python function to check whether all the bits are unset in the given range or not.,0.8234668374061584,11,,
320,Develop a Python function to determine if an array is monotonic (entirely non-increasing or non-decreasing).,387,Develop a Python function to get the largest difference between any two elements in an array.,0.8231403827667236,12,,
320,Develop a Python function to determine if an array is monotonic (entirely non-increasing or non-decreasing).,128,Write a python function to check if the elements of a given list are unique or not.,0.8219678997993469,13,,
320,Develop a Python function to determine if an array is monotonic (entirely non-increasing or non-decreasing).,130,Write a python function takes in an integer and check whether the frequency of each digit in the integer is less than or equal to the digit itself.,0.8217819929122925,14,,
320,Develop a Python function to determine if an array is monotonic (entirely non-increasing or non-decreasing).,378,Create a Python function to determine if a number can be written as a sum of non-zero powers of two.,0.8211681842803955,15,,
320,Develop a Python function to determine if an array is monotonic (entirely non-increasing or non-decreasing).,34,Write a python function to check whether the length of the word is odd or not.,0.8210778832435608,16,,
320,Develop a Python function to determine if an array is monotonic (entirely non-increasing or non-decreasing).,400,Create a function to check if a given element is the majority in a sorted array (appears more than n/2 times).,0.8191559910774231,17,,
320,Develop a Python function to determine if an array is monotonic (entirely non-increasing or non-decreasing).,93,Write a python function to find the maximum difference between any two elements in a given array.,0.8189665675163269,18,,
320,Develop a Python function to determine if an array is monotonic (entirely non-increasing or non-decreasing).,141,Write a python function to count inversions in an array.,0.8186450004577637,19,,
320,Develop a Python function to determine if an array is monotonic (entirely non-increasing or non-decreasing).,327,Develop a Python function to check if a number can be divided by 11 without remainder.,0.8182018995285034,20,,
322,Develop a function to check if all tuples in a list have the same length.,28,Write a function to find whether all the given tuples have equal length or not.,0.936736524105072,1,,
322,Develop a function to check if all tuples in a list have the same length.,399,Develop a function that checks whether every element in a tuple is of the same type.,0.929682731628418,2,,
322,Develop a function to check if all tuples in a list have the same length.,105,Write a function to check if all the elements in tuple have same data type or not.,0.9075886607170105,3,,
322,Develop a function to check if all tuples in a list have the same length.,425,Create a function that checks if all elements in a list are the same as the given element.,0.8941004872322083,4,,
322,Develop a function to check if all tuples in a list have the same length.,455,Create a function that verifies whether a tuple has any duplicate elements.,0.892231822013855,5,,
322,Develop a function to check if all tuples in a list have the same length.,461,Create a function that determines the count of unique tuples within a list.,0.8904122114181519,6,,
322,Develop a function to check if all tuples in a list have the same length.,503,Create a function that tallies the occurrences of each list element in a tuple.,0.8867452144622803,7,,
322,Develop a function to check if all tuples in a list have the same length.,386,Create a function that returns the count of lists inside a given tuple.,0.8828577995300293,8,,
322,Develop a function to check if all tuples in a list have the same length.,354,Create a function that appends all elements of a list to a tuple.,0.8821972608566284,9,,
322,Develop a function to check if all tuples in a list have the same length.,161,Write a function to check if given tuple contains no duplicates.,0.8800254464149475,10,,
322,Develop a function to check if all tuples in a list have the same length.,92,Write a function to find number of lists present in the given tuple.,0.8789269924163818,11,,
322,Develop a function to check if all tuples in a list have the same length.,209,Write a python function to count the occurence of all elements of list in a tuple.,0.8782795667648315,12,,
322,Develop a function to check if all tuples in a list have the same length.,170,Write a function to check whether an element exists within a tuple.,0.8768250942230225,13,,
322,Develop a function to check if all tuples in a list have the same length.,526,"Create a function that finds common elements in tuples within a list, regardless of their order.",0.8690958023071289,14,,
322,Develop a function to check if all tuples in a list have the same length.,415,Develop a function that extracts the last element from each tuple in a list.,0.8674059510231018,15,,
322,Develop a function to check if all tuples in a list have the same length.,422,Develop a Python function that determines whether all elements in a list are unique.,0.8662752509117126,16,,
322,Develop a function to check if all tuples in a list have the same length.,464,Create a function that verifies the existence of an element in a tuple.,0.8658136129379272,17,,
322,Develop a function to check if all tuples in a list have the same length.,385,Develop a function that counts how many items are the same at the same index in three lists.,0.8652228116989136,18,,
322,Develop a function to check if all tuples in a list have the same length.,449,Create a function that determines which list in a collection of lists is the longest.,0.8617915511131287,19,,
322,Develop a function to check if all tuples in a list have the same length.,131,Write a function that takes in a list and element and checks whether all items in the list are equal to the given element.,0.8591247797012329,20,,
325,Develop a function to verify if a list matches the sequence pattern provided.,31,Write a function to check whether it follows the sequence given in the patterns array.,0.9287240505218506,1,,
325,Develop a function to verify if a list matches the sequence pattern provided.,525,Create a function that verifies if a list of numbers is consecutive.,0.8977782130241394,2,,
325,Develop a function to verify if a list matches the sequence pattern provided.,545,Create a function that verifies if a list is sorted in ascending order.,0.8830853700637817,3,,
325,Develop a function to verify if a list matches the sequence pattern provided.,251,Write a function to check whether a specified list is sorted or not.,0.8735421299934387,4,,
325,Develop a function to verify if a list matches the sequence pattern provided.,425,Create a function that checks if all elements in a list are the same as the given element.,0.8699957132339478,5,,
325,Develop a function to verify if a list matches the sequence pattern provided.,551,Create a function that verifies if one list is a sublist of another list.,0.8694652915000916,6,,
325,Develop a function to verify if a list matches the sequence pattern provided.,321,Create a function that verifies if a sublist exists within a list.,0.8671053647994995,7,,
325,Develop a function to verify if a list matches the sequence pattern provided.,473,Create a function that checks for the existence of any value from one sequence in another sequence.,0.8654565215110779,8,,
325,Develop a function to verify if a list matches the sequence pattern provided.,339,Develop a function to check if any string in a list contains a given substring.,0.862614631652832,9,,
325,Develop a function to verify if a list matches the sequence pattern provided.,27,Write a function to check whether a list contains the given sublist or not.,0.8616107702255249,10,,
325,Develop a function to verify if a list matches the sequence pattern provided.,179,Write a python function to check whether any value in a sequence exists in a sequence or not.,0.8565482497215271,11,,
325,Develop a function to verify if a list matches the sequence pattern provided.,322,Develop a function to check if all tuples in a list have the same length.,0.8545457124710083,12,,
325,Develop a function to verify if a list matches the sequence pattern provided.,131,Write a function that takes in a list and element and checks whether all items in the list are equal to the given element.,0.8539053201675415,13,,
325,Develop a function to verify if a list matches the sequence pattern provided.,395,Develop a function that returns how many times a specific number appears in a list.,0.8453907370567322,14,,
325,Develop a function to verify if a list matches the sequence pattern provided.,231,Write a python function to check whether the given list contains consecutive numbers or not.,0.8451098203659058,15,,
325,Develop a function to verify if a list matches the sequence pattern provided.,488,Create a function that checks for any common element between two lists and returns true if found.,0.8448289632797241,16,,
325,Develop a function to verify if a list matches the sequence pattern provided.,307,Create a function to check if an integer array has any repeated elements.,0.8399039506912231,17,,
325,Develop a function to verify if a list matches the sequence pattern provided.,128,Write a python function to check if the elements of a given list are unique or not.,0.8367413282394409,18,,
325,Develop a function to verify if a list matches the sequence pattern provided.,399,Develop a function that checks whether every element in a tuple is of the same type.,0.8362354040145874,19,,
325,Develop a function to verify if a list matches the sequence pattern provided.,257,Write a python function to check whether a list is sublist of another or not.,0.8349325656890869,20,,
326,Create a function that returns tuples from a list where every element is divisible by a given number k.,32,Write a function to find tuples which have all elements divisible by k from the given list of tuples.,0.9536309242248535,1,,
326,Create a function that returns tuples from a list where every element is divisible by a given number k.,207,Write a function to trim each tuple by k in the given tuple list.,0.9010035991668701,2,,
326,Create a function that returns tuples from a list where every element is divisible by a given number k.,501,Create a function that shortens each tuple in a list of tuples by removing the first and last k elements.,0.8950396776199341,3,,
326,Create a function that returns tuples from a list where every element is divisible by a given number k.,472,Create a function that retrieves the nth element from each tuple in a list of tuples.,0.8915370106697083,4,,
326,Create a function that returns tuples from a list where every element is divisible by a given number k.,503,Create a function that tallies the occurrences of each list element in a tuple.,0.8807618618011475,5,,
326,Create a function that returns tuples from a list where every element is divisible by a given number k.,415,Develop a function that extracts the last element from each tuple in a list.,0.873416543006897,6,,
326,Create a function that returns tuples from a list where every element is divisible by a given number k.,121,Write a function that takes in a list of tuples and returns a list containing the rear element of each tuple.,0.8709732294082642,7,,
326,Create a function that returns tuples from a list where every element is divisible by a given number k.,178,Write a function to extract the nth element from a given list of tuples.,0.8708724975585938,8,,
326,Create a function that returns tuples from a list where every element is divisible by a given number k.,386,Create a function that returns the count of lists inside a given tuple.,0.8685682415962219,9,,
326,Create a function that returns tuples from a list where every element is divisible by a given number k.,406,Create a function that splits a list into two at a given index L and returns both parts as a tuple.,0.8684697151184082,10,,
326,Create a function that returns tuples from a list where every element is divisible by a given number k.,408,Create a function that divides a list into n groups by taking every nth element for each group.,0.8660225868225098,11,,
326,Create a function that returns tuples from a list where every element is divisible by a given number k.,185,Write a function to concatenate each element of tuple by the delimiter.,0.8652448654174805,12,,
326,Create a function that returns tuples from a list where every element is divisible by a given number k.,354,Create a function that appends all elements of a list to a tuple.,0.8646305203437805,13,,
326,Create a function that returns tuples from a list where every element is divisible by a given number k.,360,Create a function that joins all numbers in a tuple into one integer.,0.8637185096740723,14,,
326,Create a function that returns tuples from a list where every element is divisible by a given number k.,416,Create a function that subtracts corresponding elements of two tuples and returns the result as a tuple.,0.863017201423645,15,,
326,Create a function that returns tuples from a list where every element is divisible by a given number k.,114,"Write a function that takes in a list and an integer n and splits a list for every nth element, returning a list of the resulting lists.",0.8625777959823608,16,,
326,Create a function that returns tuples from a list where every element is divisible by a given number k.,504,Create a function that computes the cube of each element in a list.,0.8623173832893372,17,,
326,Create a function that returns tuples from a list where every element is divisible by a given number k.,140,Write a function to return the sum of all divisors of a number.,0.861255943775177,18,,
326,Create a function that returns tuples from a list where every element is divisible by a given number k.,583,Create a function that produces a list identical to the input list but with the k'th element excluded.,0.8611181378364563,19,,
326,Create a function that returns tuples from a list where every element is divisible by a given number k.,167,Write a function to extract the number of unique tuples in the given list.,0.8601554036140442,20,,
327,Develop a Python function to check if a number can be divided by 11 without remainder.,33,Write a python function to find whether a number is divisible by 11.,0.9459089040756226,1,,
327,Develop a Python function to check if a number can be divided by 11 without remainder.,295,Develop a Python function that checks if a number is not a prime.,0.8835850358009338,2,,
327,Develop a Python function to check if a number can be divided by 11 without remainder.,378,Create a Python function to determine if a number can be written as a sum of non-zero powers of two.,0.8728064894676208,3,,
327,Develop a Python function to check if a number can be divided by 11 without remainder.,281,Write a python function to check whether the given number is even or not.,0.8678060173988342,4,,
327,Develop a Python function to check if a number can be divided by 11 without remainder.,324,Create a Python function to determine if a number can be written as the difference of two squares.,0.8649954199790955,5,,
327,Develop a Python function to check if a number can be divided by 11 without remainder.,171,Write a python function to find whether the parity of a given number is odd.,0.8619040250778198,6,,
327,Develop a Python function to check if a number can be divided by 11 without remainder.,15,Write a python function to check if a given number is one less than twice its reverse.,0.8608964681625366,7,,
327,Develop a Python function to check if a number can be divided by 11 without remainder.,30,Write a python function to check whether the given number can be represented as the difference of two squares or not.,0.860500693321228,8,,
327,Develop a Python function to check if a number can be divided by 11 without remainder.,309,Create a Python function to determine if a number equals two times its reverse minus one.,0.8589112758636475,9,,
327,Develop a Python function to check if a number can be divided by 11 without remainder.,344,Create a Python function that counts how many divisors a given integer has.,0.8588827848434448,10,,
327,Develop a Python function to check if a number can be divided by 11 without remainder.,50,Write a python function to find the number of divisors of a given integer.,0.8574838638305664,11,,
327,Develop a Python function to check if a number can be divided by 11 without remainder.,1,Write a python function to identify non-prime numbers.,0.8562926054000854,12,,
327,Develop a Python function to check if a number can be divided by 11 without remainder.,84,Write a python function to check whether the given number can be represented as sum of non-zero powers of 2 or not.,0.8551747798919678,13,,
327,Develop a Python function to check if a number can be divided by 11 without remainder.,311,Create a Python function to verify if two integers have different signs.,0.8517558574676514,14,,
327,Develop a Python function to check if a number can be divided by 11 without remainder.,3,Write a python function to check whether the two numbers differ at one bit position only or not.,0.8495867848396301,15,,
327,Develop a Python function to check if a number can be divided by 11 without remainder.,382,Create a Python function to determine if a number has all bits set to zero within a specified range.,0.8495308756828308,16,,
327,Develop a Python function to check if a number can be divided by 11 without remainder.,328,Create a Python function to determine if the length of a word is an odd number.,0.8478391170501709,17,,
327,Develop a Python function to check if a number can be divided by 11 without remainder.,238,Write a python function to find the first digit of a given number.,0.8449784517288208,18,,
327,Develop a Python function to check if a number can be divided by 11 without remainder.,297,Create a Python function to determine if two numbers differ by exactly one bit position.,0.8436686992645264,19,,
327,Develop a Python function to check if a number can be divided by 11 without remainder.,310,Develop a Python function that constructs the biggest number possible from a list of digits.,0.8436126112937927,20,,
328,Create a Python function to determine if the length of a word is an odd number.,34,Write a python function to check whether the length of the word is odd or not.,0.9602822065353394,1,,
328,Create a Python function to determine if the length of a word is an odd number.,171,Write a python function to find whether the parity of a given number is odd.,0.9051123857498169,2,,
328,Create a Python function to determine if the length of a word is an odd number.,44,Write a python function to find the length of the longest word.,0.8969732522964478,3,,
328,Create a Python function to determine if the length of a word is an odd number.,281,Write a python function to check whether the given number is even or not.,0.8846681118011475,4,,
328,Create a Python function to determine if the length of a word is an odd number.,338,Create a Python function to determine the maximum word length in a list.,0.8813257217407227,5,,
328,Create a Python function to determine if the length of a word is an odd number.,62,Write a python function to find the number of numbers with an odd value when rotating a binary string the given number of times.,0.8778700828552246,6,,
328,Create a Python function to determine if the length of a word is an odd number.,465,Create a function that determines if the parity of a number is odd.,0.8729537725448608,7,,
328,Create a Python function to determine if the length of a word is an odd number.,241,Write a python function to count the number of pairs whose xor value is odd.,0.8682656288146973,8,,
328,Create a Python function to determine if the length of a word is an odd number.,324,Create a Python function to determine if a number can be written as the difference of two squares.,0.8665482401847839,9,,
328,Create a Python function to determine if the length of a word is an odd number.,15,Write a python function to check if a given number is one less than twice its reverse.,0.8631541132926941,10,,
328,Create a Python function to determine if the length of a word is an odd number.,309,Create a Python function to determine if a number equals two times its reverse minus one.,0.8610638380050659,11,,
328,Create a Python function to determine if the length of a word is an odd number.,378,Create a Python function to determine if a number can be written as a sum of non-zero powers of two.,0.8576271533966064,12,,
328,Create a Python function to determine if the length of a word is an odd number.,177,Write a python function to remove odd numbers from a given list.,0.8555324077606201,13,,
328,Create a Python function to determine if the length of a word is an odd number.,33,Write a python function to find whether a number is divisible by 11.,0.8545255661010742,14,,
328,Create a Python function to determine if the length of a word is an odd number.,313,Create a Python function that counts substrings where the sum of digits matches the substring's length.,0.8513338565826416,15,,
328,Create a Python function to determine if the length of a word is an odd number.,295,Develop a Python function that checks if a number is not a prime.,0.8508771657943726,16,,
328,Create a Python function to determine if the length of a word is an odd number.,198,Write a python function to find the last digit of a given number.,0.8492357134819031,17,,
328,Create a Python function to determine if the length of a word is an odd number.,30,Write a python function to check whether the given number can be represented as the difference of two squares or not.,0.8486976027488708,18,,
328,Create a Python function to determine if the length of a word is an odd number.,327,Develop a Python function to check if a number can be divided by 11 without remainder.,0.8478391170501709,19,,
328,Create a Python function to determine if the length of a word is an odd number.,297,Create a Python function to determine if two numbers differ by exactly one bit position.,0.8473604321479797,20,,
332,Create a function to compute the nth value in the Newman-Conway sequence.,38,Write a function to find the nth number in the newman conway sequence.,0.939484715461731,1,,
332,Create a function to compute the nth value in the Newman-Conway sequence.,582,Create a function that computes the nth Bell number.,0.8752046823501587,2,,
332,Create a function to compute the nth value in the Newman-Conway sequence.,411,Develop a function that computes the nth star number.,0.8670926094055176,3,,
332,Create a function to compute the nth value in the Newman-Conway sequence.,376,Create a function that computes the nth hexagonal number.,0.8612302541732788,4,,
332,Create a function to compute the nth value in the Newman-Conway sequence.,558,Create a function that computes the nth Catalan number.,0.8584563732147217,5,,
332,Create a function to compute the nth value in the Newman-Conway sequence.,451,Create a function that calculates and returns the lucas number at position n in the sequence.,0.8570287227630615,6,,
332,Create a function to compute the nth value in the Newman-Conway sequence.,505,Create a function that computes the sum of Perrin numbers up to the nth term.,0.855315089225769,7,,
332,Create a function to compute the nth value in the Newman-Conway sequence.,126,Write a function to find the nth decagonal number.,0.8541654348373413,8,,
332,Create a function to compute the nth value in the Newman-Conway sequence.,312,Implement a function that calculates the nth octagonal number.,0.851226806640625,9,,
332,Create a function to compute the nth value in the Newman-Conway sequence.,329,Implement a function to calculate the nth tetrahedral number.,0.8486950397491455,10,,
332,Create a function to compute the nth value in the Newman-Conway sequence.,18,Write a function to find the nth octagonal number.,0.8463513851165771,11,,
332,Create a function to compute the nth value in the Newman-Conway sequence.,420,Implement a function that returns the nth decagonal number.,0.844819188117981,12,,
332,Create a function to compute the nth value in the Newman-Conway sequence.,480,Create a function that calculates the average value of the cubes of the first n natural numbers.,0.8445830345153809,13,,
332,Create a function to compute the nth value in the Newman-Conway sequence.,117,Write a function to find the n'th star number.,0.8439362645149231,14,,
332,Create a function to compute the nth value in the Newman-Conway sequence.,351,Develop a function to compute the Eulerian number for given n and m.,0.8434204459190369,15,,
332,Create a function to compute the nth value in the Newman-Conway sequence.,82,Write a function to find the nth hexagonal number.,0.8422225713729858,16,,
332,Create a function to compute the nth value in the Newman-Conway sequence.,334,Create a function that returns the nth centered hexagonal number.,0.8420742750167847,17,,
332,Create a function to compute the nth value in the Newman-Conway sequence.,35,Write a function to find the nth tetrahedral number.,0.8398232460021973,18,,
332,Create a function to compute the nth value in the Newman-Conway sequence.,478,Create a function that calculates the cube sum of the initial n even natural numbers.,0.8389571905136108,19,,
332,Create a function to compute the nth value in the Newman-Conway sequence.,288,Write a python function to find nth bell number.,0.8308925628662109,20,,
335,Develop a function that combines three dictionaries into one.,41,Write a function to merge three dictionaries into a single dictionary.,0.950897753238678,1,,
335,Develop a function that combines three dictionaries into one.,355,Develop a function that combines three lists and returns a single sorted list.,0.8807220458984375,2,,
335,Develop a function that combines three dictionaries into one.,453,Create a function that transforms multiple lists into a nested dictionary structure.,0.8754227161407471,3,,
335,Develop a function that combines three dictionaries into one.,159,Write a function to convert more than one list to nested dictionary.,0.866519570350647,4,,
335,Develop a function that combines three dictionaries into one.,61,Write a function to merge three lists into a single sorted list.,0.8651265501976013,5,,
335,Develop a function that combines three dictionaries into one.,528,Create a function that arranges the entries of a dictionary based on their values.,0.8550888299942017,6,,
335,Develop a function that combines three dictionaries into one.,369,Develop a function that multiplies two integers together.,0.8437183499336243,7,,
335,Develop a function that combines three dictionaries into one.,546,Create a function that generates a list containing N empty dictionaries.,0.8422151207923889,8,,
335,Develop a function that combines three dictionaries into one.,252,Write a function to create a list of N empty dictionaries.,0.8418746590614319,9,,
335,Develop a function that combines three dictionaries into one.,234,Write a function to sort a dictionary by value.,0.8372989892959595,10,,
335,Develop a function that combines three dictionaries into one.,496,Create a function that concatenates multiple integers from a list into one single integer.,0.8323270082473755,11,,
335,Develop a function that combines three dictionaries into one.,145,Write a function to find the depth of a dictionary.,0.8317995071411133,12,,
335,Develop a function that combines three dictionaries into one.,385,Develop a function that counts how many items are the same at the same index in three lists.,0.83092200756073,13,,
335,Develop a function that combines three dictionaries into one.,359,Develop a function that checks if every dictionary in a list is empty.,0.8308299779891968,14,,
335,Develop a function that combines three dictionaries into one.,553,Create a function that merges three lists of equal length into one flat list by alternating their elements.,0.8306653499603271,15,,
335,Develop a function that combines three dictionaries into one.,374,Create a function that concatenates all elements of a tuple into a single string.,0.830255389213562,16,,
335,Develop a function that combines three dictionaries into one.,384,Create a function that merges all numbers from a list of lists into a single set.,0.8298723101615906,17,,
335,Develop a function that combines three dictionaries into one.,502,Create a function that multiplies elements of two tuples at the same index together.,0.8294092416763306,18,,
335,Develop a function that combines three dictionaries into one.,345,Develop a function that flattens a list of lists and returns a dictionary with the frequency of each element.,0.8274658918380737,19,,
335,Develop a function that combines three dictionaries into one.,462,Create a function that adds together elements of two nested tuples at the same index.,0.8241523504257202,20,,
336,Create a function that counts how often each element appears in a list and returns the result as a dictionary.,42,"Write a function to get the frequency of all the elements in a list, returned as a dictionary.",0.9273251295089722,1,,
336,Create a function that counts how often each element appears in a list and returns the result as a dictionary.,345,Develop a function that flattens a list of lists and returns a dictionary with the frequency of each element.,0.9078588485717773,2,,
336,Create a function that counts how often each element appears in a list and returns the result as a dictionary.,51,"Write a function to find frequency of each element in a flattened list of lists, returned in a dictionary.",0.9053345918655396,3,,
336,Create a function that counts how often each element appears in a list and returns the result as a dictionary.,395,Develop a function that returns how many times a specific number appears in a list.,0.9033211469650269,4,,
336,Create a function that counts how often each element appears in a list and returns the result as a dictionary.,372,Create a function that returns the most frequent item in a list.,0.8904602527618408,5,,
336,Create a function that counts how often each element appears in a list and returns the result as a dictionary.,503,Create a function that tallies the occurrences of each list element in a tuple.,0.8867188692092896,6,,
336,Create a function that counts how often each element appears in a list and returns the result as a dictionary.,101,Write a function to count the number of occurrences of a number in a given list.,0.8660953044891357,7,,
336,Create a function that counts how often each element appears in a list and returns the result as a dictionary.,386,Create a function that returns the count of lists inside a given tuple.,0.8614447712898254,8,,
336,Create a function that counts how often each element appears in a list and returns the result as a dictionary.,359,Develop a function that checks if every dictionary in a list is empty.,0.8600722551345825,9,,
336,Create a function that counts how often each element appears in a list and returns the result as a dictionary.,346,Create a function that multiplies all elements in a list and divides the result by the list's length.,0.8559054136276245,10,,
336,Create a function that counts how often each element appears in a list and returns the result as a dictionary.,209,Write a python function to count the occurence of all elements of list in a tuple.,0.8555673360824585,11,,
336,Create a function that counts how often each element appears in a list and returns the result as a dictionary.,504,Create a function that computes the cube of each element in a list.,0.8537667989730835,12,,
336,Create a function that counts how often each element appears in a list and returns the result as a dictionary.,299,Create a function that computes the square of each element in a list.,0.8535089492797852,13,,
336,Create a function that counts how often each element appears in a list and returns the result as a dictionary.,131,Write a function that takes in a list and element and checks whether all items in the list are equal to the given element.,0.8522288799285889,14,,
336,Create a function that counts how often each element appears in a list and returns the result as a dictionary.,459,Create a function that calculates the sum of digits for every number in a list.,0.8500235676765442,15,,
336,Create a function that counts how often each element appears in a list and returns the result as a dictionary.,385,Develop a function that counts how many items are the same at the same index in three lists.,0.8495762348175049,16,,
336,Create a function that counts how often each element appears in a list and returns the result as a dictionary.,425,Create a function that checks if all elements in a list are the same as the given element.,0.847848117351532,17,,
336,Create a function that counts how often each element appears in a list and returns the result as a dictionary.,528,Create a function that arranges the entries of a dictionary based on their values.,0.8469235897064209,18,,
336,Create a function that counts how often each element appears in a list and returns the result as a dictionary.,477,"Create a function that rounds each number in a list, then returns the total sum multiplied by the list's length.",0.8464890718460083,19,,
336,Create a function that counts how often each element appears in a list and returns the result as a dictionary.,518,Create a function that generates all possible combinations of elements from a given list.,0.8455972671508789,20,,
338,Create a Python function to determine the maximum word length in a list.,44,Write a python function to find the length of the longest word.,0.935405969619751,1,,
338,Create a Python function to determine the maximum word length in a list.,182,Write a python function to find element of a list having maximum length.,0.9347932934761047,2,,
338,Create a Python function to determine the maximum word length in a list.,135,Write a function to find the list of maximum length in a list of lists.,0.922369122505188,3,,
338,Create a Python function to determine the maximum word length in a list.,155,Write a function to find the list with maximum length.,0.9126091003417969,4,,
338,Create a Python function to determine the maximum word length in a list.,246,Write a python function to find the length of the longest sublists.,0.9038604497909546,5,,
338,Create a Python function to determine the maximum word length in a list.,476,Create a function that identifies the element with the greatest length in a list.,0.9004652500152588,6,,
338,Create a Python function to determine the maximum word length in a list.,49,Write a python function to find the length of the smallest list in a list of lists.,0.9003788232803345,7,,
338,Create a Python function to determine the maximum word length in a list.,343,Develop a Python function to return the length of the shortest list among a list of lists.,0.9003645777702332,8,,
338,Create a Python function to determine the maximum word length in a list.,449,Create a function that determines which list in a collection of lists is the longest.,0.8939582109451294,9,,
338,Create a Python function to determine the maximum word length in a list.,540,Create a function that determines the length of the longest sublist within a list of sublists.,0.8879148960113525,10,,
338,Create a Python function to determine the maximum word length in a list.,328,Create a Python function to determine if the length of a word is an odd number.,0.8813257217407227,11,,
338,Create a Python function to determine the maximum word length in a list.,310,Develop a Python function that constructs the biggest number possible from a list of digits.,0.8790222406387329,12,,
338,Create a Python function to determine the maximum word length in a list.,219,Write a python function to find the sublist having minimum length.,0.8765760660171509,13,,
338,Create a Python function to determine the maximum word length in a list.,314,Develop a Python function to return the minimum value in a list.,0.8721033930778503,14,,
338,Create a Python function to determine the maximum word length in a list.,151,Write a python function to find the maximum of two numbers.,0.8690178990364075,15,,
338,Create a Python function to determine the maximum word length in a list.,16,Write a python function to find the largest number that can be formed with the given list of digits.,0.8671094179153442,16,,
338,Create a Python function to determine the maximum word length in a list.,20,Write a python function to find smallest number in a list.,0.8634927272796631,17,,
338,Create a Python function to determine the maximum word length in a list.,506,Create a function that retrieves strings of a certain length from a list.,0.8613408803939819,18,,
338,Create a Python function to determine the maximum word length in a list.,353,Develop a Python function to count the number of True values in a list.,0.8606104850769043,19,,
338,Create a Python function to determine the maximum word length in a list.,269,Write a python function to find the difference between largest and smallest value in a given list.,0.8592407703399658,20,,
339,Develop a function to check if any string in a list contains a given substring.,45,Write a function to check if a string is present as a substring in a given list of string values.,0.9505444765090942,1,,
339,Develop a function to check if any string in a list contains a given substring.,27,Write a function to check whether a list contains the given sublist or not.,0.9385022521018982,2,,
339,Develop a function to check if any string in a list contains a given substring.,321,Create a function that verifies if a sublist exists within a list.,0.9292498826980591,3,,
339,Develop a function to check if any string in a list contains a given substring.,551,Create a function that verifies if one list is a sublist of another list.,0.8949163556098938,4,,
339,Develop a function to check if any string in a list contains a given substring.,352,Create a function that sorts every sublist of strings within a list of lists.,0.8854471445083618,5,,
339,Develop a function to check if any string in a list contains a given substring.,257,Write a python function to check whether a list is sublist of another or not.,0.8850054740905762,6,,
339,Develop a function to check if any string in a list contains a given substring.,547,Create a function that arranges the strings in each sublist of a list of lists.,0.8810054063796997,7,,
339,Develop a function to check if any string in a list contains a given substring.,58,Write a function to sort each sublist of strings in a given list of lists.,0.8792494535446167,8,,
339,Develop a function to check if any string in a list contains a given substring.,253,Write a function to sort each sublist of strings in a given list of lists.,0.8792494535446167,9,,
339,Develop a function to check if any string in a list contains a given substring.,188,Write a function to count the number of sublists containing a particular element.,0.8695780634880066,10,,
339,Develop a function to check if any string in a list contains a given substring.,359,Develop a function that checks if every dictionary in a list is empty.,0.8680368661880493,11,,
339,Develop a function to check if any string in a list contains a given substring.,304,Write a function that checks if a string has lowercase letter sequences separated by an underscore.,0.8672846555709839,12,,
339,Develop a function to check if any string in a list contains a given substring.,170,Write a function to check whether an element exists within a tuple.,0.8641513586044312,13,,
339,Develop a function to check if any string in a list contains a given substring.,482,Create a function that tallies the number of sublists that include a specific element.,0.8635829091072083,14,,
339,Develop a function to check if any string in a list contains a given substring.,325,Develop a function to verify if a list matches the sequence pattern provided.,0.862614631652832,15,,
339,Develop a function to check if any string in a list contains a given substring.,425,Create a function that checks if all elements in a list are the same as the given element.,0.8582185506820679,16,,
339,Develop a function to check if any string in a list contains a given substring.,179,Write a python function to check whether any value in a sequence exists in a sequence or not.,0.8581847548484802,17,,
339,Develop a function to check if any string in a list contains a given substring.,251,Write a function to check whether a specified list is sorted or not.,0.8577635884284973,18,,
339,Develop a function to check if any string in a list contains a given substring.,506,Create a function that retrieves strings of a certain length from a list.,0.8562390804290771,19,,
339,Develop a function to check if any string in a list contains a given substring.,322,Develop a function to check if all tuples in a list have the same length.,0.855973482131958,20,,
342,Create a function that finds the first element from the tuple with the lowest second value in a list.,48,"Given a list of tuples, write a function that returns the first value of the tuple with the smallest second value.",0.9263696670532227,1,,
342,Create a function that finds the first element from the tuple with the lowest second value in a list.,468,Create a function that determines the lowest product obtainable from tuple pairs in a list.,0.9236574769020081,2,,
342,Create a function that finds the first element from the tuple with the lowest second value in a list.,174,Write a function to find the minimum product from the pairs of tuples within a given list.,0.9060204029083252,3,,
342,Create a function that finds the first element from the tuple with the lowest second value in a list.,415,Develop a function that extracts the last element from each tuple in a list.,0.905572235584259,4,,
342,Create a function that finds the first element from the tuple with the lowest second value in a list.,22,Write a function to sort a list of tuples using the second value of each tuple.,0.9035287499427795,5,,
342,Create a function that finds the first element from the tuple with the lowest second value in a list.,475,Create a function that identifies the shared first element in a list of tuples.,0.9032151699066162,6,,
342,Create a function that finds the first element from the tuple with the lowest second value in a list.,316,Implement a function to sort tuples in a list based on their second element.,0.9014373421669006,7,,
342,Create a function that finds the first element from the tuple with the lowest second value in a list.,181,Write a function to find common first element in given list of tuple.,0.8988150358200073,8,,
342,Create a function that finds the first element from the tuple with the lowest second value in a list.,472,Create a function that retrieves the nth element from each tuple in a list of tuples.,0.8944124579429626,9,,
342,Create a function that finds the first element from the tuple with the lowest second value in a list.,501,Create a function that shortens each tuple in a list of tuples by removing the first and last k elements.,0.8907206654548645,10,,
342,Create a function that finds the first element from the tuple with the lowest second value in a list.,122,Write a function that takes in two tuples and subtracts the elements of the first tuple by the elements of the second tuple with the same index.,0.8891294002532959,11,,
342,Create a function that finds the first element from the tuple with the lowest second value in a list.,419,Create a function that counts how many elements appear before the first tuple element in the given tuple.,0.883242130279541,12,,
342,Create a function that finds the first element from the tuple with the lowest second value in a list.,486,Create a function that retrieves the element-wise AND results of two tuples.,0.8782359957695007,13,,
342,Create a function that finds the first element from the tuple with the lowest second value in a list.,178,Write a function to extract the nth element from a given list of tuples.,0.8746765851974487,14,,
342,Create a function that finds the first element from the tuple with the lowest second value in a list.,539,Create a function that determines the union of two tuples' elements and returns them in sorted order.,0.874134361743927,15,,
342,Create a function that finds the first element from the tuple with the lowest second value in a list.,503,Create a function that tallies the occurrences of each list element in a tuple.,0.8723710179328918,16,,
342,Create a function that finds the first element from the tuple with the lowest second value in a list.,416,Create a function that subtracts corresponding elements of two tuples and returns the result as a tuple.,0.8718496561050415,17,,
342,Create a function that finds the first element from the tuple with the lowest second value in a list.,245,Write a function to find the union of the elements of two given tuples and output them in sorted order.,0.871360182762146,18,,
342,Create a function that finds the first element from the tuple with the lowest second value in a list.,469,Create a function that identifies the smallest value in a heterogeneous list.,0.8702767491340637,19,,
342,Create a function that finds the first element from the tuple with the lowest second value in a list.,406,Create a function that splits a list into two at a given index L and returns both parts as a tuple.,0.8689374923706055,20,,
343,Develop a Python function to return the length of the shortest list among a list of lists.,49,Write a python function to find the length of the smallest list in a list of lists.,0.9546154141426086,1,,
343,Develop a Python function to return the length of the shortest list among a list of lists.,314,Develop a Python function to return the minimum value in a list.,0.9227992296218872,2,,
343,Develop a Python function to return the length of the shortest list among a list of lists.,219,Write a python function to find the sublist having minimum length.,0.9089952707290649,3,,
343,Develop a Python function to return the length of the shortest list among a list of lists.,246,Write a python function to find the length of the longest sublists.,0.9087727665901184,4,,
343,Develop a Python function to return the length of the shortest list among a list of lists.,182,Write a python function to find element of a list having maximum length.,0.9037144184112549,5,,
343,Develop a Python function to return the length of the shortest list among a list of lists.,338,Create a Python function to determine the maximum word length in a list.,0.9003645777702332,6,,
343,Develop a Python function to return the length of the shortest list among a list of lists.,20,Write a python function to find smallest number in a list.,0.8968703746795654,7,,
343,Develop a Python function to return the length of the shortest list among a list of lists.,135,Write a function to find the list of maximum length in a list of lists.,0.8958468437194824,8,,
343,Develop a Python function to return the length of the shortest list among a list of lists.,540,Create a function that determines the length of the longest sublist within a list of sublists.,0.8924487829208374,9,,
343,Develop a Python function to return the length of the shortest list among a list of lists.,513,Create a function that identifies the sublist with the smallest length within a list of sublists.,0.8923259377479553,10,,
343,Develop a Python function to return the length of the shortest list among a list of lists.,449,Create a function that determines which list in a collection of lists is the longest.,0.8919115662574768,11,,
343,Develop a Python function to return the length of the shortest list among a list of lists.,269,Write a python function to find the difference between largest and smallest value in a given list.,0.8807592391967773,12,,
343,Develop a Python function to return the length of the shortest list among a list of lists.,506,Create a function that retrieves strings of a certain length from a list.,0.8787497878074646,13,,
343,Develop a Python function to return the length of the shortest list among a list of lists.,476,Create a function that identifies the element with the greatest length in a list.,0.8725905418395996,14,,
343,Develop a Python function to return the length of the shortest list among a list of lists.,155,Write a function to find the list with maximum length.,0.8700560331344604,15,,
343,Develop a Python function to return the length of the shortest list among a list of lists.,429,Create a function that identifies the longest sublist from a collection of nested lists.,0.8685340285301208,16,,
343,Develop a Python function to return the length of the shortest list among a list of lists.,44,Write a python function to find the length of the longest word.,0.8678048253059387,17,,
343,Develop a Python function to return the length of the shortest list among a list of lists.,386,Create a function that returns the count of lists inside a given tuple.,0.8600637912750244,18,,
343,Develop a Python function to return the length of the shortest list among a list of lists.,310,Develop a Python function that constructs the biggest number possible from a list of digits.,0.859368085861206,19,,
343,Develop a Python function to return the length of the shortest list among a list of lists.,353,Develop a Python function to count the number of True values in a list.,0.8585668802261353,20,,
348,Create a function that returns the next palindrome greater than a given integer.,54,"Write a function to find the next smallest palindrome of a specified integer, returned as an integer.",0.9190584421157837,1,,
348,Create a function that returns the next palindrome greater than a given integer.,445,Create a function that returns the larger of two given numbers.,0.8766843676567078,2,,
348,Create a function that returns the next palindrome greater than a given integer.,337,Develop a function that returns the largest integer less than a given number n.,0.8746131658554077,3,,
348,Create a function that returns the next palindrome greater than a given integer.,466,Create a function that generates the next larger number by permuting the digits of the current number.,0.873845636844635,4,,
348,Create a function that returns the next palindrome greater than a given integer.,172,Write a function to create the next bigger number by rearranging the digits of a given number.,0.8629599809646606,5,,
348,Create a function that returns the next palindrome greater than a given integer.,492,Create a function that extracts the last digit from a given number.,0.8403207063674927,6,,
348,Create a function that returns the next palindrome greater than a given integer.,490,Create a function that verifies if a given number is larger than all elements in an array.,0.8396145105361938,7,,
348,Create a function that returns the next palindrome greater than a given integer.,522,Create a function that calculates the highest product obtainable from an increasing subsequence in the array.,0.839189887046814,8,,
348,Create a function that returns the next palindrome greater than a given integer.,474,Create a function that identifies the pair of integers in an array that yields the highest product.,0.837148904800415,9,,
348,Create a function that returns the next palindrome greater than a given integer.,196,Write a function to check whether the entered number is greater than the elements of the given array.,0.8365324139595032,10,,
348,Create a function that returns the next palindrome greater than a given integer.,2,"Write a function to find the n largest integers from a given list of numbers, returned in descending order.",0.8346908092498779,11,,
348,Create a function that returns the next palindrome greater than a given integer.,369,Develop a function that multiplies two integers together.,0.829372763633728,12,,
348,Create a function that returns the next palindrome greater than a given integer.,310,Develop a Python function that constructs the biggest number possible from a list of digits.,0.8288701772689819,13,,
348,Create a function that returns the next palindrome greater than a given integer.,447,"Create a function that sets the leftmost unset bit in a number, returning the new number.",0.8284109830856323,14,,
348,Create a function that returns the next palindrome greater than a given integer.,532,Create a function that extracts the first digit from a given number.,0.8264625072479248,15,,
348,Create a function that returns the next palindrome greater than a given integer.,66,Write a function to convert a given tuple of positive integers into a single integer.,0.8247315287590027,16,,
348,Create a function that returns the next palindrome greater than a given integer.,505,Create a function that computes the sum of Perrin numbers up to the nth term.,0.8240766525268555,17,,
348,Create a function that returns the next palindrome greater than a given integer.,579,Create a function that determines whether a given integer is prime.,0.8238142728805542,18,,
348,Create a function that returns the next palindrome greater than a given integer.,228,Write a function to find the maximum product formed by multiplying numbers of an increasing subsequence of that array.,0.8234893083572388,19,,
348,Create a function that returns the next palindrome greater than a given integer.,420,Implement a function that returns the nth decagonal number.,0.8229073286056519,20,,
352,Create a function that sorts every sublist of strings within a list of lists.,547,Create a function that arranges the strings in each sublist of a list of lists.,0.9753588438034058,1,,
352,Create a function that sorts every sublist of strings within a list of lists.,58,Write a function to sort each sublist of strings in a given list of lists.,0.9740793704986572,2,,
352,Create a function that sorts every sublist of strings within a list of lists.,253,Write a function to sort each sublist of strings in a given list of lists.,0.9740793704986572,3,,
352,Create a function that sorts every sublist of strings within a list of lists.,516,Create a function that retrieves the initial element from each sublist in a list of sublists.,0.9073653817176819,4,,
352,Create a function that sorts every sublist of strings within a list of lists.,512,Create a function that reverses the characters in each string within a list.,0.9023478627204895,5,,
352,Create a function that sorts every sublist of strings within a list of lists.,339,Develop a function to check if any string in a list contains a given substring.,0.8854471445083618,6,,
352,Create a function that sorts every sublist of strings within a list of lists.,540,Create a function that determines the length of the longest sublist within a list of sublists.,0.8847979307174683,7,,
352,Create a function that sorts every sublist of strings within a list of lists.,513,Create a function that identifies the sublist with the smallest length within a list of sublists.,0.8823031187057495,8,,
352,Create a function that sorts every sublist of strings within a list of lists.,452,Create a function that formats every element of a list using a provided string template.,0.8813930749893188,9,,
352,Create a function that sorts every sublist of strings within a list of lists.,218,Write a function to reverse each string in a given list of string values.,0.8794732689857483,10,,
352,Create a function that sorts every sublist of strings within a list of lists.,222,Write a python function to get the first element of each sublist.,0.8754249215126038,11,,
352,Create a function that sorts every sublist of strings within a list of lists.,86,Write a function to sort a list of elements.,0.8738154172897339,12,,
352,Create a function that sorts every sublist of strings within a list of lists.,29,Write a function to sort a list of elements.,0.8738154172897339,13,,
352,Create a function that sorts every sublist of strings within a list of lists.,384,Create a function that merges all numbers from a list of lists into a single set.,0.8731043338775635,14,,
352,Create a function that sorts every sublist of strings within a list of lists.,380,Implement a function that sorts the elements of a list in ascending order.,0.8720274567604065,15,,
352,Create a function that sorts every sublist of strings within a list of lists.,323,Implement a function that sorts the elements of a list in ascending order.,0.8720274567604065,16,,
352,Create a function that sorts every sublist of strings within a list of lists.,459,Create a function that calculates the sum of digits for every number in a list.,0.8702946901321411,17,,
352,Create a function that sorts every sublist of strings within a list of lists.,429,Create a function that identifies the longest sublist from a collection of nested lists.,0.8680323362350464,18,,
352,Create a function that sorts every sublist of strings within a list of lists.,504,Create a function that computes the cube of each element in a list.,0.8677922487258911,19,,
352,Create a function that sorts every sublist of strings within a list of lists.,321,Create a function that verifies if a sublist exists within a list.,0.8671857118606567,20,,
356,Create a Python function that counts the number of ones in the first n positions of a binary string.,401,Develop a function that returns the count of 1s in the binary representation of a number.,0.8778656125068665,1,,
356,Create a Python function that counts the number of ones in the first n positions of a binary string.,62,Write a python function to find the number of numbers with an odd value when rotating a binary string the given number of times.,0.8747107982635498,2,,
356,Create a Python function that counts the number of ones in the first n positions of a binary string.,107,Write a function to count the number of set bits (binary digits with value 1) in a given number.,0.8740686774253845,3,,
356,Create a Python function that counts the number of ones in the first n positions of a binary string.,410,Create a Python function that sums the squares of the first n odd numbers.,0.8721532225608826,4,,
356,Create a Python function that counts the number of ones in the first n positions of a binary string.,276,Write a python function to count minimum number of swaps required to convert one binary number represented as a string to another.,0.8718419075012207,5,,
356,Create a Python function that counts the number of ones in the first n positions of a binary string.,24,Write a python function to count the number of positive numbers in a list.,0.8706222772598267,6,,
356,Create a Python function that counts the number of ones in the first n positions of a binary string.,238,Write a python function to find the first digit of a given number.,0.8683257102966309,7,,
356,Create a Python function that counts the number of ones in the first n positions of a binary string.,353,Develop a Python function to count the number of True values in a list.,0.8677946329116821,8,,
356,Create a Python function that counts the number of ones in the first n positions of a binary string.,282,Write a python function to find the first repeated character in a given string.,0.865827202796936,9,,
356,Create a Python function that counts the number of ones in the first n positions of a binary string.,318,Develop a Python function to count how many numbers in a list are positive.,0.8640795350074768,10,,
356,Create a Python function that counts the number of ones in the first n positions of a binary string.,344,Create a Python function that counts how many divisors a given integer has.,0.8620651960372925,11,,
356,Create a Python function that counts the number of ones in the first n positions of a binary string.,144,Write a function to find the count of all binary sequences of length 2n such that sum of first n bits is same as sum of last n bits.,0.8612293004989624,12,,
356,Create a Python function that counts the number of ones in the first n positions of a binary string.,19,Write a python function to count the number of substrings with the sum of digits equal to their length.,0.8605777025222778,13,,
356,Create a Python function that counts the number of ones in the first n positions of a binary string.,223,Write a python function to count the upper case characters in a given string.,0.8593838214874268,14,,
356,Create a Python function that counts the number of ones in the first n positions of a binary string.,50,Write a python function to find the number of divisors of a given integer.,0.8561073541641235,15,,
356,Create a Python function that counts the number of ones in the first n positions of a binary string.,313,Create a Python function that counts substrings where the sum of digits matches the substring's length.,0.8555612564086914,16,,
356,Create a Python function that counts the number of ones in the first n positions of a binary string.,248,Write a python function which takes a list of integers and counts the number of possible unordered pairs where both elements are unequal.,0.8552928566932678,17,,
356,Create a Python function that counts the number of ones in the first n positions of a binary string.,367,Develop a function that finds the largest difference between the count of zeros and ones in any substring of a binary string.,0.8535467386245728,18,,
356,Create a Python function that counts the number of ones in the first n positions of a binary string.,141,Write a python function to count inversions in an array.,0.8527696132659912,19,,
356,Create a Python function that counts the number of ones in the first n positions of a binary string.,162,Write a python function to find the first non-repeated character in a given string.,0.8521521091461182,20,,
357,Develop a function that returns the elements shared by all nested lists.,63,Write a function to find the common elements in given nested lists.,0.9011578559875488,1,,
357,Develop a function that returns the elements shared by all nested lists.,294,Create a function that returns the elements found in both of the provided lists.,0.8905979990959167,2,,
357,Develop a function that returns the elements shared by all nested lists.,518,Create a function that generates all possible combinations of elements from a given list.,0.8882423639297485,3,,
357,Develop a function that returns the elements shared by all nested lists.,436,Create a function that flattens a nested list into a single list with all the values.,0.8808243274688721,4,,
357,Develop a function that returns the elements shared by all nested lists.,317,Create a function that flattens a nested list and computes the total sum of its elements.,0.880663275718689,5,,
357,Develop a function that returns the elements shared by all nested lists.,0,Write a function to find the shared elements from the given two lists.,0.8804305791854858,6,,
357,Develop a function that returns the elements shared by all nested lists.,224,Write a function to find all possible combinations of the elements of a given list.,0.8758766651153564,7,,
357,Develop a function that returns the elements shared by all nested lists.,354,Create a function that appends all elements of a list to a tuple.,0.8747115731239319,8,,
357,Develop a function that returns the elements shared by all nested lists.,425,Create a function that checks if all elements in a list are the same as the given element.,0.8710653781890869,9,,
357,Develop a function that returns the elements shared by all nested lists.,516,Create a function that retrieves the initial element from each sublist in a list of sublists.,0.8663839101791382,10,,
357,Develop a function that returns the elements shared by all nested lists.,475,Create a function that identifies the shared first element in a list of tuples.,0.8651326894760132,11,,
357,Develop a function that returns the elements shared by all nested lists.,504,Create a function that computes the cube of each element in a list.,0.8617355823516846,12,,
357,Develop a function that returns the elements shared by all nested lists.,346,Create a function that multiplies all elements in a list and divides the result by the list's length.,0.861487090587616,13,,
357,Develop a function that returns the elements shared by all nested lists.,503,Create a function that tallies the occurrences of each list element in a tuple.,0.8601776361465454,14,,
357,Develop a function that returns the elements shared by all nested lists.,526,"Create a function that finds common elements in tuples within a list, regardless of their order.",0.8570859432220459,15,,
357,Develop a function that returns the elements shared by all nested lists.,361,Develop a function that converts all convertible elements in a list of lists to float type.,0.8560078144073486,16,,
357,Develop a function that returns the elements shared by all nested lists.,389,Develop a function that removes every element from one list that also appears in a second list.,0.8559913039207458,17,,
357,Develop a function that returns the elements shared by all nested lists.,299,Create a function that computes the square of each element in a list.,0.8559243679046631,18,,
357,Develop a function that returns the elements shared by all nested lists.,384,Create a function that merges all numbers from a list of lists into a single set.,0.8557489514350891,19,,
357,Develop a function that returns the elements shared by all nested lists.,355,Develop a function that combines three lists and returns a single sorted list.,0.855522871017456,20,,
359,Develop a function that checks if every dictionary in a list is empty.,65,Write a function to check whether all dictionaries in a list are empty or not.,0.9573521614074707,1,,
359,Develop a function that checks if every dictionary in a list is empty.,557,Create a function that verifies if a dictionary is empty.,0.9450798034667969,2,,
359,Develop a function that checks if every dictionary in a list is empty.,520,Create a function that verifies if a dictionary is empty.,0.9450798034667969,3,,
359,Develop a function that checks if every dictionary in a list is empty.,263,Write a function to check if a dictionary is empty,0.931472897529602,4,,
359,Develop a function that checks if every dictionary in a list is empty.,226,Write a function to check whether the given dictionary is empty,0.9283301830291748,5,,
359,Develop a function that checks if every dictionary in a list is empty.,546,Create a function that generates a list containing N empty dictionaries.,0.8896293044090271,6,,
359,Develop a function that checks if every dictionary in a list is empty.,252,Write a function to create a list of N empty dictionaries.,0.8875464200973511,7,,
359,Develop a function that checks if every dictionary in a list is empty.,521,Create a function that removes entries with empty values from a dictionary.,0.8856073617935181,8,,
359,Develop a function that checks if every dictionary in a list is empty.,227,Write a function to drop empty items from a given dictionary.,0.8731715679168701,9,,
359,Develop a function that checks if every dictionary in a list is empty.,339,Develop a function to check if any string in a list contains a given substring.,0.8680368661880493,10,,
359,Develop a function that checks if every dictionary in a list is empty.,42,"Write a function to get the frequency of all the elements in a list, returned as a dictionary.",0.8611750602722168,11,,
359,Develop a function that checks if every dictionary in a list is empty.,336,Create a function that counts how often each element appears in a list and returns the result as a dictionary.,0.8600722551345825,12,,
359,Develop a function that checks if every dictionary in a list is empty.,345,Develop a function that flattens a list of lists and returns a dictionary with the frequency of each element.,0.8576582670211792,13,,
359,Develop a function that checks if every dictionary in a list is empty.,322,Develop a function to check if all tuples in a list have the same length.,0.8563094139099121,14,,
359,Develop a function that checks if every dictionary in a list is empty.,422,Develop a Python function that determines whether all elements in a list are unique.,0.8537658452987671,15,,
359,Develop a function that checks if every dictionary in a list is empty.,425,Create a function that checks if all elements in a list are the same as the given element.,0.852080762386322,16,,
359,Develop a function that checks if every dictionary in a list is empty.,321,Create a function that verifies if a sublist exists within a list.,0.8515424728393555,17,,
359,Develop a function that checks if every dictionary in a list is empty.,145,Write a function to find the depth of a dictionary.,0.8508851528167725,18,,
359,Develop a function that checks if every dictionary in a list is empty.,51,"Write a function to find frequency of each element in a flattened list of lists, returned in a dictionary.",0.8484039306640625,19,,
359,Develop a function that checks if every dictionary in a list is empty.,418,Develop a function that returns a dictionary containing only entries whose values are at least n.,0.8447697758674622,20,,
361,Develop a function that converts all convertible elements in a list of lists to float type.,67,Write a function to convert all possible convertible elements in a list of lists to floats.,0.9693111181259155,1,,
361,Develop a function that converts all convertible elements in a list of lists to float type.,354,Create a function that appends all elements of a list to a tuple.,0.8643258810043335,2,,
361,Develop a function that converts all convertible elements in a list of lists to float type.,452,Create a function that formats every element of a list using a provided string template.,0.863578200340271,3,,
361,Develop a function that converts all convertible elements in a list of lists to float type.,518,Create a function that generates all possible combinations of elements from a given list.,0.8626474142074585,4,,
361,Develop a function that converts all convertible elements in a list of lists to float type.,384,Create a function that merges all numbers from a list of lists into a single set.,0.8619272112846375,5,,
361,Develop a function that converts all convertible elements in a list of lists to float type.,158,Write a function to apply a given format string to all of the elements in a list.,0.8612399101257324,6,,
361,Develop a function that converts all convertible elements in a list of lists to float type.,436,Create a function that flattens a nested list into a single list with all the values.,0.8579283356666565,7,,
361,Develop a function that converts all convertible elements in a list of lists to float type.,504,Create a function that computes the cube of each element in a list.,0.8577290773391724,8,,
361,Develop a function that converts all convertible elements in a list of lists to float type.,357,Develop a function that returns the elements shared by all nested lists.,0.8560078144073486,9,,
361,Develop a function that converts all convertible elements in a list of lists to float type.,268,Write a function to convert a list to a tuple.,0.8558512926101685,10,,
361,Develop a function that converts all convertible elements in a list of lists to float type.,346,Create a function that multiplies all elements in a list and divides the result by the list's length.,0.8540793061256409,11,,
361,Develop a function that converts all convertible elements in a list of lists to float type.,453,Create a function that transforms multiple lists into a nested dictionary structure.,0.8518984317779541,12,,
361,Develop a function that converts all convertible elements in a list of lists to float type.,562,Create a function that changes a list into a tuple.,0.8501256704330444,13,,
361,Develop a function that converts all convertible elements in a list of lists to float type.,299,Create a function that computes the square of each element in a list.,0.8488425016403198,14,,
361,Develop a function that converts all convertible elements in a list of lists to float type.,345,Develop a function that flattens a list of lists and returns a dictionary with the frequency of each element.,0.8479479551315308,15,,
361,Develop a function that converts all convertible elements in a list of lists to float type.,224,Write a function to find all possible combinations of the elements of a given list.,0.8463271856307983,16,,
361,Develop a function that converts all convertible elements in a list of lists to float type.,352,Create a function that sorts every sublist of strings within a list of lists.,0.8454135060310364,17,,
361,Develop a function that converts all convertible elements in a list of lists to float type.,23,Write a function to flatten a list and sum all of its elements.,0.8443037271499634,18,,
361,Develop a function that converts all convertible elements in a list of lists to float type.,547,Create a function that arranges the strings in each sublist of a list of lists.,0.842693567276001,19,,
361,Develop a function that converts all convertible elements in a list of lists to float type.,375,Develop a function that sums all negative numbers in a list.,0.8426403999328613,20,,
362,Create a function that splits a string into a list of words using spaces as separators.,68,Write a function to convert a string to a list of strings split on the space character.,0.9259365797042847,1,,
362,Create a function that splits a string into a list of words using spaces as separators.,578,Create a function that reverses the order of words in a string where words are separated by spaces.,0.9148275256156921,2,,
362,Create a function that splits a string into a list of words using spaces as separators.,284,Write a function to reverse words seperated by spaces in a given string.,0.9060618281364441,3,,
362,Create a function that splits a string into a list of words using spaces as separators.,543,Create a function that divides a string into its individual characters.,0.8801224827766418,4,,
362,Create a function that splits a string into a list of words using spaces as separators.,249,Write a python function to split a string into characters.,0.8623597621917725,5,,
362,Create a function that splits a string into a list of words using spaces as separators.,405,Develop a function that replaces every space in a string with a specified character.,0.8532837629318237,6,,
362,Create a function that splits a string into a list of words using spaces as separators.,531,Create a function that eliminates lowercase letter sequences from a string.,0.8468016386032104,7,,
362,Create a function that splits a string into a list of words using spaces as separators.,212,Write a function to extract specified size of strings from a given list of string values.,0.843921422958374,8,,
362,Create a function that splits a string into a list of words using spaces as separators.,507,Create a function that eliminates all whitespace characters from a string.,0.8424469232559204,9,,
362,Create a function that splits a string into a list of words using spaces as separators.,298,Write a function that extracts all words with a minimum length of four characters from a string.,0.8421343564987183,10,,
362,Create a function that splits a string into a list of words using spaces as separators.,247,Write a function to extract values between quotation marks from a string.,0.8421199917793274,11,,
362,Create a function that splits a string into a list of words using spaces as separators.,111,"Write a function that takes in a string and character, replaces blank spaces in the string with the character, and returns the string.",0.8416749835014343,12,,
362,Create a function that splits a string into a list of words using spaces as separators.,352,Create a function that sorts every sublist of strings within a list of lists.,0.8397163152694702,13,,
362,Create a function that splits a string into a list of words using spaces as separators.,506,Create a function that retrieves strings of a certain length from a list.,0.8395377397537231,14,,
362,Create a function that splits a string into a list of words using spaces as separators.,515,Create a function that eliminates uppercase letter sequences from a string.,0.8391791582107544,15,,
362,Create a function that splits a string into a list of words using spaces as separators.,253,Write a function to sort each sublist of strings in a given list of lists.,0.8385545611381531,16,,
362,Create a function that splits a string into a list of words using spaces as separators.,58,Write a function to sort each sublist of strings in a given list of lists.,0.8385545611381531,17,,
362,Create a function that splits a string into a list of words using spaces as separators.,494,Create a function that eliminates characters at odd positions in a string.,0.8382797241210938,18,,
362,Create a function that splits a string into a list of words using spaces as separators.,76,Write a function to find words that are longer than n characters from a given list of words.,0.8372883796691895,19,,
362,Create a function that splits a string into a list of words using spaces as separators.,547,Create a function that arranges the strings in each sublist of a list of lists.,0.8349828720092773,20,,
363,Develop a Python function to identify the unique element in a sorted array where all others are duplicated.,422,Develop a Python function that determines whether all elements in a list are unique.,0.9174776077270508,1,,
363,Develop a Python function to identify the unique element in a sorted array where all others are duplicated.,69,Write a python function to find the element that appears only once in a sorted array.,0.9038630127906799,2,,
363,Develop a Python function to identify the unique element in a sorted array where all others are duplicated.,128,Write a python function to check if the elements of a given list are unique or not.,0.8832729458808899,3,,
363,Develop a Python function to identify the unique element in a sorted array where all others are duplicated.,13,Write a function to find whether a given array of integers contains any duplicate element.,0.8695585131645203,4,,
363,Develop a Python function to identify the unique element in a sorted array where all others are duplicated.,255,Write a python function to calculate the product of the unique numbers in a given list.,0.8625174760818481,5,,
363,Develop a Python function to identify the unique element in a sorted array where all others are duplicated.,549,Create a function that computes the product of all unique numbers in a list.,0.8545119762420654,6,,
363,Develop a Python function to identify the unique element in a sorted array where all others are duplicated.,387,Develop a Python function to get the largest difference between any two elements in an array.,0.8495932221412659,7,,
363,Develop a Python function to identify the unique element in a sorted array where all others are duplicated.,440,Create a function to identify the element at a specific index in an array after a series of rotations.,0.8455053567886353,8,,
363,Develop a Python function to identify the unique element in a sorted array where all others are duplicated.,254,Write a python function to remove duplicate numbers from a given number of lists.,0.8436684608459473,9,,
363,Develop a Python function to identify the unique element in a sorted array where all others are duplicated.,475,Create a function that identifies the shared first element in a list of tuples.,0.8421274423599243,10,,
363,Develop a Python function to identify the unique element in a sorted array where all others are duplicated.,146,Write a python function to find element at a given index after number of rotations.,0.8419830203056335,11,,
363,Develop a Python function to identify the unique element in a sorted array where all others are duplicated.,93,Write a python function to find the maximum difference between any two elements in a given array.,0.8418741226196289,12,,
363,Develop a Python function to identify the unique element in a sorted array where all others are duplicated.,399,Develop a function that checks whether every element in a tuple is of the same type.,0.8398417234420776,13,,
363,Develop a Python function to identify the unique element in a sorted array where all others are duplicated.,307,Create a function to check if an integer array has any repeated elements.,0.8394159078598022,14,,
363,Develop a Python function to identify the unique element in a sorted array where all others are duplicated.,425,Create a function that checks if all elements in a list are the same as the given element.,0.8390811681747437,15,,
363,Develop a Python function to identify the unique element in a sorted array where all others are duplicated.,455,Create a function that verifies whether a tuple has any duplicate elements.,0.8383119106292725,16,,
363,Develop a Python function to identify the unique element in a sorted array where all others are duplicated.,539,Create a function that determines the union of two tuples' elements and returns them in sorted order.,0.838086724281311,17,,
363,Develop a Python function to identify the unique element in a sorted array where all others are duplicated.,413,Develop a Python function that adds up all even numbers found at even indices in a list.,0.836823582649231,18,,
363,Develop a Python function to identify the unique element in a sorted array where all others are duplicated.,461,Create a function that determines the count of unique tuples within a list.,0.8362926244735718,19,,
363,Develop a Python function to identify the unique element in a sorted array where all others are duplicated.,209,Write a python function to count the occurence of all elements of list in a tuple.,0.8354270458221436,20,,
364,Create a function that finds the largest absolute product among all pairs in a list of tuples.,70,Write a function to find the maximum absolute product between numbers in pairs of tuples within a given list.,0.9518356323242188,1,,
364,Create a function that finds the largest absolute product among all pairs in a list of tuples.,315,Create a function that returns the largest difference among pairs in a list of tuples.,0.9249566793441772,2,,
364,Create a function that finds the largest absolute product among all pairs in a list of tuples.,174,Write a function to find the minimum product from the pairs of tuples within a given list.,0.9111215472221375,3,,
364,Create a function that finds the largest absolute product among all pairs in a list of tuples.,468,Create a function that determines the lowest product obtainable from tuple pairs in a list.,0.9038556218147278,4,,
364,Create a function that finds the largest absolute product among all pairs in a list of tuples.,21,Write a function to find the maximum difference between available pairs in the given tuple list.,0.8986431360244751,5,,
364,Create a function that finds the largest absolute product among all pairs in a list of tuples.,143,Write a function to calculate the maximum aggregate from the list of tuples.,0.8907997608184814,6,,
364,Create a function that finds the largest absolute product among all pairs in a list of tuples.,474,Create a function that identifies the pair of integers in an array that yields the highest product.,0.8884352445602417,7,,
364,Create a function that finds the largest absolute product among all pairs in a list of tuples.,180,Write a python function to find a pair with highest product from a given array of integers.,0.8786388635635376,8,,
364,Create a function that finds the largest absolute product among all pairs in a list of tuples.,150,"Write a function to find the specified number of largest products from two given lists, selecting one factor from each list.",0.8709461688995361,9,,
364,Create a function that finds the largest absolute product among all pairs in a list of tuples.,523,Create a function that computes the pairwise sum of adjacent elements in a tuple.,0.8607534170150757,10,,
364,Create a function that finds the largest absolute product among all pairs in a list of tuples.,538,Create a function that calculates the sum of the largest contiguous subarray within a given list.,0.8599444627761841,11,,
364,Create a function that finds the largest absolute product among all pairs in a list of tuples.,225,Write a function to find the maximum product subarray of the given array.,0.8597501516342163,12,,
364,Create a function that finds the largest absolute product among all pairs in a list of tuples.,503,Create a function that tallies the occurrences of each list element in a tuple.,0.8595033884048462,13,,
364,Create a function that finds the largest absolute product among all pairs in a list of tuples.,549,Create a function that computes the product of all unique numbers in a list.,0.8591532111167908,14,,
364,Create a function that finds the largest absolute product among all pairs in a list of tuples.,476,Create a function that identifies the element with the greatest length in a list.,0.8561416864395142,15,,
364,Create a function that finds the largest absolute product among all pairs in a list of tuples.,415,Develop a function that extracts the last element from each tuple in a list.,0.8555847406387329,16,,
364,Create a function that finds the largest absolute product among all pairs in a list of tuples.,519,Create a function that identifies the subarray with the highest product within an array.,0.855492353439331,17,,
364,Create a function that finds the largest absolute product among all pairs in a list of tuples.,342,Create a function that finds the first element from the tuple with the lowest second value in a list.,0.85515296459198,18,,
364,Create a function that finds the largest absolute product among all pairs in a list of tuples.,354,Create a function that appends all elements of a list to a tuple.,0.854265570640564,19,,
364,Create a function that finds the largest absolute product among all pairs in a list of tuples.,92,Write a function to find number of lists present in the given tuple.,0.85356205701828,20,,
367,Develop a function that finds the largest difference between the count of zeros and ones in any substring of a binary string.,73,Write a function to find the maximum difference between the number of 0s and number of 1s in any sub-string of the given binary string.,0.9414380788803101,1,,
367,Develop a function that finds the largest difference between the count of zeros and ones in any substring of a binary string.,387,Develop a Python function to get the largest difference between any two elements in an array.,0.865841269493103,2,,
367,Develop a function that finds the largest difference between the count of zeros and ones in any substring of a binary string.,377,Develop a function that calculates the ratio of zeros to non-zeros in an integer array.,0.8615954518318176,3,,
367,Develop a function that finds the largest difference between the count of zeros and ones in any substring of a binary string.,347,Develop a function that converts a decimal number to its binary string representation without leading zeros.,0.8607349395751953,4,,
367,Develop a function that finds the largest difference between the count of zeros and ones in any substring of a binary string.,401,Develop a function that returns the count of 1s in the binary representation of a number.,0.8606791496276855,5,,
367,Develop a function that finds the largest difference between the count of zeros and ones in any substring of a binary string.,570,Create a function that calculates the least number of swaps needed to change one binary string to another.,0.8578819036483765,6,,
367,Develop a function that finds the largest difference between the count of zeros and ones in any substring of a binary string.,93,Write a python function to find the maximum difference between any two elements in a given array.,0.8538456559181213,7,,
367,Develop a function that finds the largest difference between the count of zeros and ones in any substring of a binary string.,356,Create a Python function that counts the number of ones in the first n positions of a binary string.,0.8535467386245728,8,,
367,Develop a function that finds the largest difference between the count of zeros and ones in any substring of a binary string.,83,Write a function to find the ratio of zeroes to non-zeroes in an array of integers.,0.8525401949882507,9,,
367,Develop a function that finds the largest difference between the count of zeros and ones in any substring of a binary string.,315,Create a function that returns the largest difference among pairs in a list of tuples.,0.8481862545013428,10,,
367,Develop a function that finds the largest difference between the count of zeros and ones in any substring of a binary string.,537,Create a function that computes the sum of differences between corresponding digits of two integers.,0.8475185632705688,11,,
367,Develop a function that finds the largest difference between the count of zeros and ones in any substring of a binary string.,243,Write a python function to find the sum of the per-digit difference between two integers.,0.8437091112136841,12,,
367,Develop a function that finds the largest difference between the count of zeros and ones in any substring of a binary string.,563,Create a function that calculates the difference between the maximum and minimum values in a list.,0.8430382013320923,13,,
367,Develop a function that finds the largest difference between the count of zeros and ones in any substring of a binary string.,313,Create a Python function that counts substrings where the sum of digits matches the substring's length.,0.841539740562439,14,,
367,Develop a function that finds the largest difference between the count of zeros and ones in any substring of a binary string.,276,Write a python function to count minimum number of swaps required to convert one binary number represented as a string to another.,0.8403180837631226,15,,
367,Develop a function that finds the largest difference between the count of zeros and ones in any substring of a binary string.,337,Develop a function that returns the largest integer less than a given number n.,0.8390462398529053,16,,
367,Develop a function that finds the largest difference between the count of zeros and ones in any substring of a binary string.,310,Develop a Python function that constructs the biggest number possible from a list of digits.,0.8381977081298828,17,,
367,Develop a function that finds the largest difference between the count of zeros and ones in any substring of a binary string.,269,Write a python function to find the difference between largest and smallest value in a given list.,0.8381478190422058,18,,
367,Develop a function that finds the largest difference between the count of zeros and ones in any substring of a binary string.,382,Create a Python function to determine if a number has all bits set to zero within a specified range.,0.8376630544662476,19,,
367,Develop a function that finds the largest difference between the count of zeros and ones in any substring of a binary string.,53,"Write a function to convert the given decimal number to its binary equivalent, represented as a string with no leading zeros.",0.8373602628707886,20,,
370,Create a function that returns all words longer than n characters from a string.,76,Write a function to find words that are longer than n characters from a given list of words.,0.9427285194396973,1,,
370,Create a function that returns all words longer than n characters from a string.,298,Write a function that extracts all words with a minimum length of four characters from a string.,0.9117447137832642,2,,
370,Create a function that returns all words longer than n characters from a string.,4,Write a function to find all words which are at least 4 characters long in a string.,0.9062402844429016,3,,
370,Create a function that returns all words longer than n characters from a string.,506,Create a function that retrieves strings of a certain length from a list.,0.8716608285903931,4,,
370,Create a function that returns all words longer than n characters from a string.,44,Write a python function to find the length of the longest word.,0.8630043268203735,5,,
370,Create a function that returns all words longer than n characters from a string.,481,Create a function that retrieves the last character from each string in a tuple.,0.862390398979187,6,,
370,Create a function that returns all words longer than n characters from a string.,517,Create a function that tallies the number of uppercase characters in a string.,0.8592674732208252,7,,
370,Create a function that returns all words longer than n characters from a string.,507,Create a function that eliminates all whitespace characters from a string.,0.8562980890274048,8,,
370,Create a function that returns all words longer than n characters from a string.,284,Write a function to reverse words seperated by spaces in a given string.,0.8513033390045166,9,,
370,Create a function that returns all words longer than n characters from a string.,530,Create a function that changes all characters in a string to lowercase.,0.8498682975769043,10,,
370,Create a function that returns all words longer than n characters from a string.,578,Create a function that reverses the order of words in a string where words are separated by spaces.,0.8470655083656311,11,,
370,Create a function that returns all words longer than n characters from a string.,152,Write a function to convert a given string to a tuple of characters.,0.8461863994598389,12,,
370,Create a function that returns all words longer than n characters from a string.,337,Develop a function that returns the largest integer less than a given number n.,0.8434672355651855,13,,
370,Create a function that returns all words longer than n characters from a string.,531,Create a function that eliminates lowercase letter sequences from a string.,0.843273401260376,14,,
370,Create a function that returns all words longer than n characters from a string.,338,Create a Python function to determine the maximum word length in a list.,0.8427529335021973,15,,
370,Create a function that returns all words longer than n characters from a string.,512,Create a function that reverses the characters in each string within a list.,0.8425478935241699,16,,
370,Create a function that returns all words longer than n characters from a string.,515,Create a function that eliminates uppercase letter sequences from a string.,0.8423174619674683,17,,
370,Create a function that returns all words longer than n characters from a string.,418,Develop a function that returns a dictionary containing only entries whose values are at least n.,0.8417764902114868,18,,
370,Create a function that returns all words longer than n characters from a string.,212,Write a function to extract specified size of strings from a given list of string values.,0.8397456407546997,19,,
370,Create a function that returns all words longer than n characters from a string.,218,Write a function to reverse each string in a given list of string values.,0.8388073444366455,20,,
375,Develop a function that sums all negative numbers in a list.,81,Write a function to calculate the sum of the negative numbers of a given list of numbers.,0.9351918697357178,1,,
375,Develop a function that sums all negative numbers in a list.,459,Create a function that calculates the sum of digits for every number in a list.,0.9136589169502258,2,,
375,Develop a function that sums all negative numbers in a list.,544,Create a function that computes the sum of all digits in a non-negative integer.,0.9109060764312744,3,,
375,Develop a function that sums all negative numbers in a list.,500,Create a function that identifies the largest negative number in a list.,0.9076046347618103,4,,
375,Develop a function that sums all negative numbers in a list.,493,Create a function that filters and returns negative numbers from a list.,0.9068006277084351,5,,
375,Develop a function that sums all negative numbers in a list.,165,Write a function to compute the sum of digits of each number of a given list.,0.8996974229812622,6,,
375,Develop a function that sums all negative numbers in a list.,549,Create a function that computes the product of all unique numbers in a list.,0.892688512802124,7,,
375,Develop a function that sums all negative numbers in a list.,199,Write a python function to return the negative numbers in a list.,0.8921284079551697,8,,
375,Develop a function that sums all negative numbers in a list.,509,Create a function that computes the sum of all even factors of a given number.,0.8808404803276062,9,,
375,Develop a function that sums all negative numbers in a list.,384,Create a function that merges all numbers from a list of lists into a single set.,0.8806133270263672,10,,
375,Develop a function that sums all negative numbers in a list.,250,Write a function to get the sum of the digits of a non-negative integer.,0.8793930411338806,11,,
375,Develop a function that sums all negative numbers in a list.,52,Write a function to multiply all the numbers in a list and divide with the length of the list.,0.8789087533950806,12,,
375,Develop a function that sums all negative numbers in a list.,23,Write a function to flatten a list and sum all of its elements.,0.8772021532058716,13,,
375,Develop a function that sums all negative numbers in a list.,365,Develop a function that calculates the sum of all amicable numbers up to a given limit.,0.8771834373474121,14,,
375,Develop a function that sums all negative numbers in a list.,434,Create a function that calculates the total sum of all divisors of a given number.,0.8762620687484741,15,,
375,Develop a function that sums all negative numbers in a list.,477,"Create a function that rounds each number in a list, then returns the total sum multiplied by the list's length.",0.8760678172111511,16,,
375,Develop a function that sums all negative numbers in a list.,140,Write a function to return the sum of all divisors of a number.,0.8760231137275696,17,,
375,Develop a function that sums all negative numbers in a list.,24,Write a python function to count the number of positive numbers in a list.,0.8760218620300293,18,,
375,Develop a function that sums all negative numbers in a list.,318,Develop a Python function to count how many numbers in a list are positive.,0.8742864727973938,19,,
375,Develop a function that sums all negative numbers in a list.,499,Create a function that calculates the ratio of positive numbers in an array of integers.,0.8729838132858276,20,,
376,Create a function that computes the nth hexagonal number.,82,Write a function to find the nth hexagonal number.,0.9624814391136169,1,,
376,Create a function that computes the nth hexagonal number.,334,Create a function that returns the nth centered hexagonal number.,0.9611626863479614,2,,
376,Create a function that computes the nth hexagonal number.,40,Write a function to find nth centered hexagonal number.,0.9412037134170532,3,,
376,Create a function that computes the nth hexagonal number.,312,Implement a function that calculates the nth octagonal number.,0.9309359192848206,4,,
376,Create a function that computes the nth hexagonal number.,420,Implement a function that returns the nth decagonal number.,0.9100637435913086,5,,
376,Create a function that computes the nth hexagonal number.,126,Write a function to find the nth decagonal number.,0.9071199893951416,6,,
376,Create a function that computes the nth hexagonal number.,18,Write a function to find the nth octagonal number.,0.9062008857727051,7,,
376,Create a function that computes the nth hexagonal number.,411,Develop a function that computes the nth star number.,0.9060592651367188,8,,
376,Create a function that computes the nth hexagonal number.,582,Create a function that computes the nth Bell number.,0.9052848815917969,9,,
376,Create a function that computes the nth hexagonal number.,558,Create a function that computes the nth Catalan number.,0.9005804657936096,10,,
376,Create a function that computes the nth hexagonal number.,329,Implement a function to calculate the nth tetrahedral number.,0.895920991897583,11,,
376,Create a function that computes the nth hexagonal number.,35,Write a function to find the nth tetrahedral number.,0.8719606995582581,12,,
376,Create a function that computes the nth hexagonal number.,332,Create a function to compute the nth value in the Newman-Conway sequence.,0.8612302541732788,13,,
376,Create a function that computes the nth hexagonal number.,428,Develop a function that calculates the sum of squares of the first n even natural numbers.,0.8521072268486023,14,,
376,Create a function that computes the nth hexagonal number.,264,Write a function which returns nth catalan number.,0.850736141204834,15,,
376,Create a function that computes the nth hexagonal number.,505,Create a function that computes the sum of Perrin numbers up to the nth term.,0.8494167327880859,16,,
376,Create a function that computes the nth hexagonal number.,117,Write a function to find the n'th star number.,0.8492766618728638,17,,
376,Create a function that computes the nth hexagonal number.,478,Create a function that calculates the cube sum of the initial n even natural numbers.,0.8430303335189819,18,,
376,Create a function that computes the nth hexagonal number.,288,Write a python function to find nth bell number.,0.8424771428108215,19,,
376,Create a function that computes the nth hexagonal number.,351,Develop a function to compute the Eulerian number for given n and m.,0.8410364985466003,20,,
378,Create a Python function to determine if a number can be written as a sum of non-zero powers of two.,84,Write a python function to check whether the given number can be represented as sum of non-zero powers of 2 or not.,0.9659422636032104,1,,
378,Create a Python function to determine if a number can be written as a sum of non-zero powers of two.,324,Create a Python function to determine if a number can be written as the difference of two squares.,0.9109776020050049,2,,
378,Create a Python function to determine if a number can be written as a sum of non-zero powers of two.,381,Create a Python function to determine the smallest power of 2 that is greater than or equal to a given number.,0.9078279733657837,3,,
378,Create a Python function to determine if a number can be written as a sum of non-zero powers of two.,309,Create a Python function to determine if a number equals two times its reverse minus one.,0.902062177658081,4,,
378,Create a Python function to determine if a number can be written as a sum of non-zero powers of two.,30,Write a python function to check whether the given number can be represented as the difference of two squares or not.,0.8954294323921204,5,,
378,Create a Python function to determine if a number can be written as a sum of non-zero powers of two.,169,Write a python function to find the minimum of two numbers.,0.8910477161407471,6,,
378,Create a Python function to determine if a number can be written as a sum of non-zero powers of two.,156,Write a python function to find the highest power of 2 that is less than or equal to n.,0.8899632096290588,7,,
378,Create a Python function to determine if a number can be written as a sum of non-zero powers of two.,15,Write a python function to check if a given number is one less than twice its reverse.,0.8868409395217896,8,,
378,Create a Python function to determine if a number can be written as a sum of non-zero powers of two.,151,Write a python function to find the maximum of two numbers.,0.8863688707351685,9,,
378,Create a Python function to determine if a number can be written as a sum of non-zero powers of two.,87,Write a python function to find the smallest power of 2 greater than or equal to n.,0.8837257623672485,10,,
378,Create a Python function to determine if a number can be written as a sum of non-zero powers of two.,1,Write a python function to identify non-prime numbers.,0.882542610168457,11,,
378,Create a Python function to determine if a number can be written as a sum of non-zero powers of two.,281,Write a python function to check whether the given number is even or not.,0.8779076337814331,12,,
378,Create a Python function to determine if a number can be written as a sum of non-zero powers of two.,295,Develop a Python function that checks if a number is not a prime.,0.8774902820587158,13,,
378,Create a Python function to determine if a number can be written as a sum of non-zero powers of two.,382,Create a Python function to determine if a number has all bits set to zero within a specified range.,0.8756741285324097,14,,
378,Create a Python function to determine if a number can be written as a sum of non-zero powers of two.,243,Write a python function to find the sum of the per-digit difference between two integers.,0.8753612041473389,15,,
378,Create a Python function to determine if a number can be written as a sum of non-zero powers of two.,215,Write a python function to find the sum of even factors of a number.,0.8744431138038635,16,,
378,Create a Python function to determine if a number can be written as a sum of non-zero powers of two.,3,Write a python function to check whether the two numbers differ at one bit position only or not.,0.8736606240272522,17,,
378,Create a Python function to determine if a number can be written as a sum of non-zero powers of two.,327,Develop a Python function to check if a number can be divided by 11 without remainder.,0.8728064894676208,18,,
378,Create a Python function to determine if a number can be written as a sum of non-zero powers of two.,311,Create a Python function to verify if two integers have different signs.,0.8726581335067749,19,,
378,Create a Python function to determine if a number can be written as a sum of non-zero powers of two.,250,Write a function to get the sum of the digits of a non-negative integer.,0.8723721504211426,20,,
379,Create a function that returns the circumference of a circle given its radius.,85,Write a function to find the circumference of a circle.,0.9310760498046875,1,,
379,Create a function that returns the circumference of a circle given its radius.,330,Create a function that computes the volume of a sphere given its radius.,0.9048746228218079,2,,
379,Create a function that returns the circumference of a circle given its radius.,333,Implement a function to calculate the surface area of a sphere from its radius.,0.8779758214950562,3,,
379,Create a function that returns the circumference of a circle given its radius.,417,Create a function that computes the volume of a cylinder given its radius and height.,0.8586702346801758,4,,
379,Create a function that returns the circumference of a circle given its radius.,123,Write a function that takes in the radius and height of a cylinder and returns the the volume.,0.8585271835327148,5,,
379,Create a function that returns the circumference of a circle given its radius.,580,Create a function that converts an angle from degrees to radians.,0.8581082820892334,6,,
379,Create a function that returns the circumference of a circle given its radius.,366,Create a function that returns the phase angle of a complex number.,0.8569824695587158,7,,
379,Create a function that returns the circumference of a circle given its radius.,550,Create a function that calculates the surface area of a cylinder given its radius and height.,0.855424165725708,8,,
379,Create a function that returns the circumference of a circle given its radius.,305,Create a function to compute the perimeter of a square from its side length.,0.8525143265724182,9,,
379,Create a function that returns the circumference of a circle given its radius.,514,Create a function that calculates the area of a rectangle given its length and breadth.,0.8473769426345825,10,,
379,Create a function that returns the circumference of a circle given its radius.,11,Write a function that returns the perimeter of a square given its side length as input.,0.8465261459350586,11,,
379,Create a function that returns the circumference of a circle given its radius.,498,Create a function that calculates the surface area of a cube based on its size.,0.8365849256515503,12,,
379,Create a function that returns the circumference of a circle given its radius.,565,Create a function that transforms polar coordinates into rectangular coordinates.,0.8362417221069336,13,,
379,Create a function that returns the circumference of a circle given its radius.,477,"Create a function that rounds each number in a list, then returns the total sum multiplied by the list's length.",0.8352544903755188,14,,
379,Create a function that returns the circumference of a circle given its radius.,334,Create a function that returns the nth centered hexagonal number.,0.8320091962814331,15,,
379,Create a function that returns the circumference of a circle given its radius.,36,Write a function to find the volume of a sphere.,0.8310285210609436,16,,
379,Create a function that returns the circumference of a circle given its radius.,220,Write a function to find the area of a rectangle.,0.8304809927940369,17,,
379,Create a function that returns the circumference of a circle given its radius.,39,Write a function to find the surface area of a sphere.,0.8264299035072327,18,,
379,Create a function that returns the circumference of a circle given its radius.,448,Calculate the volume of a cone given its radius and height.,0.8250128030776978,19,,
379,Create a function that returns the circumference of a circle given its radius.,286,Write a function to convert degrees to radians.,0.8244322538375854,20,,
382,Create a Python function to determine if a number has all bits set to zero within a specified range.,88,Write a python function to check whether all the bits are unset in the given range or not.,0.9236043691635132,1,,
382,Create a Python function to determine if a number has all bits set to zero within a specified range.,297,Create a Python function to determine if two numbers differ by exactly one bit position.,0.8833440542221069,2,,
382,Create a Python function to determine if a number has all bits set to zero within a specified range.,378,Create a Python function to determine if a number can be written as a sum of non-zero powers of two.,0.8756741285324097,3,,
382,Create a Python function to determine if a number has all bits set to zero within a specified range.,3,Write a python function to check whether the two numbers differ at one bit position only or not.,0.8730851411819458,4,,
382,Create a Python function to determine if a number has all bits set to zero within a specified range.,130,Write a python function takes in an integer and check whether the frequency of each digit in the integer is less than or equal to the digit itself.,0.8693016767501831,5,,
382,Create a Python function to determine if a number has all bits set to zero within a specified range.,84,Write a python function to check whether the given number can be represented as sum of non-zero powers of 2 or not.,0.8576460480690002,6,,
382,Create a Python function to determine if a number has all bits set to zero within a specified range.,179,Write a python function to check whether any value in a sequence exists in a sequence or not.,0.8555988073348999,7,,
382,Create a Python function to determine if a number has all bits set to zero within a specified range.,281,Write a python function to check whether the given number is even or not.,0.8555687665939331,8,,
382,Create a Python function to determine if a number has all bits set to zero within a specified range.,107,Write a function to count the number of set bits (binary digits with value 1) in a given number.,0.8513951301574707,9,,
382,Create a Python function to determine if a number has all bits set to zero within a specified range.,15,Write a python function to check if a given number is one less than twice its reverse.,0.8511468172073364,10,,
382,Create a Python function to determine if a number has all bits set to zero within a specified range.,309,Create a Python function to determine if a number equals two times its reverse minus one.,0.8508467674255371,11,,
382,Create a Python function to determine if a number has all bits set to zero within a specified range.,295,Develop a Python function that checks if a number is not a prime.,0.8505827188491821,12,,
382,Create a Python function to determine if a number has all bits set to zero within a specified range.,327,Develop a Python function to check if a number can be divided by 11 without remainder.,0.8495308756828308,13,,
382,Create a Python function to determine if a number has all bits set to zero within a specified range.,356,Create a Python function that counts the number of ones in the first n positions of a binary string.,0.8491666316986084,14,,
382,Create a Python function to determine if a number has all bits set to zero within a specified range.,169,Write a python function to find the minimum of two numbers.,0.847337007522583,15,,
382,Create a Python function to determine if a number has all bits set to zero within a specified range.,238,Write a python function to find the first digit of a given number.,0.8472468852996826,16,,
382,Create a Python function to determine if a number has all bits set to zero within a specified range.,171,Write a python function to find whether the parity of a given number is odd.,0.8463608026504517,17,,
382,Create a Python function to determine if a number has all bits set to zero within a specified range.,381,Create a Python function to determine the smallest power of 2 that is greater than or equal to a given number.,0.845944344997406,18,,
382,Create a Python function to determine if a number has all bits set to zero within a specified range.,20,Write a python function to find smallest number in a list.,0.8450906276702881,19,,
382,Create a Python function to determine if a number has all bits set to zero within a specified range.,344,Create a Python function that counts how many divisors a given integer has.,0.84489905834198,20,,
388,"Create a function that finds integers x and y such that ax plus by equals n, or returns None if not possible.",94,"Write a function that returns integers x and y that satisfy ax + by = n as a tuple, or return None if no solution exists.",0.9254068732261658,1,,
388,"Create a function that finds integers x and y such that ax plus by equals n, or returns None if not possible.",390,"Create a function that sums n, n-2, n-4, and so on, stopping when the result is less than or equal to zero.",0.8501889705657959,2,,
388,"Create a function that finds integers x and y such that ax plus by equals n, or returns None if not possible.",337,Develop a function that returns the largest integer less than a given number n.,0.8432637453079224,3,,
388,"Create a function that finds integers x and y such that ax plus by equals n, or returns None if not possible.",89,Write a python function that takes in a positive integer n and finds the sum of even index binomial coefficients.,0.8405579328536987,4,,
388,"Create a function that finds integers x and y such that ax plus by equals n, or returns None if not possible.",378,Create a Python function to determine if a number can be written as a sum of non-zero powers of two.,0.8350676894187927,5,,
388,"Create a function that finds integers x and y such that ax plus by equals n, or returns None if not possible.",450,Create a function to determine the maximum power of two that does not exceed the input number n.,0.8343067169189453,6,,
388,"Create a function that finds integers x and y such that ax plus by equals n, or returns None if not possible.",83,Write a function to find the ratio of zeroes to non-zeroes in an array of integers.,0.8333941698074341,7,,
388,"Create a function that finds integers x and y such that ax plus by equals n, or returns None if not possible.",124,Write a function that takes in a dictionary and integer n and filters the dictionary to only include entries with values greater than or equal to n.,0.8327838182449341,8,,
388,"Create a function that finds integers x and y such that ax plus by equals n, or returns None if not possible.",383,Create a Python function to compute the sum of binomial coefficients at even indices for a given positive integer n.,0.8318140506744385,9,,
388,"Create a function that finds integers x and y such that ax plus by equals n, or returns None if not possible.",134,Write a python function takes in an integer n and returns the sum of squares of first n even natural numbers.,0.8298122882843018,10,,
388,"Create a function that finds integers x and y such that ax plus by equals n, or returns None if not possible.",156,Write a python function to find the highest power of 2 that is less than or equal to n.,0.8297070264816284,11,,
388,"Create a function that finds integers x and y such that ax plus by equals n, or returns None if not possible.",120,Write a python function that takes in an integer n and finds the sum of the first n even natural numbers that are raised to the fifth power.,0.8293055891990662,12,,
388,"Create a function that finds integers x and y such that ax plus by equals n, or returns None if not possible.",248,Write a python function which takes a list of integers and counts the number of possible unordered pairs where both elements are unequal.,0.8274470567703247,13,,
388,"Create a function that finds integers x and y such that ax plus by equals n, or returns None if not possible.",309,Create a Python function to determine if a number equals two times its reverse minus one.,0.8257849812507629,14,,
388,"Create a function that finds integers x and y such that ax plus by equals n, or returns None if not possible.",116,Write a python function that takes in an integer n and returns the sum of the squares of the first n odd natural numbers.,0.8256250023841858,15,,
388,"Create a function that finds integers x and y such that ax plus by equals n, or returns None if not possible.",250,Write a function to get the sum of the digits of a non-negative integer.,0.8246824741363525,16,,
388,"Create a function that finds integers x and y such that ax plus by equals n, or returns None if not possible.",377,Develop a function that calculates the ratio of zeros to non-zeros in an integer array.,0.8240581750869751,17,,
388,"Create a function that finds integers x and y such that ax plus by equals n, or returns None if not possible.",544,Create a function that computes the sum of all digits in a non-negative integer.,0.823260486125946,18,,
388,"Create a function that finds integers x and y such that ax plus by equals n, or returns None if not possible.",87,Write a python function to find the smallest power of 2 greater than or equal to n.,0.8217953443527222,19,,
388,"Create a function that finds integers x and y such that ax plus by equals n, or returns None if not possible.",418,Develop a function that returns a dictionary containing only entries whose values are at least n.,0.82152259349823,20,,
389,Develop a function that removes every element from one list that also appears in a second list.,95,Write a function to remove all elements from a given list present in another list.,0.9405845403671265,1,,
389,Develop a function that removes every element from one list that also appears in a second list.,306,Develop a function that deletes all characters from the first string that also appear in the second string.,0.8995364904403687,2,,
389,Develop a function that removes every element from one list that also appears in a second list.,415,Develop a function that extracts the last element from each tuple in a list.,0.8789650201797485,3,,
389,Develop a function that removes every element from one list that also appears in a second list.,423,Create a function that performs element-wise subtraction between two lists.,0.8720901608467102,4,,
389,Develop a function that removes every element from one list that also appears in a second list.,548,Create a function that filters out duplicate numbers from multiple lists.,0.8707367181777954,5,,
389,Develop a function that removes every element from one list that also appears in a second list.,294,Create a function that returns the elements found in both of the provided lists.,0.8704594969749451,6,,
389,Develop a function that removes every element from one list that also appears in a second list.,516,Create a function that retrieves the initial element from each sublist in a list of sublists.,0.8693983554840088,7,,
389,Develop a function that removes every element from one list that also appears in a second list.,384,Create a function that merges all numbers from a list of lists into a single set.,0.8678694367408752,8,,
389,Develop a function that removes every element from one list that also appears in a second list.,518,Create a function that generates all possible combinations of elements from a given list.,0.8664207458496094,9,,
389,Develop a function that removes every element from one list that also appears in a second list.,129,Write a function to subtract two lists element-wise.,0.8656635284423828,10,,
389,Develop a function that removes every element from one list that also appears in a second list.,346,Create a function that multiplies all elements in a list and divides the result by the list's length.,0.8609907031059265,11,,
389,Develop a function that removes every element from one list that also appears in a second list.,354,Create a function that appends all elements of a list to a tuple.,0.8576758503913879,12,,
389,Develop a function that removes every element from one list that also appears in a second list.,355,Develop a function that combines three lists and returns a single sorted list.,0.8572661280632019,13,,
389,Develop a function that removes every element from one list that also appears in a second list.,551,Create a function that verifies if one list is a sublist of another list.,0.8561455011367798,14,,
389,Develop a function that removes every element from one list that also appears in a second list.,357,Develop a function that returns the elements shared by all nested lists.,0.8559913039207458,15,,
389,Develop a function that removes every element from one list that also appears in a second list.,583,Create a function that produces a list identical to the input list but with the k'th element excluded.,0.855562686920166,16,,
389,Develop a function that removes every element from one list that also appears in a second list.,352,Create a function that sorts every sublist of strings within a list of lists.,0.8554812669754028,17,,
389,Develop a function that removes every element from one list that also appears in a second list.,503,Create a function that tallies the occurrences of each list element in a tuple.,0.8552128076553345,18,,
389,Develop a function that removes every element from one list that also appears in a second list.,504,Create a function that computes the cube of each element in a list.,0.8541406393051147,19,,
389,Develop a function that removes every element from one list that also appears in a second list.,342,Create a function that finds the first element from the tuple with the lowest second value in a list.,0.853981077671051,20,,
393,Develop a function that counts characters whose position in a string matches their position in the alphabet.,99,Write a function to count the number of characters in a string that occur at the same position in the string as in the English alphabet (case insensitive).,0.9042668342590332,1,,
393,Develop a function that counts characters whose position in a string matches their position in the alphabet.,494,Create a function that eliminates characters at odd positions in a string.,0.8712334632873535,2,,
393,Develop a function that counts characters whose position in a string matches their position in the alphabet.,517,Create a function that tallies the number of uppercase characters in a string.,0.8698254823684692,3,,
393,Develop a function that counts characters whose position in a string matches their position in the alphabet.,576,Create a function that identifies the first character that appears more than once in a string.,0.8575502038002014,4,,
393,Develop a function that counts characters whose position in a string matches their position in the alphabet.,536,Create a function that switches the case of each character in a string.,0.8558655977249146,5,,
393,Develop a function that counts characters whose position in a string matches their position in the alphabet.,405,Develop a function that replaces every space in a string with a specified character.,0.8546662330627441,6,,
393,Develop a function that counts characters whose position in a string matches their position in the alphabet.,543,Create a function that divides a string into its individual characters.,0.853897750377655,7,,
393,Develop a function that counts characters whose position in a string matches their position in the alphabet.,233,Write a function to replace characters in a string.,0.8496808409690857,8,,
393,Develop a function that counts characters whose position in a string matches their position in the alphabet.,512,Create a function that reverses the characters in each string within a list.,0.8483991622924805,9,,
393,Develop a function that counts characters whose position in a string matches their position in the alphabet.,426,Develop a function that checks for the presence of 'a' followed by two or three 'b' characters in a string.,0.8473957777023315,10,,
393,Develop a function that counts characters whose position in a string matches their position in the alphabet.,457,Create a function that checks if a string begins and ends with the identical character.,0.845387876033783,11,,
393,Develop a function that counts characters whose position in a string matches their position in the alphabet.,527,Create a function that substitutes specified characters in a string with new ones.,0.8436756134033203,12,,
393,Develop a function that counts characters whose position in a string matches their position in the alphabet.,223,Write a python function to count the upper case characters in a given string.,0.8411644697189331,13,,
393,Develop a function that counts characters whose position in a string matches their position in the alphabet.,356,Create a Python function that counts the number of ones in the first n positions of a binary string.,0.8411599397659302,14,,
393,Develop a function that counts characters whose position in a string matches their position in the alphabet.,118,Write a function to find the ascii value of a character.,0.8402855396270752,15,,
393,Develop a function that counts characters whose position in a string matches their position in the alphabet.,531,Create a function that eliminates lowercase letter sequences from a string.,0.8392634391784668,16,,
393,Develop a function that counts characters whose position in a string matches their position in the alphabet.,446,Develop a function to transform a string into a tuple where each character is an element.,0.8372684717178345,17,,
393,Develop a function that counts characters whose position in a string matches their position in the alphabet.,68,Write a function to convert a string to a list of strings split on the space character.,0.8361208438873291,18,,
393,Develop a function that counts characters whose position in a string matches their position in the alphabet.,578,Create a function that reverses the order of words in a string where words are separated by spaces.,0.8358975648880005,19,,
393,Develop a function that counts characters whose position in a string matches their position in the alphabet.,456,Create a function that identifies the first non-repeating character in a string.,0.8346000909805298,20,,
394,Create a function that counts all pairs in a list whose XOR result is even.,535,Create a function that counts the number of pairs in a list that have an odd XOR value.,0.9416870474815369,1,,
394,Create a function that counts all pairs in a list whose XOR result is even.,100,Write a function that counts the number of pairs of integers in a list that xor to an even number.,0.9246258735656738,2,,
394,Create a function that counts all pairs in a list whose XOR result is even.,241,Write a python function to count the number of pairs whose xor value is odd.,0.8885008096694946,3,,
394,Create a function that counts all pairs in a list whose XOR result is even.,509,Create a function that computes the sum of all even factors of a given number.,0.8667268753051758,4,,
394,Create a function that counts all pairs in a list whose XOR result is even.,413,Develop a Python function that adds up all even numbers found at even indices in a list.,0.857797384262085,5,,
394,Create a function that counts all pairs in a list whose XOR result is even.,542,Create a function that counts the number of unordered pairs in a list of integers where the two integers are different.,0.8576960563659668,6,,
394,Create a function that counts all pairs in a list whose XOR result is even.,119,Write a python function to find the sum of even numbers at even positions of a list.,0.8552863597869873,7,,
394,Create a function that counts all pairs in a list whose XOR result is even.,587,Create a function that counts the number of indices at which two lists have the same value.,0.855177640914917,8,,
394,Create a function that counts all pairs in a list whose XOR result is even.,248,Write a python function which takes a list of integers and counts the number of possible unordered pairs where both elements are unequal.,0.8532184362411499,9,,
394,Create a function that counts all pairs in a list whose XOR result is even.,549,Create a function that computes the product of all unique numbers in a list.,0.8478001356124878,10,,
394,Create a function that counts all pairs in a list whose XOR result is even.,575,Create a function that determines if a number is even.,0.8456105589866638,11,,
394,Create a function that counts all pairs in a list whose XOR result is even.,460,Create a function that executes the bitwise XOR operation on the elements of two tuples.,0.8437798023223877,12,,
394,Create a function that counts all pairs in a list whose XOR result is even.,425,Create a function that checks if all elements in a list are the same as the given element.,0.8425912857055664,13,,
394,Create a function that counts all pairs in a list whose XOR result is even.,293,Write a function to count indices where the lists have the same values.,0.8410086631774902,14,,
394,Create a function that counts all pairs in a list whose XOR result is even.,299,Create a function that computes the square of each element in a list.,0.8400071859359741,15,,
394,Create a function that counts all pairs in a list whose XOR result is even.,459,Create a function that calculates the sum of digits for every number in a list.,0.8394591212272644,16,,
394,Create a function that counts all pairs in a list whose XOR result is even.,131,Write a function that takes in a list and element and checks whether all items in the list are equal to the given element.,0.8388986587524414,17,,
394,Create a function that counts all pairs in a list whose XOR result is even.,518,Create a function that generates all possible combinations of elements from a given list.,0.8372616171836853,18,,
394,Create a function that counts all pairs in a list whose XOR result is even.,384,Create a function that merges all numbers from a list of lists into a single set.,0.837087094783783,19,,
394,Create a function that counts all pairs in a list whose XOR result is even.,364,Create a function that finds the largest absolute product among all pairs in a list of tuples.,0.8370540142059326,20,,
400,Create a function to check if a given element is the majority in a sorted array (appears more than n/2 times).,106,"Write a function that takes in a sorted array, its length (n), and an element and returns whether the element is the majority element in the given sorted array. (The majority element is the element that occurs more than n/2 times.)",0.9353588819503784,1,,
400,Create a function to check if a given element is the majority in a sorted array (appears more than n/2 times).,490,Create a function that verifies if a given number is larger than all elements in an array.,0.8811230659484863,2,,
400,Create a function to check if a given element is the majority in a sorted array (appears more than n/2 times).,196,Write a function to check whether the entered number is greater than the elements of the given array.,0.8659757375717163,3,,
400,Create a function to check if a given element is the majority in a sorted array (appears more than n/2 times).,307,Create a function to check if an integer array has any repeated elements.,0.8541601896286011,4,,
400,Create a function to check if a given element is the majority in a sorted array (appears more than n/2 times).,13,Write a function to find whether a given array of integers contains any duplicate element.,0.8447465896606445,5,,
400,Create a function to check if a given element is the majority in a sorted array (appears more than n/2 times).,133,Write a function to find the largest sum of a contiguous array in the modified array which is formed by repeating the given array k times.,0.8350577354431152,6,,
400,Create a function to check if a given element is the majority in a sorted array (appears more than n/2 times).,69,Write a python function to find the element that appears only once in a sorted array.,0.8322075605392456,7,,
400,Create a function to check if a given element is the majority in a sorted array (appears more than n/2 times).,251,Write a function to check whether a specified list is sorted or not.,0.8312259912490845,8,,
400,Create a function to check if a given element is the majority in a sorted array (appears more than n/2 times).,372,Create a function that returns the most frequent item in a list.,0.829473078250885,9,,
400,Create a function to check if a given element is the majority in a sorted array (appears more than n/2 times).,421,"Create a function that checks whether an element exists in an array and returns (found, index) where index is -1 if not found.",0.8294348120689392,10,,
400,Create a function to check if a given element is the majority in a sorted array (appears more than n/2 times).,545,Create a function that verifies if a list is sorted in ascending order.,0.828960657119751,11,,
400,Create a function to check if a given element is the majority in a sorted array (appears more than n/2 times).,427,Create a function that finds the maximum sum of a contiguous subarray in an array formed by repeating the original array k times.,0.8261494636535645,12,,
400,Create a function to check if a given element is the majority in a sorted array (appears more than n/2 times).,525,Create a function that verifies if a list of numbers is consecutive.,0.8251175880432129,13,,
400,Create a function to check if a given element is the majority in a sorted array (appears more than n/2 times).,395,Develop a function that returns how many times a specific number appears in a list.,0.8239244222640991,14,,
400,Create a function to check if a given element is the majority in a sorted array (appears more than n/2 times).,296,"Implement a function that returns the n biggest numbers from a list, sorted from highest to lowest.",0.8227136135101318,15,,
400,Create a function to check if a given element is the majority in a sorted array (appears more than n/2 times).,363,Develop a Python function to identify the unique element in a sorted array where all others are duplicated.,0.8211873769760132,16,,
400,Create a function to check if a given element is the majority in a sorted array (appears more than n/2 times).,228,Write a function to find the maximum product formed by multiplying numbers of an increasing subsequence of that array.,0.8210474252700806,17,,
400,Create a function to check if a given element is the majority in a sorted array (appears more than n/2 times).,425,Create a function that checks if all elements in a list are the same as the given element.,0.821045994758606,18,,
400,Create a function to check if a given element is the majority in a sorted array (appears more than n/2 times).,474,Create a function that identifies the pair of integers in an array that yields the highest product.,0.8207889795303345,19,,
400,Create a function to check if a given element is the majority in a sorted array (appears more than n/2 times).,585,Create a function that determines the median value of two equally sized sorted lists.,0.8201276063919067,20,,
402,Create a Python function that removes all characters at odd indices from a string.,108,Write a python function to remove the characters which have odd index values of a given string.,0.9544984102249146,1,,
402,Create a Python function that removes all characters at odd indices from a string.,494,Create a function that eliminates characters at odd positions in a string.,0.9172935485839844,2,,
402,Create a Python function that removes all characters at odd indices from a string.,200,Write a function to remove odd characters in a string.,0.9162323474884033,3,,
402,Create a Python function that removes all characters at odd indices from a string.,177,Write a python function to remove odd numbers from a given list.,0.9004745483398438,4,,
402,Create a Python function that removes all characters at odd indices from a string.,507,Create a function that eliminates all whitespace characters from a string.,0.8939579725265503,5,,
402,Create a Python function that removes all characters at odd indices from a string.,301,Create a Python function that deletes the first and last appearance of a specified character in a string.,0.8789523839950562,6,,
402,Create a Python function that removes all characters at odd indices from a string.,7,Write a python function to remove first and last occurrence of a given character from the string.,0.8768030405044556,7,,
402,Create a Python function that removes all characters at odd indices from a string.,306,Develop a function that deletes all characters from the first string that also appear in the second string.,0.8717435002326965,8,,
402,Create a Python function that removes all characters at odd indices from a string.,237,Write a python function to remove lowercase substrings from a given string.,0.8716024160385132,9,,
402,Create a Python function that removes all characters at odd indices from a string.,249,Write a python function to split a string into characters.,0.8675882816314697,10,,
402,Create a Python function that removes all characters at odd indices from a string.,531,Create a function that eliminates lowercase letter sequences from a string.,0.865618109703064,11,,
402,Create a Python function that removes all characters at odd indices from a string.,471,Create a function that filters out odd numbers from a list.,0.864703357219696,12,,
402,Create a Python function that removes all characters at odd indices from a string.,483,Create a function that filters out odd numbers from a list.,0.864703357219696,13,,
402,Create a Python function that removes all characters at odd indices from a string.,239,Write a python function which takes a list of integers and only returns the odd ones.,0.8645358085632324,14,,
402,Create a Python function that removes all characters at odd indices from a string.,515,Create a function that eliminates uppercase letter sequences from a string.,0.860821008682251,15,,
402,Create a Python function that removes all characters at odd indices from a string.,413,Develop a Python function that adds up all even numbers found at even indices in a list.,0.8604961037635803,16,,
402,Create a Python function that removes all characters at odd indices from a string.,373,Develop a Python function that reverses only the vowels in a string.,0.8598374128341675,17,,
402,Create a Python function that removes all characters at odd indices from a string.,512,Create a function that reverses the characters in each string within a list.,0.8596658110618591,18,,
402,Create a Python function that removes all characters at odd indices from a string.,213,Write a function to remove all whitespaces from the given string.,0.8592612147331238,19,,
402,Create a Python function that removes all characters at odd indices from a string.,12,Write a function to remove characters from the first string which are present in the second string.,0.8590161204338074,20,,
414,Create a Python function that calculates the sum of the fifth powers of the first n even natural numbers.,120,Write a python function that takes in an integer n and finds the sum of the first n even natural numbers that are raised to the fifth power.,0.9656658172607422,1,,
414,Create a Python function that calculates the sum of the fifth powers of the first n even natural numbers.,134,Write a python function takes in an integer n and returns the sum of squares of first n even natural numbers.,0.9140117168426514,2,,
414,Create a Python function that calculates the sum of the fifth powers of the first n even natural numbers.,184,Write a python function to find the cube sum of first n even natural numbers.,0.9122846722602844,3,,
414,Create a Python function that calculates the sum of the fifth powers of the first n even natural numbers.,428,Develop a function that calculates the sum of squares of the first n even natural numbers.,0.9092119932174683,4,,
414,Create a Python function that calculates the sum of the fifth powers of the first n even natural numbers.,116,Write a python function that takes in an integer n and returns the sum of the squares of the first n odd natural numbers.,0.9025431275367737,5,,
414,Create a Python function that calculates the sum of the fifth powers of the first n even natural numbers.,410,Create a Python function that sums the squares of the first n odd numbers.,0.8977096080780029,6,,
414,Create a Python function that calculates the sum of the fifth powers of the first n even natural numbers.,478,Create a function that calculates the cube sum of the initial n even natural numbers.,0.8972562551498413,7,,
414,Create a Python function that calculates the sum of the fifth powers of the first n even natural numbers.,574,Create a function that calculates both the sum and the average of the first n natural numbers.,0.8950189352035522,8,,
414,Create a Python function that calculates the sum of the fifth powers of the first n even natural numbers.,383,Create a Python function to compute the sum of binomial coefficients at even indices for a given positive integer n.,0.886176347732544,9,,
414,Create a Python function that calculates the sum of the fifth powers of the first n even natural numbers.,215,Write a python function to find the sum of even factors of a number.,0.8784899711608887,10,,
414,Create a Python function that calculates the sum of the fifth powers of the first n even natural numbers.,240,Write a python function to find the difference between the sum of cubes of the first n natural numbers and the sum of the first n natural numbers.,0.8779794573783875,11,,
414,Create a Python function that calculates the sum of the fifth powers of the first n even natural numbers.,89,Write a python function that takes in a positive integer n and finds the sum of even index binomial coefficients.,0.8743912577629089,12,,
414,Create a Python function that calculates the sum of the fifth powers of the first n even natural numbers.,280,Write a function to find sum and average of first n natural numbers.,0.8740658760070801,13,,
414,Create a Python function that calculates the sum of the fifth powers of the first n even natural numbers.,186,Write a python function to find the average of cubes of first n natural numbers.,0.8723064661026001,14,,
414,Create a Python function that calculates the sum of the fifth powers of the first n even natural numbers.,480,Create a function that calculates the average value of the cubes of the first n natural numbers.,0.8687639236450195,15,,
414,Create a Python function that calculates the sum of the fifth powers of the first n even natural numbers.,378,Create a Python function to determine if a number can be written as a sum of non-zero powers of two.,0.8673008680343628,16,,
414,Create a Python function that calculates the sum of the fifth powers of the first n even natural numbers.,534,Create a function that calculates the difference between the sum of cubes and the sum of the first n natural numbers.,0.8641097545623779,17,,
414,Create a Python function that calculates the sum of the fifth powers of the first n even natural numbers.,119,Write a python function to find the sum of even numbers at even positions of a list.,0.8619407415390015,18,,
414,Create a Python function that calculates the sum of the fifth powers of the first n even natural numbers.,509,Create a function that computes the sum of all even factors of a given number.,0.8541615009307861,19,,
414,Create a Python function that calculates the sum of the fifth powers of the first n even natural numbers.,84,Write a python function to check whether the given number can be represented as sum of non-zero powers of 2 or not.,0.8540173768997192,20,,
420,Implement a function that returns the nth decagonal number.,126,Write a function to find the nth decagonal number.,0.9454612731933594,1,,
420,Implement a function that returns the nth decagonal number.,312,Implement a function that calculates the nth octagonal number.,0.9336749315261841,2,,
420,Implement a function that returns the nth decagonal number.,334,Create a function that returns the nth centered hexagonal number.,0.9140406847000122,3,,
420,Implement a function that returns the nth decagonal number.,376,Create a function that computes the nth hexagonal number.,0.9100637435913086,4,,
420,Implement a function that returns the nth decagonal number.,18,Write a function to find the nth octagonal number.,0.8973302245140076,5,,
420,Implement a function that returns the nth decagonal number.,411,Develop a function that computes the nth star number.,0.8885766863822937,6,,
420,Implement a function that returns the nth decagonal number.,329,Implement a function to calculate the nth tetrahedral number.,0.8884215950965881,7,,
420,Implement a function that returns the nth decagonal number.,82,Write a function to find the nth hexagonal number.,0.8874891400337219,8,,
420,Implement a function that returns the nth decagonal number.,582,Create a function that computes the nth Bell number.,0.8828616142272949,9,,
420,Implement a function that returns the nth decagonal number.,558,Create a function that computes the nth Catalan number.,0.8782260417938232,10,,
420,Implement a function that returns the nth decagonal number.,264,Write a function which returns nth catalan number.,0.8761845231056213,11,,
420,Implement a function that returns the nth decagonal number.,40,Write a function to find nth centered hexagonal number.,0.8631580471992493,12,,
420,Implement a function that returns the nth decagonal number.,35,Write a function to find the nth tetrahedral number.,0.8564493656158447,13,,
420,Implement a function that returns the nth decagonal number.,337,Develop a function that returns the largest integer less than a given number n.,0.8557846546173096,14,,
420,Implement a function that returns the nth decagonal number.,492,Create a function that extracts the last digit from a given number.,0.8463377356529236,15,,
420,Implement a function that returns the nth decagonal number.,532,Create a function that extracts the first digit from a given number.,0.8450776934623718,16,,
420,Implement a function that returns the nth decagonal number.,332,Create a function to compute the nth value in the Newman-Conway sequence.,0.844819188117981,17,,
420,Implement a function that returns the nth decagonal number.,366,Create a function that returns the phase angle of a complex number.,0.844497561454773,18,,
420,Implement a function that returns the nth decagonal number.,505,Create a function that computes the sum of Perrin numbers up to the nth term.,0.8444507718086243,19,,
420,Implement a function that returns the nth decagonal number.,451,Create a function that calculates and returns the lucas number at position n in the sequence.,0.8425739407539368,20,,
421,"Create a function that checks whether an element exists in an array and returns (found, index) where index is -1 if not found.",127,Write a function that takes in an array and element and returns a tuple containing a boolean that indicates if the element is in the array and the index position of the element (or -1 if the element is not found).,0.8954448699951172,1,,
421,"Create a function that checks whether an element exists in an array and returns (found, index) where index is -1 if not found.",307,Create a function to check if an integer array has any repeated elements.,0.8594661951065063,2,,
421,"Create a function that checks whether an element exists in an array and returns (found, index) where index is -1 if not found.",13,Write a function to find whether a given array of integers contains any duplicate element.,0.8515933752059937,3,,
421,"Create a function that checks whether an element exists in an array and returns (found, index) where index is -1 if not found.",170,Write a function to check whether an element exists within a tuple.,0.8430463075637817,4,,
421,"Create a function that checks whether an element exists in an array and returns (found, index) where index is -1 if not found.",488,Create a function that checks for any common element between two lists and returns true if found.,0.8414410948753357,5,,
421,"Create a function that checks whether an element exists in an array and returns (found, index) where index is -1 if not found.",55,Write a function to find the kth element in the given array using 1-based indexing.,0.8405930399894714,6,,
421,"Create a function that checks whether an element exists in an array and returns (found, index) where index is -1 if not found.",349,"Develop a function that retrieves the kth element from an array, using 1-based indexing.",0.836562991142273,7,,
421,"Create a function that checks whether an element exists in an array and returns (found, index) where index is -1 if not found.",440,Create a function to identify the element at a specific index in an array after a series of rotations.,0.8361300230026245,8,,
421,"Create a function that checks whether an element exists in an array and returns (found, index) where index is -1 if not found.",425,Create a function that checks if all elements in a list are the same as the given element.,0.8333396315574646,9,,
421,"Create a function that checks whether an element exists in an array and returns (found, index) where index is -1 if not found.",321,Create a function that verifies if a sublist exists within a list.,0.8323215246200562,10,,
421,"Create a function that checks whether an element exists in an array and returns (found, index) where index is -1 if not found.",131,Write a function that takes in a list and element and checks whether all items in the list are equal to the given element.,0.8312793970108032,11,,
421,"Create a function that checks whether an element exists in an array and returns (found, index) where index is -1 if not found.",400,Create a function to check if a given element is the majority in a sorted array (appears more than n/2 times).,0.8294348120689392,12,,
421,"Create a function that checks whether an element exists in an array and returns (found, index) where index is -1 if not found.",473,Create a function that checks for the existence of any value from one sequence in another sequence.,0.827039361000061,13,,
421,"Create a function that checks whether an element exists in an array and returns (found, index) where index is -1 if not found.",464,Create a function that verifies the existence of an element in a tuple.,0.825107991695404,14,,
421,"Create a function that checks whether an element exists in an array and returns (found, index) where index is -1 if not found.",490,Create a function that verifies if a given number is larger than all elements in an array.,0.8232810497283936,15,,
421,"Create a function that checks whether an element exists in an array and returns (found, index) where index is -1 if not found.",179,Write a python function to check whether any value in a sequence exists in a sequence or not.,0.8226988911628723,16,,
421,"Create a function that checks whether an element exists in an array and returns (found, index) where index is -1 if not found.",69,Write a python function to find the element that appears only once in a sorted array.,0.8211897611618042,17,,
421,"Create a function that checks whether an element exists in an array and returns (found, index) where index is -1 if not found.",146,Write a python function to find element at a given index after number of rotations.,0.8194823861122131,18,,
421,"Create a function that checks whether an element exists in an array and returns (found, index) where index is -1 if not found.",27,Write a function to check whether a list contains the given sublist or not.,0.8175370693206787,19,,
421,"Create a function that checks whether an element exists in an array and returns (found, index) where index is -1 if not found.",196,Write a function to check whether the entered number is greater than the elements of the given array.,0.8168169856071472,20,,
422,Develop a Python function that determines whether all elements in a list are unique.,128,Write a python function to check if the elements of a given list are unique or not.,0.9492987394332886,1,,
422,Develop a Python function that determines whether all elements in a list are unique.,363,Develop a Python function to identify the unique element in a sorted array where all others are duplicated.,0.9174776077270508,2,,
422,Develop a Python function that determines whether all elements in a list are unique.,425,Create a function that checks if all elements in a list are the same as the given element.,0.8961939811706543,3,,
422,Develop a Python function that determines whether all elements in a list are unique.,549,Create a function that computes the product of all unique numbers in a list.,0.8926284313201904,4,,
422,Develop a Python function that determines whether all elements in a list are unique.,255,Write a python function to calculate the product of the unique numbers in a given list.,0.885441780090332,5,,
422,Develop a Python function that determines whether all elements in a list are unique.,209,Write a python function to count the occurence of all elements of list in a tuple.,0.8803800344467163,6,,
422,Develop a Python function that determines whether all elements in a list are unique.,399,Develop a function that checks whether every element in a tuple is of the same type.,0.8802275657653809,7,,
422,Develop a Python function that determines whether all elements in a list are unique.,461,Create a function that determines the count of unique tuples within a list.,0.8782877326011658,8,,
422,Develop a Python function that determines whether all elements in a list are unique.,131,Write a function that takes in a list and element and checks whether all items in the list are equal to the given element.,0.8716862201690674,9,,
422,Develop a Python function that determines whether all elements in a list are unique.,257,Write a python function to check whether a list is sublist of another or not.,0.867676854133606,10,,
422,Develop a Python function that determines whether all elements in a list are unique.,322,Develop a function to check if all tuples in a list have the same length.,0.8662752509117126,11,,
422,Develop a Python function that determines whether all elements in a list are unique.,69,Write a python function to find the element that appears only once in a sorted array.,0.8557868003845215,12,,
422,Develop a Python function that determines whether all elements in a list are unique.,455,Create a function that verifies whether a tuple has any duplicate elements.,0.8554874062538147,13,,
422,Develop a Python function that determines whether all elements in a list are unique.,503,Create a function that tallies the occurrences of each list element in a tuple.,0.8554861545562744,14,,
422,Develop a Python function that determines whether all elements in a list are unique.,105,Write a function to check if all the elements in tuple have same data type or not.,0.8547307252883911,15,,
422,Develop a Python function that determines whether all elements in a list are unique.,179,Write a python function to check whether any value in a sequence exists in a sequence or not.,0.8544796705245972,16,,
422,Develop a Python function that determines whether all elements in a list are unique.,504,Create a function that computes the cube of each element in a list.,0.8539736270904541,17,,
422,Develop a Python function that determines whether all elements in a list are unique.,314,Develop a Python function to return the minimum value in a list.,0.8538995385169983,18,,
422,Develop a Python function that determines whether all elements in a list are unique.,359,Develop a function that checks if every dictionary in a list is empty.,0.8537658452987671,19,,
422,Develop a Python function that determines whether all elements in a list are unique.,222,Write a python function to get the first element of each sublist.,0.8527445793151855,20,,
423,Create a function that performs element-wise subtraction between two lists.,129,Write a function to subtract two lists element-wise.,0.9587081670761108,1,,
423,Create a function that performs element-wise subtraction between two lists.,396,"Create a function that sums the elements of a list between two given indices, inclusive.",0.9040002822875977,2,,
423,Create a function that performs element-wise subtraction between two lists.,294,Create a function that returns the elements found in both of the provided lists.,0.8917289972305298,3,,
423,Create a function that performs element-wise subtraction between two lists.,551,Create a function that verifies if one list is a sublist of another list.,0.882398247718811,4,,
423,Create a function that performs element-wise subtraction between two lists.,486,Create a function that retrieves the element-wise AND results of two tuples.,0.8796006441116333,5,,
423,Create a function that performs element-wise subtraction between two lists.,416,Create a function that subtracts corresponding elements of two tuples and returns the result as a tuple.,0.8794376850128174,6,,
423,Create a function that performs element-wise subtraction between two lists.,482,Create a function that tallies the number of sublists that include a specific element.,0.8736836910247803,7,,
423,Create a function that performs element-wise subtraction between two lists.,585,Create a function that determines the median value of two equally sized sorted lists.,0.8721808195114136,8,,
423,Create a function that performs element-wise subtraction between two lists.,389,Develop a function that removes every element from one list that also appears in a second list.,0.8720901608467102,9,,
423,Create a function that performs element-wise subtraction between two lists.,316,Implement a function to sort tuples in a list based on their second element.,0.8680802583694458,10,,
423,Create a function that performs element-wise subtraction between two lists.,563,Create a function that calculates the difference between the maximum and minimum values in a list.,0.8647737503051758,11,,
423,Create a function that performs element-wise subtraction between two lists.,488,Create a function that checks for any common element between two lists and returns true if found.,0.8635778427124023,12,,
423,Create a function that performs element-wise subtraction between two lists.,86,Write a function to sort a list of elements.,0.863173246383667,13,,
423,Create a function that performs element-wise subtraction between two lists.,29,Write a function to sort a list of elements.,0.863173246383667,14,,
423,Create a function that performs element-wise subtraction between two lists.,547,Create a function that arranges the strings in each sublist of a list of lists.,0.8630279302597046,15,,
423,Create a function that performs element-wise subtraction between two lists.,516,Create a function that retrieves the initial element from each sublist in a list of sublists.,0.8629843592643738,16,,
423,Create a function that performs element-wise subtraction between two lists.,548,Create a function that filters out duplicate numbers from multiple lists.,0.8626714944839478,17,,
423,Create a function that performs element-wise subtraction between two lists.,406,Create a function that splits a list into two at a given index L and returns both parts as a tuple.,0.8621573448181152,18,,
423,Create a function that performs element-wise subtraction between two lists.,0,Write a function to find the shared elements from the given two lists.,0.8614909052848816,19,,
423,Create a function that performs element-wise subtraction between two lists.,122,Write a function that takes in two tuples and subtracts the elements of the first tuple by the elements of the second tuple with the same index.,0.8613103628158569,20,,
424,Develop a function that checks if the frequency of each digit in an integer n does not exceed the value of the digit.,130,Write a python function takes in an integer and check whether the frequency of each digit in the integer is less than or equal to the digit itself.,0.9056829214096069,1,,
424,Develop a function that checks if the frequency of each digit in an integer n does not exceed the value of the digit.,544,Create a function that computes the sum of all digits in a non-negative integer.,0.8759462833404541,2,,
424,Develop a function that checks if the frequency of each digit in an integer n does not exceed the value of the digit.,250,Write a function to get the sum of the digits of a non-negative integer.,0.8604103326797485,3,,
424,Develop a function that checks if the frequency of each digit in an integer n does not exceed the value of the digit.,337,Develop a function that returns the largest integer less than a given number n.,0.8601759672164917,4,,
424,Develop a function that checks if the frequency of each digit in an integer n does not exceed the value of the digit.,295,Develop a Python function that checks if a number is not a prime.,0.8571057319641113,5,,
424,Develop a function that checks if the frequency of each digit in an integer n does not exceed the value of the digit.,459,Create a function that calculates the sum of digits for every number in a list.,0.8564109206199646,6,,
424,Develop a function that checks if the frequency of each digit in an integer n does not exceed the value of the digit.,490,Create a function that verifies if a given number is larger than all elements in an array.,0.8534259796142578,7,,
424,Develop a function that checks if the frequency of each digit in an integer n does not exceed the value of the digit.,64,Write a function to check if a string represents an integer or not.,0.8527361154556274,8,,
424,Develop a function that checks if the frequency of each digit in an integer n does not exceed the value of the digit.,377,Develop a function that calculates the ratio of zeros to non-zeros in an integer array.,0.8517926931381226,9,,
424,Develop a function that checks if the frequency of each digit in an integer n does not exceed the value of the digit.,473,Create a function that checks for the existence of any value from one sequence in another sequence.,0.8513453006744385,10,,
424,Develop a function that checks if the frequency of each digit in an integer n does not exceed the value of the digit.,340,Create a function to determine if a number is undulating (alternating digits).,0.8491578698158264,11,,
424,Develop a function that checks if the frequency of each digit in an integer n does not exceed the value of the digit.,450,Create a function to determine the maximum power of two that does not exceed the input number n.,0.8477327227592468,12,,
424,Develop a function that checks if the frequency of each digit in an integer n does not exceed the value of the digit.,307,Create a function to check if an integer array has any repeated elements.,0.8471721410751343,13,,
424,Develop a function that checks if the frequency of each digit in an integer n does not exceed the value of the digit.,285,Write a function to check if the given integer is a prime number.,0.8453046083450317,14,,
424,Develop a function that checks if the frequency of each digit in an integer n does not exceed the value of the digit.,382,Create a Python function to determine if a number has all bits set to zero within a specified range.,0.8442666530609131,15,,
424,Develop a function that checks if the frequency of each digit in an integer n does not exceed the value of the digit.,46,Write a function to check whether the given number is undulating or not.,0.8435260653495789,16,,
424,Develop a function that checks if the frequency of each digit in an integer n does not exceed the value of the digit.,165,Write a function to compute the sum of digits of each number of a given list.,0.8424742817878723,17,,
424,Develop a function that checks if the frequency of each digit in an integer n does not exceed the value of the digit.,196,Write a function to check whether the entered number is greater than the elements of the given array.,0.8413302302360535,18,,
424,Develop a function that checks if the frequency of each digit in an integer n does not exceed the value of the digit.,525,Create a function that verifies if a list of numbers is consecutive.,0.8400377035140991,19,,
424,Develop a function that checks if the frequency of each digit in an integer n does not exceed the value of the digit.,532,Create a function that extracts the first digit from a given number.,0.8381339311599731,20,,
425,Create a function that checks if all elements in a list are the same as the given element.,131,Write a function that takes in a list and element and checks whether all items in the list are equal to the given element.,0.9579697251319885,1,,
425,Create a function that checks if all elements in a list are the same as the given element.,399,Develop a function that checks whether every element in a tuple is of the same type.,0.9112294316291809,2,,
425,Create a function that checks if all elements in a list are the same as the given element.,422,Develop a Python function that determines whether all elements in a list are unique.,0.8961939811706543,3,,
425,Create a function that checks if all elements in a list are the same as the given element.,105,Write a function to check if all the elements in tuple have same data type or not.,0.8946536183357239,4,,
425,Create a function that checks if all elements in a list are the same as the given element.,322,Develop a function to check if all tuples in a list have the same length.,0.8941004872322083,5,,
425,Create a function that checks if all elements in a list are the same as the given element.,488,Create a function that checks for any common element between two lists and returns true if found.,0.892318606376648,6,,
425,Create a function that checks if all elements in a list are the same as the given element.,385,Develop a function that counts how many items are the same at the same index in three lists.,0.8838568329811096,7,,
425,Create a function that checks if all elements in a list are the same as the given element.,128,Write a python function to check if the elements of a given list are unique or not.,0.8811467885971069,8,,
425,Create a function that checks if all elements in a list are the same as the given element.,224,Write a function to find all possible combinations of the elements of a given list.,0.8781700134277344,9,,
425,Create a function that checks if all elements in a list are the same as the given element.,293,Write a function to count indices where the lists have the same values.,0.8775490522384644,10,,
425,Create a function that checks if all elements in a list are the same as the given element.,518,Create a function that generates all possible combinations of elements from a given list.,0.8770946264266968,11,,
425,Create a function that checks if all elements in a list are the same as the given element.,91,Write a function to count number items that are identical in the same position of three given lists.,0.8757933378219604,12,,
425,Create a function that checks if all elements in a list are the same as the given element.,587,Create a function that counts the number of indices at which two lists have the same value.,0.8757262229919434,13,,
425,Create a function that checks if all elements in a list are the same as the given element.,13,Write a function to find whether a given array of integers contains any duplicate element.,0.8714556694030762,14,,
425,Create a function that checks if all elements in a list are the same as the given element.,357,Develop a function that returns the elements shared by all nested lists.,0.8710653781890869,15,,
425,Create a function that checks if all elements in a list are the same as the given element.,325,Develop a function to verify if a list matches the sequence pattern provided.,0.8699957132339478,16,,
425,Create a function that checks if all elements in a list are the same as the given element.,307,Create a function to check if an integer array has any repeated elements.,0.8680009841918945,17,,
425,Create a function that checks if all elements in a list are the same as the given element.,551,Create a function that verifies if one list is a sublist of another list.,0.8671282529830933,18,,
425,Create a function that checks if all elements in a list are the same as the given element.,455,Create a function that verifies whether a tuple has any duplicate elements.,0.8667589426040649,19,,
425,Create a function that checks if all elements in a list are the same as the given element.,294,Create a function that returns the elements found in both of the provided lists.,0.8663344383239746,20,,
427,Create a function that finds the maximum sum of a contiguous subarray in an array formed by repeating the original array k times.,133,Write a function to find the largest sum of a contiguous array in the modified array which is formed by repeating the given array k times.,0.9525418281555176,1,,
427,Create a function that finds the maximum sum of a contiguous subarray in an array formed by repeating the original array k times.,538,Create a function that calculates the sum of the largest contiguous subarray within a given list.,0.8932187557220459,2,,
427,Create a function that finds the maximum sum of a contiguous subarray in an array formed by repeating the original array k times.,225,Write a function to find the maximum product subarray of the given array.,0.8727887868881226,3,,
427,Create a function that finds the maximum sum of a contiguous subarray in an array formed by repeating the original array k times.,228,Write a function to find the maximum product formed by multiplying numbers of an increasing subsequence of that array.,0.8701800107955933,4,,
427,Create a function that finds the maximum sum of a contiguous subarray in an array formed by repeating the original array k times.,529,Create a function that computes the sum of the maximum and minimum values in an array.,0.865740180015564,5,,
427,Create a function that finds the maximum sum of a contiguous subarray in an array formed by repeating the original array k times.,519,Create a function that identifies the subarray with the highest product within an array.,0.8645808696746826,6,,
427,Create a function that finds the maximum sum of a contiguous subarray in an array formed by repeating the original array k times.,522,Create a function that calculates the highest product obtainable from an increasing subsequence in the array.,0.8616230487823486,7,,
427,Create a function that finds the maximum sum of a contiguous subarray in an array formed by repeating the original array k times.,442,"Determine the highest sum of an increasing subsequence in an array, considering only elements up to index i and including a specified element at index k.",0.8555071353912354,8,,
427,Create a function that finds the maximum sum of a contiguous subarray in an array formed by repeating the original array k times.,244,Write a function to find the sum of the largest contiguous sublist in the given list.,0.8501642346382141,9,,
427,Create a function that finds the maximum sum of a contiguous subarray in an array formed by repeating the original array k times.,148,"Write a function to find the maximum sum of increasing subsequence from prefix until ith index and also including a given kth element which is after i, i.e., k > i .",0.8399524688720703,10,,
427,Create a function that finds the maximum sum of a contiguous subarray in an array formed by repeating the original array k times.,467,Create a function that identifies k smallest pairs formed by elements from two arrays.,0.8389528393745422,11,,
427,Create a function that finds the maximum sum of a contiguous subarray in an array formed by repeating the original array k times.,474,Create a function that identifies the pair of integers in an array that yields the highest product.,0.8344645500183105,12,,
427,Create a function that finds the maximum sum of a contiguous subarray in an array formed by repeating the original array k times.,235,Write a python function to find the sum of the largest and smallest value in a given array.,0.8342758417129517,13,,
427,Create a function that finds the maximum sum of a contiguous subarray in an array formed by repeating the original array k times.,173,Write a function to find k number of smallest pairs which consist of one element from the first array and one element from the second array.,0.8284729719161987,14,,
427,Create a function that finds the maximum sum of a contiguous subarray in an array formed by repeating the original array k times.,490,Create a function that verifies if a given number is larger than all elements in an array.,0.8281136155128479,15,,
427,Create a function that finds the maximum sum of a contiguous subarray in an array formed by repeating the original array k times.,617,Write a function to find the biggest max elements from nine arrays.,0.8268449306488037,16,,
427,Create a function that finds the maximum sum of a contiguous subarray in an array formed by repeating the original array k times.,400,Create a function to check if a given element is the majority in a sorted array (appears more than n/2 times).,0.8261494636535645,17,,
427,Create a function that finds the maximum sum of a contiguous subarray in an array formed by repeating the original array k times.,307,Create a function to check if an integer array has any repeated elements.,0.8233738541603088,18,,
427,Create a function that finds the maximum sum of a contiguous subarray in an array formed by repeating the original array k times.,477,"Create a function that rounds each number in a list, then returns the total sum multiplied by the list's length.",0.8217049837112427,19,,
427,Create a function that finds the maximum sum of a contiguous subarray in an array formed by repeating the original array k times.,466,Create a function that generates the next larger number by permuting the digits of the current number.,0.8197702169418335,20,,
428,Develop a function that calculates the sum of squares of the first n even natural numbers.,478,Create a function that calculates the cube sum of the initial n even natural numbers.,0.9505444765090942,1,,
428,Develop a function that calculates the sum of squares of the first n even natural numbers.,574,Create a function that calculates both the sum and the average of the first n natural numbers.,0.9361714720726013,2,,
428,Develop a function that calculates the sum of squares of the first n even natural numbers.,134,Write a python function takes in an integer n and returns the sum of squares of first n even natural numbers.,0.9221352338790894,3,,
428,Develop a function that calculates the sum of squares of the first n even natural numbers.,410,Create a Python function that sums the squares of the first n odd numbers.,0.9212205410003662,4,,
428,Develop a function that calculates the sum of squares of the first n even natural numbers.,480,Create a function that calculates the average value of the cubes of the first n natural numbers.,0.9202005863189697,5,,
428,Develop a function that calculates the sum of squares of the first n even natural numbers.,534,Create a function that calculates the difference between the sum of cubes and the sum of the first n natural numbers.,0.9126189351081848,6,,
428,Develop a function that calculates the sum of squares of the first n even natural numbers.,184,Write a python function to find the cube sum of first n even natural numbers.,0.912217378616333,7,,
428,Develop a function that calculates the sum of squares of the first n even natural numbers.,116,Write a python function that takes in an integer n and returns the sum of the squares of the first n odd natural numbers.,0.911349892616272,8,,
428,Develop a function that calculates the sum of squares of the first n even natural numbers.,414,Create a Python function that calculates the sum of the fifth powers of the first n even natural numbers.,0.9092119932174683,9,,
428,Develop a function that calculates the sum of squares of the first n even natural numbers.,280,Write a function to find sum and average of first n natural numbers.,0.9057954549789429,10,,
428,Develop a function that calculates the sum of squares of the first n even natural numbers.,509,Create a function that computes the sum of all even factors of a given number.,0.8840315341949463,11,,
428,Develop a function that calculates the sum of squares of the first n even natural numbers.,120,Write a python function that takes in an integer n and finds the sum of the first n even natural numbers that are raised to the fifth power.,0.8822463154792786,12,,
428,Develop a function that calculates the sum of squares of the first n even natural numbers.,240,Write a python function to find the difference between the sum of cubes of the first n natural numbers and the sum of the first n natural numbers.,0.8760796785354614,13,,
428,Develop a function that calculates the sum of squares of the first n even natural numbers.,186,Write a python function to find the average of cubes of first n natural numbers.,0.8743081092834473,14,,
428,Develop a function that calculates the sum of squares of the first n even natural numbers.,505,Create a function that computes the sum of Perrin numbers up to the nth term.,0.8625702857971191,15,,
428,Develop a function that calculates the sum of squares of the first n even natural numbers.,312,Implement a function that calculates the nth octagonal number.,0.8603442907333374,16,,
428,Develop a function that calculates the sum of squares of the first n even natural numbers.,383,Create a Python function to compute the sum of binomial coefficients at even indices for a given positive integer n.,0.8577037453651428,17,,
428,Develop a function that calculates the sum of squares of the first n even natural numbers.,215,Write a python function to find the sum of even factors of a number.,0.8575353026390076,18,,
428,Develop a function that calculates the sum of squares of the first n even natural numbers.,411,Develop a function that computes the nth star number.,0.8536899089813232,19,,
428,Develop a function that calculates the sum of squares of the first n even natural numbers.,376,Create a function that computes the nth hexagonal number.,0.8521072268486023,20,,
429,Create a function that identifies the longest sublist from a collection of nested lists.,540,Create a function that determines the length of the longest sublist within a list of sublists.,0.951845109462738,1,,
429,Create a function that identifies the longest sublist from a collection of nested lists.,449,Create a function that determines which list in a collection of lists is the longest.,0.9347821474075317,2,,
429,Create a function that identifies the longest sublist from a collection of nested lists.,513,Create a function that identifies the sublist with the smallest length within a list of sublists.,0.9132370352745056,3,,
429,Create a function that identifies the longest sublist from a collection of nested lists.,246,Write a python function to find the length of the longest sublists.,0.9085959196090698,4,,
429,Create a function that identifies the longest sublist from a collection of nested lists.,476,Create a function that identifies the element with the greatest length in a list.,0.9057610034942627,5,,
429,Create a function that identifies the longest sublist from a collection of nested lists.,135,Write a function to find the list of maximum length in a list of lists.,0.8931793570518494,6,,
429,Create a function that identifies the longest sublist from a collection of nested lists.,155,Write a function to find the list with maximum length.,0.8824608325958252,7,,
429,Create a function that identifies the longest sublist from a collection of nested lists.,343,Develop a Python function to return the length of the shortest list among a list of lists.,0.8685340285301208,8,,
429,Create a function that identifies the longest sublist from a collection of nested lists.,352,Create a function that sorts every sublist of strings within a list of lists.,0.8680323362350464,9,,
429,Create a function that identifies the longest sublist from a collection of nested lists.,482,Create a function that tallies the number of sublists that include a specific element.,0.8672283887863159,10,,
429,Create a function that identifies the longest sublist from a collection of nested lists.,547,Create a function that arranges the strings in each sublist of a list of lists.,0.8664870262145996,11,,
429,Create a function that identifies the longest sublist from a collection of nested lists.,219,Write a python function to find the sublist having minimum length.,0.8662969470024109,12,,
429,Create a function that identifies the longest sublist from a collection of nested lists.,538,Create a function that calculates the sum of the largest contiguous subarray within a given list.,0.8634299635887146,13,,
429,Create a function that identifies the longest sublist from a collection of nested lists.,516,Create a function that retrieves the initial element from each sublist in a list of sublists.,0.8622224926948547,14,,
429,Create a function that identifies the longest sublist from a collection of nested lists.,506,Create a function that retrieves strings of a certain length from a list.,0.861703634262085,15,,
429,Create a function that identifies the longest sublist from a collection of nested lists.,182,Write a python function to find element of a list having maximum length.,0.8608430624008179,16,,
429,Create a function that identifies the longest sublist from a collection of nested lists.,500,Create a function that identifies the largest negative number in a list.,0.8588433265686035,17,,
429,Create a function that identifies the longest sublist from a collection of nested lists.,244,Write a function to find the sum of the largest contiguous sublist in the given list.,0.8587498664855957,18,,
429,Create a function that identifies the longest sublist from a collection of nested lists.,453,Create a function that transforms multiple lists into a nested dictionary structure.,0.8536872267723083,19,,
429,Create a function that identifies the longest sublist from a collection of nested lists.,321,Create a function that verifies if a sublist exists within a list.,0.8531568050384521,20,,
430,Implement a function to calculate how many ways we can paint n fence posts using k colors where no more than 2 consecutive posts can be the same color.,136,Write a function to find out the number of ways of painting the fence such that at most 2 adjacent posts have the same color for the given fence with n posts and k colors.,0.9497172832489014,1,,
430,Implement a function to calculate how many ways we can paint n fence posts using k colors where no more than 2 consecutive posts can be the same color.,144,Write a function to find the count of all binary sequences of length 2n such that sum of first n bits is same as sum of last n bits.,0.7957460880279541,2,,
430,Implement a function to calculate how many ways we can paint n fence posts using k colors where no more than 2 consecutive posts can be the same color.,450,Create a function to determine the maximum power of two that does not exceed the input number n.,0.7904780507087708,3,,
430,Implement a function to calculate how many ways we can paint n fence posts using k colors where no more than 2 consecutive posts can be the same color.,356,Create a Python function that counts the number of ones in the first n positions of a binary string.,0.7877302169799805,4,,
430,Implement a function to calculate how many ways we can paint n fence posts using k colors where no more than 2 consecutive posts can be the same color.,587,Create a function that counts the number of indices at which two lists have the same value.,0.7860060930252075,5,,
430,Implement a function to calculate how many ways we can paint n fence posts using k colors where no more than 2 consecutive posts can be the same color.,438,Calculate the number of binary sequences of length 2n with equal sums of the first n and last n bits.,0.7842810153961182,6,,
430,Implement a function to calculate how many ways we can paint n fence posts using k colors where no more than 2 consecutive posts can be the same color.,427,Create a function that finds the maximum sum of a contiguous subarray in an array formed by repeating the original array k times.,0.7826513051986694,7,,
430,Implement a function to calculate how many ways we can paint n fence posts using k colors where no more than 2 consecutive posts can be the same color.,173,Write a function to find k number of smallest pairs which consist of one element from the first array and one element from the second array.,0.7810022830963135,8,,
430,Implement a function to calculate how many ways we can paint n fence posts using k colors where no more than 2 consecutive posts can be the same color.,390,"Create a function that sums n, n-2, n-4, and so on, stopping when the result is less than or equal to zero.",0.7809469699859619,9,,
430,Implement a function to calculate how many ways we can paint n fence posts using k colors where no more than 2 consecutive posts can be the same color.,248,Write a python function which takes a list of integers and counts the number of possible unordered pairs where both elements are unequal.,0.7803374528884888,10,,
430,Implement a function to calculate how many ways we can paint n fence posts using k colors where no more than 2 consecutive posts can be the same color.,467,Create a function that identifies k smallest pairs formed by elements from two arrays.,0.7800604104995728,11,,
430,Implement a function to calculate how many ways we can paint n fence posts using k colors where no more than 2 consecutive posts can be the same color.,133,Write a function to find the largest sum of a contiguous array in the modified array which is formed by repeating the given array k times.,0.7796931266784668,12,,
430,Implement a function to calculate how many ways we can paint n fence posts using k colors where no more than 2 consecutive posts can be the same color.,542,Create a function that counts the number of unordered pairs in a list of integers where the two integers are different.,0.7796456813812256,13,,
430,Implement a function to calculate how many ways we can paint n fence posts using k colors where no more than 2 consecutive posts can be the same color.,91,Write a function to count number items that are identical in the same position of three given lists.,0.7777901887893677,14,,
430,Implement a function to calculate how many ways we can paint n fence posts using k colors where no more than 2 consecutive posts can be the same color.,378,Create a Python function to determine if a number can be written as a sum of non-zero powers of two.,0.7775689363479614,15,,
430,Implement a function to calculate how many ways we can paint n fence posts using k colors where no more than 2 consecutive posts can be the same color.,395,Develop a function that returns how many times a specific number appears in a list.,0.7757977247238159,16,,
430,Implement a function to calculate how many ways we can paint n fence posts using k colors where no more than 2 consecutive posts can be the same color.,424,Develop a function that checks if the frequency of each digit in an integer n does not exceed the value of the digit.,0.7755606770515442,17,,
430,Implement a function to calculate how many ways we can paint n fence posts using k colors where no more than 2 consecutive posts can be the same color.,385,Develop a function that counts how many items are the same at the same index in three lists.,0.7752671837806702,18,,
430,Implement a function to calculate how many ways we can paint n fence posts using k colors where no more than 2 consecutive posts can be the same color.,428,Develop a function that calculates the sum of squares of the first n even natural numbers.,0.7748785018920898,19,,
430,Implement a function to calculate how many ways we can paint n fence posts using k colors where no more than 2 consecutive posts can be the same color.,324,Create a Python function to determine if a number can be written as the difference of two squares.,0.774647057056427,20,,
433,Write a function to determine the highest integer value in a mixed list of data types.,139,Write a function to find the maximum value in a given heterogeneous list.,0.8935820460319519,1,,
433,Write a function to determine the highest integer value in a mixed list of data types.,474,Create a function that identifies the pair of integers in an array that yields the highest product.,0.8785816431045532,2,,
433,Write a function to determine the highest integer value in a mixed list of data types.,500,Create a function that identifies the largest negative number in a list.,0.8661144375801086,3,,
433,Write a function to determine the highest integer value in a mixed list of data types.,202,Write a function to join a list of multiple integers into a single integer.,0.8632838726043701,4,,
433,Write a function to determine the highest integer value in a mixed list of data types.,180,Write a python function to find a pair with highest product from a given array of integers.,0.8611668944358826,5,,
433,Write a function to determine the highest integer value in a mixed list of data types.,175,Write a function to find the minimum value in a given heterogeneous list.,0.8605644702911377,6,,
433,Write a function to determine the highest integer value in a mixed list of data types.,563,Create a function that calculates the difference between the maximum and minimum values in a list.,0.8582392334938049,7,,
433,Write a function to determine the highest integer value in a mixed list of data types.,78,Write a function to find the item with maximum frequency in a given list.,0.8563644886016846,8,,
433,Write a function to determine the highest integer value in a mixed list of data types.,70,Write a function to find the maximum absolute product between numbers in pairs of tuples within a given list.,0.8551405668258667,9,,
433,Write a function to determine the highest integer value in a mixed list of data types.,143,Write a function to calculate the maximum aggregate from the list of tuples.,0.8545063138008118,10,,
433,Write a function to determine the highest integer value in a mixed list of data types.,16,Write a python function to find the largest number that can be formed with the given list of digits.,0.8532381653785706,11,,
433,Write a function to determine the highest integer value in a mixed list of data types.,135,Write a function to find the list of maximum length in a list of lists.,0.8496420979499817,12,,
433,Write a function to determine the highest integer value in a mixed list of data types.,2,"Write a function to find the n largest integers from a given list of numbers, returned in descending order.",0.8486123085021973,13,,
433,Write a function to determine the highest integer value in a mixed list of data types.,310,Develop a Python function that constructs the biggest number possible from a list of digits.,0.8482794165611267,14,,
433,Write a function to determine the highest integer value in a mixed list of data types.,496,Create a function that concatenates multiple integers from a list into one single integer.,0.8476977944374084,15,,
433,Write a function to determine the highest integer value in a mixed list of data types.,529,Create a function that computes the sum of the maximum and minimum values in an array.,0.8461712002754211,16,,
433,Write a function to determine the highest integer value in a mixed list of data types.,165,Write a function to compute the sum of digits of each number of a given list.,0.8454253077507019,17,,
433,Write a function to determine the highest integer value in a mixed list of data types.,224,Write a function to find all possible combinations of the elements of a given list.,0.843299150466919,18,,
433,Write a function to determine the highest integer value in a mixed list of data types.,151,Write a python function to find the maximum of two numbers.,0.8431829214096069,19,,
433,Write a function to determine the highest integer value in a mixed list of data types.,459,Create a function that calculates the sum of digits for every number in a list.,0.8404273986816406,20,,
434,Create a function that calculates the total sum of all divisors of a given number.,140,Write a function to return the sum of all divisors of a number.,0.9627499580383301,1,,
434,Create a function that calculates the total sum of all divisors of a given number.,368,Create a Python function that returns the sum of all common divisors of two numbers.,0.9192283749580383,2,,
434,Create a function that calculates the total sum of all divisors of a given number.,509,Create a function that computes the sum of all even factors of a given number.,0.9183847904205322,3,,
434,Create a function that calculates the total sum of all divisors of a given number.,459,Create a function that calculates the sum of digits for every number in a list.,0.9107341766357422,4,,
434,Create a function that calculates the total sum of all divisors of a given number.,165,Write a function to compute the sum of digits of each number of a given list.,0.9041098356246948,5,,
434,Create a function that calculates the total sum of all divisors of a given number.,344,Create a Python function that counts how many divisors a given integer has.,0.9013509154319763,6,,
434,Create a function that calculates the total sum of all divisors of a given number.,98,Write a function to determine if the sum of the divisors of two integers are the same.,0.8968279957771301,7,,
434,Create a function that calculates the total sum of all divisors of a given number.,74,Write a python function to find the sum of common divisors of two given numbers.,0.8965553641319275,8,,
434,Create a function that calculates the total sum of all divisors of a given number.,50,Write a python function to find the number of divisors of a given integer.,0.8965142965316772,9,,
434,Create a function that calculates the total sum of all divisors of a given number.,392,Create a function that checks if two numbers have the same sum of divisors.,0.8953437805175781,10,,
434,Create a function that calculates the total sum of all divisors of a given number.,544,Create a function that computes the sum of all digits in a non-negative integer.,0.8948390483856201,11,,
434,Create a function that calculates the total sum of all divisors of a given number.,365,Develop a function that calculates the sum of all amicable numbers up to a given limit.,0.8810653686523438,12,,
434,Create a function that calculates the total sum of all divisors of a given number.,81,Write a function to calculate the sum of the negative numbers of a given list of numbers.,0.8780121207237244,13,,
434,Create a function that calculates the total sum of all divisors of a given number.,375,Develop a function that sums all negative numbers in a list.,0.8762620687484741,14,,
434,Create a function that calculates the total sum of all divisors of a given number.,183,Write a function to round every number of a given list of numbers and print the total sum multiplied by the length of the list.,0.8683333396911621,15,,
434,Create a function that calculates the total sum of all divisors of a given number.,211,Write a function to calculate the sum of perrin numbers.,0.8682466745376587,16,,
434,Create a function that calculates the total sum of all divisors of a given number.,52,Write a function to multiply all the numbers in a list and divide with the length of the list.,0.8661539554595947,17,,
434,Create a function that calculates the total sum of all divisors of a given number.,549,Create a function that computes the product of all unique numbers in a list.,0.8641839623451233,18,,
434,Create a function that calculates the total sum of all divisors of a given number.,71,Write a function to sum all amicable numbers from 1 to a specified number.,0.8637933731079102,19,,
434,Create a function that calculates the total sum of all divisors of a given number.,477,"Create a function that rounds each number in a list, then returns the total sum multiplied by the list's length.",0.8625980019569397,20,,
436,Create a function that flattens a nested list into a single list with all the values.,317,Create a function that flattens a nested list and computes the total sum of its elements.,0.927202582359314,1,,
436,Create a function that flattens a nested list into a single list with all the values.,90,Write a function to flatten the list of lists into a single set of numbers.,0.9256702661514282,2,,
436,Create a function that flattens a nested list into a single list with all the values.,23,Write a function to flatten a list and sum all of its elements.,0.9117329120635986,3,,
436,Create a function that flattens a nested list into a single list with all the values.,142,Write a function to flatten a given nested list structure.,0.9109851121902466,4,,
436,Create a function that flattens a nested list into a single list with all the values.,384,Create a function that merges all numbers from a list of lists into a single set.,0.8963292837142944,5,,
436,Create a function that flattens a nested list into a single list with all the values.,357,Develop a function that returns the elements shared by all nested lists.,0.8808243274688721,6,,
436,Create a function that flattens a nested list into a single list with all the values.,354,Create a function that appends all elements of a list to a tuple.,0.8795511722564697,7,,
436,Create a function that flattens a nested list into a single list with all the values.,496,Create a function that concatenates multiple integers from a list into one single integer.,0.8790173530578613,8,,
436,Create a function that flattens a nested list into a single list with all the values.,553,Create a function that merges three lists of equal length into one flat list by alternating their elements.,0.8754928112030029,9,,
436,Create a function that flattens a nested list into a single list with all the values.,345,Develop a function that flattens a list of lists and returns a dictionary with the frequency of each element.,0.8724614381790161,10,,
436,Create a function that flattens a nested list into a single list with all the values.,453,Create a function that transforms multiple lists into a nested dictionary structure.,0.8669362664222717,11,,
436,Create a function that flattens a nested list into a single list with all the values.,374,Create a function that concatenates all elements of a tuple into a single string.,0.865793764591217,12,,
436,Create a function that flattens a nested list into a single list with all the values.,518,Create a function that generates all possible combinations of elements from a given list.,0.8641742467880249,13,,
436,Create a function that flattens a nested list into a single list with all the values.,61,Write a function to merge three lists into a single sorted list.,0.8639761209487915,14,,
436,Create a function that flattens a nested list into a single list with all the values.,346,Create a function that multiplies all elements in a list and divides the result by the list's length.,0.8630396723747253,15,,
436,Create a function that flattens a nested list into a single list with all the values.,452,Create a function that formats every element of a list using a provided string template.,0.8630291223526001,16,,
436,Create a function that flattens a nested list into a single list with all the values.,352,Create a function that sorts every sublist of strings within a list of lists.,0.8627675175666809,17,,
436,Create a function that flattens a nested list into a single list with all the values.,299,Create a function that computes the square of each element in a list.,0.8618162870407104,18,,
436,Create a function that flattens a nested list into a single list with all the values.,259,Write a python function to interleave 3 lists of the same length into a single flat list.,0.8611689209938049,19,,
436,Create a function that flattens a nested list into a single list with all the values.,504,Create a function that computes the cube of each element in a list.,0.860857367515564,20,,
437,Determine the highest total score from a list of student score tuples.,143,Write a function to calculate the maximum aggregate from the list of tuples.,0.8614541292190552,1,,
437,Determine the highest total score from a list of student score tuples.,364,Create a function that finds the largest absolute product among all pairs in a list of tuples.,0.8312033414840698,2,,
437,Determine the highest total score from a list of student score tuples.,70,Write a function to find the maximum absolute product between numbers in pairs of tuples within a given list.,0.8288476467132568,3,,
437,Determine the highest total score from a list of student score tuples.,315,Create a function that returns the largest difference among pairs in a list of tuples.,0.8239504098892212,4,,
437,Determine the highest total score from a list of student score tuples.,167,Write a function to extract the number of unique tuples in the given list.,0.8119609355926514,5,,
437,Determine the highest total score from a list of student score tuples.,468,Create a function that determines the lowest product obtainable from tuple pairs in a list.,0.8113691806793213,6,,
437,Determine the highest total score from a list of student score tuples.,433,Write a function to determine the highest integer value in a mixed list of data types.,0.8094533681869507,7,,
437,Determine the highest total score from a list of student score tuples.,415,Develop a function that extracts the last element from each tuple in a list.,0.80770343542099,8,,
437,Determine the highest total score from a list of student score tuples.,92,Write a function to find number of lists present in the given tuple.,0.8067528009414673,9,,
437,Determine the highest total score from a list of student score tuples.,461,Create a function that determines the count of unique tuples within a list.,0.8055310845375061,10,,
437,Determine the highest total score from a list of student score tuples.,21,Write a function to find the maximum difference between available pairs in the given tuple list.,0.8048374652862549,11,,
437,Determine the highest total score from a list of student score tuples.,22,Write a function to sort a list of tuples using the second value of each tuple.,0.8006470203399658,12,,
437,Determine the highest total score from a list of student score tuples.,174,Write a function to find the minimum product from the pairs of tuples within a given list.,0.8002501726150513,13,,
437,Determine the highest total score from a list of student score tuples.,503,Create a function that tallies the occurrences of each list element in a tuple.,0.7991008758544922,14,,
437,Determine the highest total score from a list of student score tuples.,386,Create a function that returns the count of lists inside a given tuple.,0.7984890937805176,15,,
437,Determine the highest total score from a list of student score tuples.,139,Write a function to find the maximum value in a given heterogeneous list.,0.7976832389831543,16,,
437,Determine the highest total score from a list of student score tuples.,209,Write a python function to count the occurence of all elements of list in a tuple.,0.7953107357025146,17,,
437,Determine the highest total score from a list of student score tuples.,538,Create a function that calculates the sum of the largest contiguous subarray within a given list.,0.7952533960342407,18,,
437,Determine the highest total score from a list of student score tuples.,178,Write a function to extract the nth element from a given list of tuples.,0.795198380947113,19,,
437,Determine the highest total score from a list of student score tuples.,180,Write a python function to find a pair with highest product from a given array of integers.,0.7946292161941528,20,,
441,Find and return two words from a list that both start with the letter 'p'.,147,Write a function to return two words from a list of words starting with letter 'p'.,0.9405956864356995,1,,
441,Find and return two words from a list that both start with the letter 'p'.,76,Write a function to find words that are longer than n characters from a given list of words.,0.8035888671875,2,,
441,Find and return two words from a list that both start with the letter 'p'.,510,Create a function that identifies words with the letter 'z' in them.,0.7943776249885559,3,,
441,Find and return two words from a list that both start with the letter 'p'.,294,Create a function that returns the elements found in both of the provided lists.,0.7928937673568726,4,,
441,Find and return two words from a list that both start with the letter 'p'.,406,Create a function that splits a list into two at a given index L and returns both parts as a tuple.,0.7840718030929565,5,,
441,Find and return two words from a list that both start with the letter 'p'.,370,Create a function that returns all words longer than n characters from a string.,0.7834069728851318,6,,
441,Find and return two words from a list that both start with the letter 'p'.,216,Write a function that matches a word containing 'z'.,0.7758102416992188,7,,
441,Find and return two words from a list that both start with the letter 'p'.,282,Write a python function to find the first repeated character in a given string.,0.7753185033798218,8,,
441,Find and return two words from a list that both start with the letter 'p'.,0,Write a function to find the shared elements from the given two lists.,0.7748371362686157,9,,
441,Find and return two words from a list that both start with the letter 'p'.,194,Write a function that takes two lists and returns true if they have at least one common element.,0.7721971273422241,10,,
441,Find and return two words from a list that both start with the letter 'p'.,289,"Write a python function which takes a list and returns a list with the same elements, but the k'th element removed.",0.77116459608078,11,,
441,Find and return two words from a list that both start with the letter 'p'.,112,"Write a function that takes in a list and an integer n and splits the given list into two parts where the length of the first part of the list is L, and returns the resulting lists in a tuple.",0.7710780501365662,12,,
441,Find and return two words from a list that both start with the letter 'p'.,169,Write a python function to find the minimum of two numbers.,0.7699804306030273,13,,
441,Find and return two words from a list that both start with the letter 'p'.,173,Write a function to find k number of smallest pairs which consist of one element from the first array and one element from the second array.,0.7676600217819214,14,,
441,Find and return two words from a list that both start with the letter 'p'.,245,Write a function to find the union of the elements of two given tuples and output them in sorted order.,0.7665707468986511,15,,
441,Find and return two words from a list that both start with the letter 'p'.,87,Write a python function to find the smallest power of 2 greater than or equal to n.,0.7665619254112244,16,,
441,Find and return two words from a list that both start with the letter 'p'.,284,Write a function to reverse words seperated by spaces in a given string.,0.766008198261261,17,,
441,Find and return two words from a list that both start with the letter 'p'.,278,Write a function to find kth element from the given two sorted arrays.,0.7655507326126099,18,,
441,Find and return two words from a list that both start with the letter 'p'.,156,Write a python function to find the highest power of 2 that is less than or equal to n.,0.7653651833534241,19,,
441,Find and return two words from a list that both start with the letter 'p'.,12,Write a function to remove characters from the first string which are present in the second string.,0.7649674415588379,20,,
443,"Create a function that adds a specified element to a specific position in a tuple, returning the modified tuple.",562,Create a function that changes a list into a tuple.,0.8837554454803467,1,,
443,"Create a function that adds a specified element to a specific position in a tuple, returning the modified tuple.",416,Create a function that subtracts corresponding elements of two tuples and returns the result as a tuple.,0.8810111880302429,2,,
443,"Create a function that adds a specified element to a specific position in a tuple, returning the modified tuple.",168,Write a function to perform index wise addition of tuple elements in the given two nested tuples.,0.8774800896644592,3,,
443,"Create a function that adds a specified element to a specific position in a tuple, returning the modified tuple.",462,Create a function that adds together elements of two nested tuples at the same index.,0.8760956525802612,4,,
443,"Create a function that adds a specified element to a specific position in a tuple, returning the modified tuple.",354,Create a function that appends all elements of a list to a tuple.,0.8728514909744263,5,,
443,"Create a function that adds a specified element to a specific position in a tuple, returning the modified tuple.",479,Create a function that concatenates the elements of a tuple using a specified delimiter.,0.8714903593063354,6,,
443,"Create a function that adds a specified element to a specific position in a tuple, returning the modified tuple.",121,Write a function that takes in a list of tuples and returns a list containing the rear element of each tuple.,0.868675708770752,7,,
443,"Create a function that adds a specified element to a specific position in a tuple, returning the modified tuple.",472,Create a function that retrieves the nth element from each tuple in a list of tuples.,0.8681715130805969,8,,
443,"Create a function that adds a specified element to a specific position in a tuple, returning the modified tuple.",486,Create a function that retrieves the element-wise AND results of two tuples.,0.8677805066108704,9,,
443,"Create a function that adds a specified element to a specific position in a tuple, returning the modified tuple.",60,Write a function to append the given list to the given tuples.,0.8667246699333191,10,,
443,"Create a function that adds a specified element to a specific position in a tuple, returning the modified tuple.",464,Create a function that verifies the existence of an element in a tuple.,0.8639751672744751,11,,
443,"Create a function that adds a specified element to a specific position in a tuple, returning the modified tuple.",539,Create a function that determines the union of two tuples' elements and returns them in sorted order.,0.8618083000183105,12,,
443,"Create a function that adds a specified element to a specific position in a tuple, returning the modified tuple.",502,Create a function that multiplies elements of two tuples at the same index together.,0.8543875217437744,13,,
443,"Create a function that adds a specified element to a specific position in a tuple, returning the modified tuple.",229,Write a function to find the pairwise addition of the neighboring elements of the given tuple.,0.8536244034767151,14,,
443,"Create a function that adds a specified element to a specific position in a tuple, returning the modified tuple.",446,Develop a function to transform a string into a tuple where each character is an element.,0.8533644676208496,15,,
443,"Create a function that adds a specified element to a specific position in a tuple, returning the modified tuple.",127,Write a function that takes in an array and element and returns a tuple containing a boolean that indicates if the element is in the array and the index position of the element (or -1 if the element is not found).,0.8532264828681946,16,,
443,"Create a function that adds a specified element to a specific position in a tuple, returning the modified tuple.",475,Create a function that identifies the shared first element in a list of tuples.,0.8520152568817139,17,,
443,"Create a function that adds a specified element to a specific position in a tuple, returning the modified tuple.",523,Create a function that computes the pairwise sum of adjacent elements in a tuple.,0.8519971370697021,18,,
443,"Create a function that adds a specified element to a specific position in a tuple, returning the modified tuple.",386,Create a function that returns the count of lists inside a given tuple.,0.8502919673919678,19,,
443,"Create a function that adds a specified element to a specific position in a tuple, returning the modified tuple.",170,Write a function to check whether an element exists within a tuple.,0.8502136468887329,20,,
450,Create a function to determine the maximum power of two that does not exceed the input number n.,156,Write a python function to find the highest power of 2 that is less than or equal to n.,0.9096252918243408,1,,
450,Create a function to determine the maximum power of two that does not exceed the input number n.,87,Write a python function to find the smallest power of 2 greater than or equal to n.,0.8969619870185852,2,,
450,Create a function to determine the maximum power of two that does not exceed the input number n.,381,Create a Python function to determine the smallest power of 2 that is greater than or equal to a given number.,0.879901111125946,3,,
450,Create a function to determine the maximum power of two that does not exceed the input number n.,337,Develop a function that returns the largest integer less than a given number n.,0.8772277235984802,4,,
450,Create a function to determine the maximum power of two that does not exceed the input number n.,151,Write a python function to find the maximum of two numbers.,0.8739479184150696,5,,
450,Create a function to determine the maximum power of two that does not exceed the input number n.,378,Create a Python function to determine if a number can be written as a sum of non-zero powers of two.,0.8678910732269287,6,,
450,Create a function to determine the maximum power of two that does not exceed the input number n.,445,Create a function that returns the larger of two given numbers.,0.8536497354507446,7,,
450,Create a function to determine the maximum power of two that does not exceed the input number n.,169,Write a python function to find the minimum of two numbers.,0.8527541160583496,8,,
450,Create a function to determine the maximum power of two that does not exceed the input number n.,43,Write a function to find the closest smaller number than n.,0.8494585752487183,9,,
450,Create a function to determine the maximum power of two that does not exceed the input number n.,84,Write a python function to check whether the given number can be represented as sum of non-zero powers of 2 or not.,0.8477897047996521,10,,
450,Create a function to determine the maximum power of two that does not exceed the input number n.,424,Develop a function that checks if the frequency of each digit in an integer n does not exceed the value of the digit.,0.8477327227592468,11,,
450,Create a function to determine the maximum power of two that does not exceed the input number n.,474,Create a function that identifies the pair of integers in an array that yields the highest product.,0.8405792713165283,12,,
450,Create a function to determine the maximum power of two that does not exceed the input number n.,463,Create a function that identifies the smaller of two given numbers.,0.8383435010910034,13,,
450,Create a function to determine the maximum power of two that does not exceed the input number n.,70,Write a function to find the maximum absolute product between numbers in pairs of tuples within a given list.,0.8369725942611694,14,,
450,Create a function to determine the maximum power of two that does not exceed the input number n.,388,"Create a function that finds integers x and y such that ax plus by equals n, or returns None if not possible.",0.8343067169189453,15,,
450,Create a function to determine the maximum power of two that does not exceed the input number n.,390,"Create a function that sums n, n-2, n-4, and so on, stopping when the result is less than or equal to zero.",0.8340835571289062,16,,
450,Create a function to determine the maximum power of two that does not exceed the input number n.,500,Create a function that identifies the largest negative number in a list.,0.8337782621383667,17,,
450,Create a function to determine the maximum power of two that does not exceed the input number n.,444,Determine the N largest products that can be made by multiplying a number from each of two lists.,0.8303102850914001,18,,
450,Create a function to determine the maximum power of two that does not exceed the input number n.,75,Write a function to multiply two integers.,0.8296995759010315,19,,
450,Create a function to determine the maximum power of two that does not exceed the input number n.,563,Create a function that calculates the difference between the maximum and minimum values in a list.,0.8295904397964478,20,,
451,Create a function that calculates and returns the lucas number at position n in the sequence.,157,Write a function to find the n'th lucas number.,0.9065796136856079,1,,
451,Create a function that calculates and returns the lucas number at position n in the sequence.,332,Create a function to compute the nth value in the Newman-Conway sequence.,0.8570287227630615,2,,
451,Create a function that calculates and returns the lucas number at position n in the sequence.,558,Create a function that computes the nth Catalan number.,0.8479466438293457,3,,
451,Create a function that calculates and returns the lucas number at position n in the sequence.,420,Implement a function that returns the nth decagonal number.,0.8425739407539368,4,,
451,Create a function that calculates and returns the lucas number at position n in the sequence.,38,Write a function to find the nth number in the newman conway sequence.,0.8411635756492615,5,,
451,Create a function that calculates and returns the lucas number at position n in the sequence.,411,Develop a function that computes the nth star number.,0.8409099578857422,6,,
451,Create a function that calculates and returns the lucas number at position n in the sequence.,334,Create a function that returns the nth centered hexagonal number.,0.840247392654419,7,,
451,Create a function that calculates and returns the lucas number at position n in the sequence.,264,Write a function which returns nth catalan number.,0.8395916819572449,8,,
451,Create a function that calculates and returns the lucas number at position n in the sequence.,376,Create a function that computes the nth hexagonal number.,0.8393846154212952,9,,
451,Create a function that calculates and returns the lucas number at position n in the sequence.,351,Develop a function to compute the Eulerian number for given n and m.,0.8389421701431274,10,,
451,Create a function that calculates and returns the lucas number at position n in the sequence.,356,Create a Python function that counts the number of ones in the first n positions of a binary string.,0.8360996246337891,11,,
451,Create a function that calculates and returns the lucas number at position n in the sequence.,478,Create a function that calculates the cube sum of the initial n even natural numbers.,0.8357201814651489,12,,
451,Create a function that calculates and returns the lucas number at position n in the sequence.,582,Create a function that computes the nth Bell number.,0.8354068994522095,13,,
451,Create a function that calculates and returns the lucas number at position n in the sequence.,401,Develop a function that returns the count of 1s in the binary representation of a number.,0.8347671627998352,14,,
451,Create a function that calculates and returns the lucas number at position n in the sequence.,366,Create a function that returns the phase angle of a complex number.,0.8341007232666016,15,,
451,Create a function that calculates and returns the lucas number at position n in the sequence.,117,Write a function to find the n'th star number.,0.833747148513794,16,,
451,Create a function that calculates and returns the lucas number at position n in the sequence.,126,Write a function to find the nth decagonal number.,0.8325052261352539,17,,
451,Create a function that calculates and returns the lucas number at position n in the sequence.,312,Implement a function that calculates the nth octagonal number.,0.8323375582695007,18,,
451,Create a function that calculates and returns the lucas number at position n in the sequence.,447,"Create a function that sets the leftmost unset bit in a number, returning the new number.",0.831174373626709,19,,
451,Create a function that calculates and returns the lucas number at position n in the sequence.,480,Create a function that calculates the average value of the cubes of the first n natural numbers.,0.8296815156936646,20,,
454,"Create a function that calculates the highest possible sum using the formula f(n) = max( (f(n/2) + f(n/3) + f(n/4) + f(n/5)), n).",160,"Write a function to find the maximum sum possible by using the given equation f(n) = max( (f(n/2) + f(n/3) + f(n/4) + f(n/5)), n).",0.9713245630264282,1,,
454,"Create a function that calculates the highest possible sum using the formula f(n) = max( (f(n/2) + f(n/3) + f(n/4) + f(n/5)), n).",96,"Write a function to calculate the sum (n - 2*i) from i=0 to n // 2, for instance n + (n-2) + (n-4)... (until n-x =< 0).",0.8515877723693848,2,,
454,"Create a function that calculates the highest possible sum using the formula f(n) = max( (f(n/2) + f(n/3) + f(n/4) + f(n/5)), n).",529,Create a function that computes the sum of the maximum and minimum values in an array.,0.8447426557540894,3,,
454,"Create a function that calculates the highest possible sum using the formula f(n) = max( (f(n/2) + f(n/3) + f(n/4) + f(n/5)), n).",390,"Create a function that sums n, n-2, n-4, and so on, stopping when the result is less than or equal to zero.",0.8438882827758789,4,,
454,"Create a function that calculates the highest possible sum using the formula f(n) = max( (f(n/2) + f(n/3) + f(n/4) + f(n/5)), n).",574,Create a function that calculates both the sum and the average of the first n natural numbers.,0.8289963006973267,5,,
454,"Create a function that calculates the highest possible sum using the formula f(n) = max( (f(n/2) + f(n/3) + f(n/4) + f(n/5)), n).",337,Develop a function that returns the largest integer less than a given number n.,0.826218843460083,6,,
454,"Create a function that calculates the highest possible sum using the formula f(n) = max( (f(n/2) + f(n/3) + f(n/4) + f(n/5)), n).",120,Write a python function that takes in an integer n and finds the sum of the first n even natural numbers that are raised to the fifth power.,0.8260665535926819,7,,
454,"Create a function that calculates the highest possible sum using the formula f(n) = max( (f(n/2) + f(n/3) + f(n/4) + f(n/5)), n).",450,Create a function to determine the maximum power of two that does not exceed the input number n.,0.825896680355072,8,,
454,"Create a function that calculates the highest possible sum using the formula f(n) = max( (f(n/2) + f(n/3) + f(n/4) + f(n/5)), n).",538,Create a function that calculates the sum of the largest contiguous subarray within a given list.,0.8229330778121948,9,,
454,"Create a function that calculates the highest possible sum using the formula f(n) = max( (f(n/2) + f(n/3) + f(n/4) + f(n/5)), n).",414,Create a Python function that calculates the sum of the fifth powers of the first n even natural numbers.,0.8229278326034546,10,,
454,"Create a function that calculates the highest possible sum using the formula f(n) = max( (f(n/2) + f(n/3) + f(n/4) + f(n/5)), n).",584,"Create a function that finds a path through a cost matrix (N*N) with the highest average value, starting from the top-left and ending at the bottom-right, only moving right or down.",0.8221701383590698,11,,
454,"Create a function that calculates the highest possible sum using the formula f(n) = max( (f(n/2) + f(n/3) + f(n/4) + f(n/5)), n).",509,Create a function that computes the sum of all even factors of a given number.,0.8221506476402283,12,,
454,"Create a function that calculates the highest possible sum using the formula f(n) = max( (f(n/2) + f(n/3) + f(n/4) + f(n/5)), n).",228,Write a function to find the maximum product formed by multiplying numbers of an increasing subsequence of that array.,0.8201098442077637,13,,
454,"Create a function that calculates the highest possible sum using the formula f(n) = max( (f(n/2) + f(n/3) + f(n/4) + f(n/5)), n).",280,Write a function to find sum and average of first n natural numbers.,0.8179256916046143,14,,
454,"Create a function that calculates the highest possible sum using the formula f(n) = max( (f(n/2) + f(n/3) + f(n/4) + f(n/5)), n).",428,Develop a function that calculates the sum of squares of the first n even natural numbers.,0.8178049325942993,15,,
454,"Create a function that calculates the highest possible sum using the formula f(n) = max( (f(n/2) + f(n/3) + f(n/4) + f(n/5)), n).",478,Create a function that calculates the cube sum of the initial n even natural numbers.,0.8174973726272583,16,,
454,"Create a function that calculates the highest possible sum using the formula f(n) = max( (f(n/2) + f(n/3) + f(n/4) + f(n/5)), n).",143,Write a function to calculate the maximum aggregate from the list of tuples.,0.8173497915267944,17,,
454,"Create a function that calculates the highest possible sum using the formula f(n) = max( (f(n/2) + f(n/3) + f(n/4) + f(n/5)), n).",434,Create a function that calculates the total sum of all divisors of a given number.,0.8155224323272705,18,,
454,"Create a function that calculates the highest possible sum using the formula f(n) = max( (f(n/2) + f(n/3) + f(n/4) + f(n/5)), n).",560,Create a function that retrieves the n items with the highest price from a dataset.,0.8153064250946045,19,,
454,"Create a function that calculates the highest possible sum using the formula f(n) = max( (f(n/2) + f(n/3) + f(n/4) + f(n/5)), n).",365,Develop a function that calculates the sum of all amicable numbers up to a given limit.,0.8147793412208557,20,,
459,Create a function that calculates the sum of digits for every number in a list.,165,Write a function to compute the sum of digits of each number of a given list.,0.9775106906890869,1,,
459,Create a function that calculates the sum of digits for every number in a list.,544,Create a function that computes the sum of all digits in a non-negative integer.,0.9209905862808228,2,,
459,Create a function that calculates the sum of digits for every number in a list.,375,Develop a function that sums all negative numbers in a list.,0.9136589169502258,3,,
459,Create a function that calculates the sum of digits for every number in a list.,434,Create a function that calculates the total sum of all divisors of a given number.,0.9107341766357422,4,,
459,Create a function that calculates the sum of digits for every number in a list.,477,"Create a function that rounds each number in a list, then returns the total sum multiplied by the list's length.",0.9102917909622192,5,,
459,Create a function that calculates the sum of digits for every number in a list.,549,Create a function that computes the product of all unique numbers in a list.,0.9097369313240051,6,,
459,Create a function that calculates the sum of digits for every number in a list.,183,Write a function to round every number of a given list of numbers and print the total sum multiplied by the length of the list.,0.9064027070999146,7,,
459,Create a function that calculates the sum of digits for every number in a list.,504,Create a function that computes the cube of each element in a list.,0.9013106822967529,8,,
459,Create a function that calculates the sum of digits for every number in a list.,299,Create a function that computes the square of each element in a list.,0.8998689651489258,9,,
459,Create a function that calculates the sum of digits for every number in a list.,81,Write a function to calculate the sum of the negative numbers of a given list of numbers.,0.8990848660469055,10,,
459,Create a function that calculates the sum of digits for every number in a list.,140,Write a function to return the sum of all divisors of a number.,0.8978337645530701,11,,
459,Create a function that calculates the sum of digits for every number in a list.,509,Create a function that computes the sum of all even factors of a given number.,0.8975247144699097,12,,
459,Create a function that calculates the sum of digits for every number in a list.,52,Write a function to multiply all the numbers in a list and divide with the length of the list.,0.8962838649749756,13,,
459,Create a function that calculates the sum of digits for every number in a list.,384,Create a function that merges all numbers from a list of lists into a single set.,0.8921870589256287,14,,
459,Create a function that calculates the sum of digits for every number in a list.,250,Write a function to get the sum of the digits of a non-negative integer.,0.8857866525650024,15,,
459,Create a function that calculates the sum of digits for every number in a list.,346,Create a function that multiplies all elements in a list and divides the result by the list's length.,0.8831616640090942,16,,
459,Create a function that calculates the sum of digits for every number in a list.,360,Create a function that joins all numbers in a tuple into one integer.,0.8813583254814148,17,,
459,Create a function that calculates the sum of digits for every number in a list.,101,Write a function to count the number of occurrences of a number in a given list.,0.8798069357872009,18,,
459,Create a function that calculates the sum of digits for every number in a list.,102,Write a function to find the sum of numbers in a list within a range specified by two indices.,0.8797609806060791,19,,
459,Create a function that calculates the sum of digits for every number in a list.,537,Create a function that computes the sum of differences between corresponding digits of two integers.,0.8795005083084106,20,,
463,Create a function that identifies the smaller of two given numbers.,445,Create a function that returns the larger of two given numbers.,0.9142070412635803,1,,
463,Create a function that identifies the smaller of two given numbers.,403,Develop a function that returns the smallest value among three given numbers.,0.9029070138931274,2,,
463,Create a function that identifies the smaller of two given numbers.,169,Write a python function to find the minimum of two numbers.,0.8967323303222656,3,,
463,Create a function that identifies the smaller of two given numbers.,467,Create a function that identifies k smallest pairs formed by elements from two arrays.,0.8817744255065918,4,,
463,Create a function that identifies the smaller of two given numbers.,381,Create a Python function to determine the smallest power of 2 that is greater than or equal to a given number.,0.8764690160751343,5,,
463,Create a function that identifies the smaller of two given numbers.,469,Create a function that identifies the smallest value in a heterogeneous list.,0.8762708902359009,6,,
463,Create a function that identifies the smaller of two given numbers.,537,Create a function that computes the sum of differences between corresponding digits of two integers.,0.8746654987335205,7,,
463,Create a function that identifies the smaller of two given numbers.,431,"Develop a function that calculates the quotient of two numbers, rounding down to the nearest whole number.",0.8743770718574524,8,,
463,Create a function that identifies the smaller of two given numbers.,109,Write a function to find minimum of three numbers.,0.870270848274231,9,,
463,Create a function that identifies the smaller of two given numbers.,43,Write a function to find the closest smaller number than n.,0.8690105676651001,10,,
463,Create a function that identifies the smaller of two given numbers.,369,Develop a function that multiplies two integers together.,0.8639143705368042,11,,
463,Create a function that identifies the smaller of two given numbers.,513,Create a function that identifies the sublist with the smallest length within a list of sublists.,0.8623541593551636,12,,
463,Create a function that identifies the smaller of two given numbers.,337,Develop a function that returns the largest integer less than a given number n.,0.8617366552352905,13,,
463,Create a function that identifies the smaller of two given numbers.,458,Create a function that determines the median value among three given numbers.,0.861141562461853,14,,
463,Create a function that identifies the smaller of two given numbers.,283,Write a function to get all lucid numbers smaller than or equal to a given integer.,0.8597505688667297,15,,
463,Create a function that identifies the smaller of two given numbers.,75,Write a function to multiply two integers.,0.8595277070999146,16,,
463,Create a function that identifies the smaller of two given numbers.,575,Create a function that determines if a number is even.,0.8577923774719238,17,,
463,Create a function that identifies the smaller of two given numbers.,151,Write a python function to find the maximum of two numbers.,0.8560386896133423,18,,
463,Create a function that identifies the smaller of two given numbers.,137,Write a python function to find quotient of two numbers (rounded down to the nearest integer).,0.8556963205337524,19,,
463,Create a function that identifies the smaller of two given numbers.,392,Create a function that checks if two numbers have the same sum of divisors.,0.8542451858520508,20,,
464,Create a function that verifies the existence of an element in a tuple.,170,Write a function to check whether an element exists within a tuple.,0.95648193359375,1,,
464,Create a function that verifies the existence of an element in a tuple.,455,Create a function that verifies whether a tuple has any duplicate elements.,0.9305189847946167,2,,
464,Create a function that verifies the existence of an element in a tuple.,399,Develop a function that checks whether every element in a tuple is of the same type.,0.9109970331192017,3,,
464,Create a function that verifies the existence of an element in a tuple.,503,Create a function that tallies the occurrences of each list element in a tuple.,0.8838895559310913,4,,
464,Create a function that verifies the existence of an element in a tuple.,461,Create a function that determines the count of unique tuples within a list.,0.8835368752479553,5,,
464,Create a function that verifies the existence of an element in a tuple.,161,Write a function to check if given tuple contains no duplicates.,0.8795459270477295,6,,
464,Create a function that verifies the existence of an element in a tuple.,419,Create a function that counts how many elements appear before the first tuple element in the given tuple.,0.8764103055000305,7,,
464,Create a function that verifies the existence of an element in a tuple.,475,Create a function that identifies the shared first element in a list of tuples.,0.8751152157783508,8,,
464,Create a function that verifies the existence of an element in a tuple.,125,Write a function to find the number of elements that occurs before the tuple element in the given tuple.,0.8741990327835083,9,,
464,Create a function that verifies the existence of an element in a tuple.,486,Create a function that retrieves the element-wise AND results of two tuples.,0.8738195300102234,10,,
464,Create a function that verifies the existence of an element in a tuple.,321,Create a function that verifies if a sublist exists within a list.,0.8723410367965698,11,,
464,Create a function that verifies the existence of an element in a tuple.,523,Create a function that computes the pairwise sum of adjacent elements in a tuple.,0.8701629638671875,12,,
464,Create a function that verifies the existence of an element in a tuple.,554,Create a function that identifies elements that are in either of the two tuples but not in both.,0.8698320388793945,13,,
464,Create a function that verifies the existence of an element in a tuple.,105,Write a function to check if all the elements in tuple have same data type or not.,0.8679074048995972,14,,
464,Create a function that verifies the existence of an element in a tuple.,571,Create a function that determines the byte size of a given tuple.,0.8664215803146362,15,,
464,Create a function that verifies the existence of an element in a tuple.,322,Develop a function to check if all tuples in a list have the same length.,0.8658136129379272,16,,
464,Create a function that verifies the existence of an element in a tuple.,386,Create a function that returns the count of lists inside a given tuple.,0.8641073107719421,17,,
464,Create a function that verifies the existence of an element in a tuple.,443,"Create a function that adds a specified element to a specific position in a tuple, returning the modified tuple.",0.8639751672744751,18,,
464,Create a function that verifies the existence of an element in a tuple.,354,Create a function that appends all elements of a list to a tuple.,0.8632994294166565,19,,
464,Create a function that verifies the existence of an element in a tuple.,446,Develop a function to transform a string into a tuple where each character is an element.,0.8625154495239258,20,,
466,Create a function that generates the next larger number by permuting the digits of the current number.,172,Write a function to create the next bigger number by rearranging the digits of a given number.,0.9425790309906006,1,,
466,Create a function that generates the next larger number by permuting the digits of the current number.,445,Create a function that returns the larger of two given numbers.,0.8852000832557678,2,,
466,Create a function that generates the next larger number by permuting the digits of the current number.,492,Create a function that extracts the last digit from a given number.,0.879435658454895,3,,
466,Create a function that generates the next larger number by permuting the digits of the current number.,310,Develop a Python function that constructs the biggest number possible from a list of digits.,0.8751203417778015,4,,
466,Create a function that generates the next larger number by permuting the digits of the current number.,348,Create a function that returns the next palindrome greater than a given integer.,0.873845636844635,5,,
466,Create a function that generates the next larger number by permuting the digits of the current number.,532,Create a function that extracts the first digit from a given number.,0.8654649257659912,6,,
466,Create a function that generates the next larger number by permuting the digits of the current number.,552,Create a function that determines the last digit of the factorial of a number.,0.8619346618652344,7,,
466,Create a function that generates the next larger number by permuting the digits of the current number.,16,Write a python function to find the largest number that can be formed with the given list of digits.,0.8591215014457703,8,,
466,Create a function that generates the next larger number by permuting the digits of the current number.,447,"Create a function that sets the leftmost unset bit in a number, returning the new number.",0.8565006852149963,9,,
466,Create a function that generates the next larger number by permuting the digits of the current number.,369,Develop a function that multiplies two integers together.,0.8531917333602905,10,,
466,Create a function that generates the next larger number by permuting the digits of the current number.,228,Write a function to find the maximum product formed by multiplying numbers of an increasing subsequence of that array.,0.8524702191352844,11,,
466,Create a function that generates the next larger number by permuting the digits of the current number.,337,Develop a function that returns the largest integer less than a given number n.,0.8524508476257324,12,,
466,Create a function that generates the next larger number by permuting the digits of the current number.,431,"Develop a function that calculates the quotient of two numbers, rounding down to the nearest whole number.",0.8463483452796936,13,,
466,Create a function that generates the next larger number by permuting the digits of the current number.,459,Create a function that calculates the sum of digits for every number in a list.,0.8457704782485962,14,,
466,Create a function that generates the next larger number by permuting the digits of the current number.,522,Create a function that calculates the highest product obtainable from an increasing subsequence in the array.,0.8451346158981323,15,,
466,Create a function that generates the next larger number by permuting the digits of the current number.,490,Create a function that verifies if a given number is larger than all elements in an array.,0.8383450508117676,16,,
466,Create a function that generates the next larger number by permuting the digits of the current number.,496,Create a function that concatenates multiple integers from a list into one single integer.,0.8370813131332397,17,,
466,Create a function that generates the next larger number by permuting the digits of the current number.,537,Create a function that computes the sum of differences between corresponding digits of two integers.,0.8368980884552002,18,,
466,Create a function that generates the next larger number by permuting the digits of the current number.,165,Write a function to compute the sum of digits of each number of a given list.,0.8368232250213623,19,,
466,Create a function that generates the next larger number by permuting the digits of the current number.,477,"Create a function that rounds each number in a list, then returns the total sum multiplied by the list's length.",0.8366690874099731,20,,
473,Create a function that checks for the existence of any value from one sequence in another sequence.,179,Write a python function to check whether any value in a sequence exists in a sequence or not.,0.9172489047050476,1,,
473,Create a function that checks for the existence of any value from one sequence in another sequence.,525,Create a function that verifies if a list of numbers is consecutive.,0.8757238388061523,2,,
473,Create a function that checks for the existence of any value from one sequence in another sequence.,551,Create a function that verifies if one list is a sublist of another list.,0.8682281970977783,3,,
473,Create a function that checks for the existence of any value from one sequence in another sequence.,325,Develop a function to verify if a list matches the sequence pattern provided.,0.8654565215110779,4,,
473,Create a function that checks for the existence of any value from one sequence in another sequence.,31,Write a function to check whether it follows the sequence given in the patterns array.,0.8586910367012024,5,,
473,Create a function that checks for the existence of any value from one sequence in another sequence.,321,Create a function that verifies if a sublist exists within a list.,0.8580107688903809,6,,
473,Create a function that checks for the existence of any value from one sequence in another sequence.,307,Create a function to check if an integer array has any repeated elements.,0.8562119007110596,7,,
473,Create a function that checks for the existence of any value from one sequence in another sequence.,488,Create a function that checks for any common element between two lists and returns true if found.,0.8560266494750977,8,,
473,Create a function that checks for the existence of any value from one sequence in another sequence.,464,Create a function that verifies the existence of an element in a tuple.,0.8549800515174866,9,,
473,Create a function that checks for the existence of any value from one sequence in another sequence.,425,Create a function that checks if all elements in a list are the same as the given element.,0.8544079065322876,10,,
473,Create a function that checks for the existence of any value from one sequence in another sequence.,424,Develop a function that checks if the frequency of each digit in an integer n does not exceed the value of the digit.,0.8513453006744385,11,,
473,Create a function that checks for the existence of any value from one sequence in another sequence.,170,Write a function to check whether an element exists within a tuple.,0.8509783744812012,12,,
473,Create a function that checks for the existence of any value from one sequence in another sequence.,399,Develop a function that checks whether every element in a tuple is of the same type.,0.8496618270874023,13,,
473,Create a function that checks for the existence of any value from one sequence in another sequence.,339,Develop a function to check if any string in a list contains a given substring.,0.8496392965316772,14,,
473,Create a function that checks for the existence of any value from one sequence in another sequence.,455,Create a function that verifies whether a tuple has any duplicate elements.,0.8458942174911499,15,,
473,Create a function that checks for the existence of any value from one sequence in another sequence.,490,Create a function that verifies if a given number is larger than all elements in an array.,0.8445231914520264,16,,
473,Create a function that checks for the existence of any value from one sequence in another sequence.,575,Create a function that determines if a number is even.,0.8439069390296936,17,,
473,Create a function that checks for the existence of any value from one sequence in another sequence.,457,Create a function that checks if a string begins and ends with the identical character.,0.8411478996276855,18,,
473,Create a function that checks for the existence of any value from one sequence in another sequence.,131,Write a function that takes in a list and element and checks whether all items in the list are equal to the given element.,0.8390923738479614,19,,
473,Create a function that checks for the existence of any value from one sequence in another sequence.,392,Create a function that checks if two numbers have the same sum of divisors.,0.8390079140663147,20,,
475,Create a function that identifies the shared first element in a list of tuples.,181,Write a function to find common first element in given list of tuple.,0.9341994524002075,1,,
475,Create a function that identifies the shared first element in a list of tuples.,342,Create a function that finds the first element from the tuple with the lowest second value in a list.,0.9032151699066162,2,,
475,Create a function that identifies the shared first element in a list of tuples.,419,Create a function that counts how many elements appear before the first tuple element in the given tuple.,0.8940702676773071,3,,
475,Create a function that identifies the shared first element in a list of tuples.,472,Create a function that retrieves the nth element from each tuple in a list of tuples.,0.890647292137146,4,,
475,Create a function that identifies the shared first element in a list of tuples.,526,"Create a function that finds common elements in tuples within a list, regardless of their order.",0.8903115391731262,5,,
475,Create a function that identifies the shared first element in a list of tuples.,503,Create a function that tallies the occurrences of each list element in a tuple.,0.889381468296051,6,,
475,Create a function that identifies the shared first element in a list of tuples.,461,Create a function that determines the count of unique tuples within a list.,0.8881354928016663,7,,
475,Create a function that identifies the shared first element in a list of tuples.,415,Develop a function that extracts the last element from each tuple in a list.,0.8818879723548889,8,,
475,Create a function that identifies the shared first element in a list of tuples.,539,Create a function that determines the union of two tuples' elements and returns them in sorted order.,0.8788396120071411,9,,
475,Create a function that identifies the shared first element in a list of tuples.,516,Create a function that retrieves the initial element from each sublist in a list of sublists.,0.878424882888794,10,,
475,Create a function that identifies the shared first element in a list of tuples.,386,Create a function that returns the count of lists inside a given tuple.,0.8781108856201172,11,,
475,Create a function that identifies the shared first element in a list of tuples.,354,Create a function that appends all elements of a list to a tuple.,0.8777157664299011,12,,
475,Create a function that identifies the shared first element in a list of tuples.,502,Create a function that multiplies elements of two tuples at the same index together.,0.8751697540283203,13,,
475,Create a function that identifies the shared first element in a list of tuples.,464,Create a function that verifies the existence of an element in a tuple.,0.8751152157783508,14,,
475,Create a function that identifies the shared first element in a list of tuples.,523,Create a function that computes the pairwise sum of adjacent elements in a tuple.,0.8742337226867676,15,,
475,Create a function that identifies the shared first element in a list of tuples.,316,Implement a function to sort tuples in a list based on their second element.,0.8739155530929565,16,,
475,Create a function that identifies the shared first element in a list of tuples.,0,Write a function to find the shared elements from the given two lists.,0.873062014579773,17,,
475,Create a function that identifies the shared first element in a list of tuples.,462,Create a function that adds together elements of two nested tuples at the same index.,0.8690279722213745,18,,
475,Create a function that identifies the shared first element in a list of tuples.,479,Create a function that concatenates the elements of a tuple using a specified delimiter.,0.8689970970153809,19,,
475,Create a function that identifies the shared first element in a list of tuples.,125,Write a function to find the number of elements that occurs before the tuple element in the given tuple.,0.8677432537078857,20,,
476,Create a function that identifies the element with the greatest length in a list.,449,Create a function that determines which list in a collection of lists is the longest.,0.9355229139328003,1,,
476,Create a function that identifies the element with the greatest length in a list.,155,Write a function to find the list with maximum length.,0.9317694902420044,2,,
476,Create a function that identifies the element with the greatest length in a list.,135,Write a function to find the list of maximum length in a list of lists.,0.9264820218086243,3,,
476,Create a function that identifies the element with the greatest length in a list.,182,Write a python function to find element of a list having maximum length.,0.9254094362258911,4,,
476,Create a function that identifies the element with the greatest length in a list.,540,Create a function that determines the length of the longest sublist within a list of sublists.,0.9191247224807739,5,,
476,Create a function that identifies the element with the greatest length in a list.,429,Create a function that identifies the longest sublist from a collection of nested lists.,0.9057610034942627,6,,
476,Create a function that identifies the element with the greatest length in a list.,500,Create a function that identifies the largest negative number in a list.,0.9019423723220825,7,,
476,Create a function that identifies the element with the greatest length in a list.,338,Create a Python function to determine the maximum word length in a list.,0.9004652500152588,8,,
476,Create a function that identifies the element with the greatest length in a list.,78,Write a function to find the item with maximum frequency in a given list.,0.8910235166549683,9,,
476,Create a function that identifies the element with the greatest length in a list.,346,Create a function that multiplies all elements in a list and divides the result by the list's length.,0.8851258158683777,10,,
476,Create a function that identifies the element with the greatest length in a list.,513,Create a function that identifies the sublist with the smallest length within a list of sublists.,0.8848870992660522,11,,
476,Create a function that identifies the element with the greatest length in a list.,372,Create a function that returns the most frequent item in a list.,0.8766769766807556,12,,
476,Create a function that identifies the element with the greatest length in a list.,246,Write a python function to find the length of the longest sublists.,0.8757342100143433,13,,
476,Create a function that identifies the element with the greatest length in a list.,139,Write a function to find the maximum value in a given heterogeneous list.,0.8756698369979858,14,,
476,Create a function that identifies the element with the greatest length in a list.,506,Create a function that retrieves strings of a certain length from a list.,0.873216986656189,15,,
476,Create a function that identifies the element with the greatest length in a list.,563,Create a function that calculates the difference between the maximum and minimum values in a list.,0.8731393814086914,16,,
476,Create a function that identifies the element with the greatest length in a list.,343,Develop a Python function to return the length of the shortest list among a list of lists.,0.8725905418395996,17,,
476,Create a function that identifies the element with the greatest length in a list.,49,Write a python function to find the length of the smallest list in a list of lists.,0.8696165084838867,18,,
476,Create a function that identifies the element with the greatest length in a list.,519,Create a function that identifies the subarray with the highest product within an array.,0.8673694729804993,19,,
476,Create a function that identifies the element with the greatest length in a list.,469,Create a function that identifies the smallest value in a heterogeneous list.,0.8673627972602844,20,,
477,"Create a function that rounds each number in a list, then returns the total sum multiplied by the list's length.",183,Write a function to round every number of a given list of numbers and print the total sum multiplied by the length of the list.,0.9582493305206299,1,,
477,"Create a function that rounds each number in a list, then returns the total sum multiplied by the list's length.",346,Create a function that multiplies all elements in a list and divides the result by the list's length.,0.9225935339927673,2,,
477,"Create a function that rounds each number in a list, then returns the total sum multiplied by the list's length.",52,Write a function to multiply all the numbers in a list and divide with the length of the list.,0.9112516641616821,3,,
477,"Create a function that rounds each number in a list, then returns the total sum multiplied by the list's length.",459,Create a function that calculates the sum of digits for every number in a list.,0.9102917909622192,4,,
477,"Create a function that rounds each number in a list, then returns the total sum multiplied by the list's length.",165,Write a function to compute the sum of digits of each number of a given list.,0.8921228647232056,5,,
477,"Create a function that rounds each number in a list, then returns the total sum multiplied by the list's length.",317,Create a function that flattens a nested list and computes the total sum of its elements.,0.8821315169334412,6,,
477,"Create a function that rounds each number in a list, then returns the total sum multiplied by the list's length.",375,Develop a function that sums all negative numbers in a list.,0.8760678172111511,7,,
477,"Create a function that rounds each number in a list, then returns the total sum multiplied by the list's length.",395,Develop a function that returns how many times a specific number appears in a list.,0.8702099323272705,8,,
477,"Create a function that rounds each number in a list, then returns the total sum multiplied by the list's length.",299,Create a function that computes the square of each element in a list.,0.8696051836013794,9,,
477,"Create a function that rounds each number in a list, then returns the total sum multiplied by the list's length.",431,"Develop a function that calculates the quotient of two numbers, rounding down to the nearest whole number.",0.8685991168022156,10,,
477,"Create a function that rounds each number in a list, then returns the total sum multiplied by the list's length.",114,"Write a function that takes in a list and an integer n and splits a list for every nth element, returning a list of the resulting lists.",0.8661801218986511,11,,
477,"Create a function that rounds each number in a list, then returns the total sum multiplied by the list's length.",23,Write a function to flatten a list and sum all of its elements.,0.8634535074234009,12,,
477,"Create a function that rounds each number in a list, then returns the total sum multiplied by the list's length.",549,Create a function that computes the product of all unique numbers in a list.,0.8627129793167114,13,,
477,"Create a function that rounds each number in a list, then returns the total sum multiplied by the list's length.",434,Create a function that calculates the total sum of all divisors of a given number.,0.8625980019569397,14,,
477,"Create a function that rounds each number in a list, then returns the total sum multiplied by the list's length.",504,Create a function that computes the cube of each element in a list.,0.860171377658844,15,,
477,"Create a function that rounds each number in a list, then returns the total sum multiplied by the list's length.",384,Create a function that merges all numbers from a list of lists into a single set.,0.8590559959411621,16,,
477,"Create a function that rounds each number in a list, then returns the total sum multiplied by the list's length.",140,Write a function to return the sum of all divisors of a number.,0.8587303161621094,17,,
477,"Create a function that rounds each number in a list, then returns the total sum multiplied by the list's length.",345,Develop a function that flattens a list of lists and returns a dictionary with the frequency of each element.,0.8574186563491821,18,,
477,"Create a function that rounds each number in a list, then returns the total sum multiplied by the list's length.",81,Write a function to calculate the sum of the negative numbers of a given list of numbers.,0.8563429117202759,19,,
477,"Create a function that rounds each number in a list, then returns the total sum multiplied by the list's length.",509,Create a function that computes the sum of all even factors of a given number.,0.854668140411377,20,,
479,Create a function that concatenates the elements of a tuple using a specified delimiter.,185,Write a function to concatenate each element of tuple by the delimiter.,0.9517632722854614,1,,
479,Create a function that concatenates the elements of a tuple using a specified delimiter.,374,Create a function that concatenates all elements of a tuple into a single string.,0.9071686863899231,2,,
479,Create a function that concatenates the elements of a tuple using a specified delimiter.,502,Create a function that multiplies elements of two tuples at the same index together.,0.8776037693023682,3,,
479,Create a function that concatenates the elements of a tuple using a specified delimiter.,416,Create a function that subtracts corresponding elements of two tuples and returns the result as a tuple.,0.8770784139633179,4,,
479,Create a function that concatenates the elements of a tuple using a specified delimiter.,354,Create a function that appends all elements of a list to a tuple.,0.8756722211837769,5,,
479,Create a function that concatenates the elements of a tuple using a specified delimiter.,539,Create a function that determines the union of two tuples' elements and returns them in sorted order.,0.8744769096374512,6,,
479,Create a function that concatenates the elements of a tuple using a specified delimiter.,462,Create a function that adds together elements of two nested tuples at the same index.,0.8741292953491211,7,,
479,Create a function that concatenates the elements of a tuple using a specified delimiter.,523,Create a function that computes the pairwise sum of adjacent elements in a tuple.,0.8728607892990112,8,,
479,Create a function that concatenates the elements of a tuple using a specified delimiter.,486,Create a function that retrieves the element-wise AND results of two tuples.,0.8720651865005493,9,,
479,Create a function that concatenates the elements of a tuple using a specified delimiter.,443,"Create a function that adds a specified element to a specific position in a tuple, returning the modified tuple.",0.8714903593063354,10,,
479,Create a function that concatenates the elements of a tuple using a specified delimiter.,475,Create a function that identifies the shared first element in a list of tuples.,0.8689970970153809,11,,
479,Create a function that concatenates the elements of a tuple using a specified delimiter.,446,Develop a function to transform a string into a tuple where each character is an element.,0.868224024772644,12,,
479,Create a function that concatenates the elements of a tuple using a specified delimiter.,415,Develop a function that extracts the last element from each tuple in a list.,0.8667209148406982,13,,
479,Create a function that concatenates the elements of a tuple using a specified delimiter.,555,Create a function that filters out uneven elements from nested tuples.,0.8599734306335449,14,,
479,Create a function that concatenates the elements of a tuple using a specified delimiter.,245,Write a function to find the union of the elements of two given tuples and output them in sorted order.,0.8597434759140015,15,,
479,Create a function that concatenates the elements of a tuple using a specified delimiter.,472,Create a function that retrieves the nth element from each tuple in a list of tuples.,0.8591310977935791,16,,
479,Create a function that concatenates the elements of a tuple using a specified delimiter.,464,Create a function that verifies the existence of an element in a tuple.,0.8590019941329956,17,,
479,Create a function that concatenates the elements of a tuple using a specified delimiter.,168,Write a function to perform index wise addition of tuple elements in the given two nested tuples.,0.8584930300712585,18,,
479,Create a function that concatenates the elements of a tuple using a specified delimiter.,360,Create a function that joins all numbers in a tuple into one integer.,0.8576657176017761,19,,
479,Create a function that concatenates the elements of a tuple using a specified delimiter.,455,Create a function that verifies whether a tuple has any duplicate elements.,0.8573389649391174,20,,
482,Create a function that tallies the number of sublists that include a specific element.,188,Write a function to count the number of sublists containing a particular element.,0.9743322134017944,1,,
482,Create a function that tallies the number of sublists that include a specific element.,516,Create a function that retrieves the initial element from each sublist in a list of sublists.,0.8873246312141418,2,,
482,Create a function that tallies the number of sublists that include a specific element.,321,Create a function that verifies if a sublist exists within a list.,0.8859754800796509,3,,
482,Create a function that tallies the number of sublists that include a specific element.,395,Develop a function that returns how many times a specific number appears in a list.,0.8854342699050903,4,,
482,Create a function that tallies the number of sublists that include a specific element.,540,Create a function that determines the length of the longest sublist within a list of sublists.,0.8811975717544556,5,,
482,Create a function that tallies the number of sublists that include a specific element.,386,Create a function that returns the count of lists inside a given tuple.,0.8803345561027527,6,,
482,Create a function that tallies the number of sublists that include a specific element.,513,Create a function that identifies the sublist with the smallest length within a list of sublists.,0.8760631084442139,7,,
482,Create a function that tallies the number of sublists that include a specific element.,461,Create a function that determines the count of unique tuples within a list.,0.8760297894477844,8,,
482,Create a function that tallies the number of sublists that include a specific element.,27,Write a function to check whether a list contains the given sublist or not.,0.8757297396659851,9,,
482,Create a function that tallies the number of sublists that include a specific element.,547,Create a function that arranges the strings in each sublist of a list of lists.,0.8751686811447144,10,,
482,Create a function that tallies the number of sublists that include a specific element.,503,Create a function that tallies the occurrences of each list element in a tuple.,0.8747097849845886,11,,
482,Create a function that tallies the number of sublists that include a specific element.,423,Create a function that performs element-wise subtraction between two lists.,0.8736836910247803,12,,
482,Create a function that tallies the number of sublists that include a specific element.,587,Create a function that counts the number of indices at which two lists have the same value.,0.87054842710495,13,,
482,Create a function that tallies the number of sublists that include a specific element.,504,Create a function that computes the cube of each element in a list.,0.8696699738502502,14,,
482,Create a function that tallies the number of sublists that include a specific element.,551,Create a function that verifies if one list is a sublist of another list.,0.8678574562072754,15,,
482,Create a function that tallies the number of sublists that include a specific element.,429,Create a function that identifies the longest sublist from a collection of nested lists.,0.8672283887863159,16,,
482,Create a function that tallies the number of sublists that include a specific element.,92,Write a function to find number of lists present in the given tuple.,0.8657127618789673,17,,
482,Create a function that tallies the number of sublists that include a specific element.,222,Write a python function to get the first element of each sublist.,0.8650760650634766,18,,
482,Create a function that tallies the number of sublists that include a specific element.,352,Create a function that sorts every sublist of strings within a list of lists.,0.8644384145736694,19,,
482,Create a function that tallies the number of sublists that include a specific element.,339,Develop a function to check if any string in a list contains a given substring.,0.8635829091072083,20,,
485,Create a function that arranges an array using the shell sort algorithm.,191,Write a function to sort the given array by using shell sort.,0.945090115070343,1,,
485,Create a function that arranges an array using the shell sort algorithm.,323,Implement a function that sorts the elements of a list in ascending order.,0.8717436790466309,2,,
485,Create a function that arranges an array using the shell sort algorithm.,380,Implement a function that sorts the elements of a list in ascending order.,0.8717436790466309,3,,
485,Create a function that arranges an array using the shell sort algorithm.,29,Write a function to sort a list of elements.,0.8671386241912842,4,,
485,Create a function that arranges an array using the shell sort algorithm.,86,Write a function to sort a list of elements.,0.8671386241912842,5,,
485,Create a function that arranges an array using the shell sort algorithm.,302,Implement a function that sorts a matrix by the sum of each row in ascending order.,0.8609424829483032,6,,
485,Create a function that arranges an array using the shell sort algorithm.,435,Develop a function to count the number of inversions needed to sort an array.,0.8589959144592285,7,,
485,Create a function that arranges an array using the shell sort algorithm.,545,Create a function that verifies if a list is sorted in ascending order.,0.8516603708267212,8,,
485,Create a function that arranges an array using the shell sort algorithm.,8,Write a function to sort a given matrix in ascending order according to the sum of its rows.,0.8468165397644043,9,,
485,Create a function that arranges an array using the shell sort algorithm.,547,Create a function that arranges the strings in each sublist of a list of lists.,0.8421732783317566,10,,
485,Create a function that arranges an array using the shell sort algorithm.,234,Write a function to sort a dictionary by value.,0.8397029042243958,11,,
485,Create a function that arranges an array using the shell sort algorithm.,528,Create a function that arranges the entries of a dictionary based on their values.,0.8360886573791504,12,,
485,Create a function that arranges an array using the shell sort algorithm.,352,Create a function that sorts every sublist of strings within a list of lists.,0.8336576223373413,13,,
485,Create a function that arranges an array using the shell sort algorithm.,316,Implement a function to sort tuples in a list based on their second element.,0.8304600715637207,14,,
485,Create a function that arranges an array using the shell sort algorithm.,539,Create a function that determines the union of two tuples' elements and returns them in sorted order.,0.828781008720398,15,,
485,Create a function that arranges an array using the shell sort algorithm.,572,Create a function that retrieves the kth element from the merged result of two sorted arrays.,0.8239654302597046,16,,
485,Create a function that arranges an array using the shell sort algorithm.,355,Develop a function that combines three lists and returns a single sorted list.,0.8238770961761475,17,,
485,Create a function that arranges an array using the shell sort algorithm.,253,Write a function to sort each sublist of strings in a given list of lists.,0.8216296434402466,18,,
485,Create a function that arranges an array using the shell sort algorithm.,58,Write a function to sort each sublist of strings in a given list of lists.,0.8216296434402466,19,,
485,Create a function that arranges an array using the shell sort algorithm.,22,Write a function to sort a list of tuples using the second value of each tuple.,0.8194507360458374,20,,
486,Create a function that retrieves the element-wise AND results of two tuples.,416,Create a function that subtracts corresponding elements of two tuples and returns the result as a tuple.,0.9447269439697266,1,,
486,Create a function that retrieves the element-wise AND results of two tuples.,192,Write a function to extract the elementwise and tuples from the given two tuples.,0.9276168942451477,2,,
486,Create a function that retrieves the element-wise AND results of two tuples.,539,Create a function that determines the union of two tuples' elements and returns them in sorted order.,0.9267468452453613,3,,
486,Create a function that retrieves the element-wise AND results of two tuples.,502,Create a function that multiplies elements of two tuples at the same index together.,0.9044130444526672,4,,
486,Create a function that retrieves the element-wise AND results of two tuples.,245,Write a function to find the union of the elements of two given tuples and output them in sorted order.,0.902917742729187,5,,
486,Create a function that retrieves the element-wise AND results of two tuples.,122,Write a function that takes in two tuples and subtracts the elements of the first tuple by the elements of the second tuple with the same index.,0.8955435752868652,6,,
486,Create a function that retrieves the element-wise AND results of two tuples.,554,Create a function that identifies elements that are in either of the two tuples but not in both.,0.8955340385437012,7,,
486,Create a function that retrieves the element-wise AND results of two tuples.,462,Create a function that adds together elements of two nested tuples at the same index.,0.8944844007492065,8,,
486,Create a function that retrieves the element-wise AND results of two tuples.,208,Write a function to perform index wise multiplication of tuple elements in the given two tuples.,0.8943700790405273,9,,
486,Create a function that retrieves the element-wise AND results of two tuples.,523,Create a function that computes the pairwise sum of adjacent elements in a tuple.,0.8924217224121094,10,,
486,Create a function that retrieves the element-wise AND results of two tuples.,260,Write a function to find the dissimilar elements in the given two tuples.,0.8899023532867432,11,,
486,Create a function that retrieves the element-wise AND results of two tuples.,460,Create a function that executes the bitwise XOR operation on the elements of two tuples.,0.8898659944534302,12,,
486,Create a function that retrieves the element-wise AND results of two tuples.,294,Create a function that returns the elements found in both of the provided lists.,0.888904333114624,13,,
486,Create a function that retrieves the element-wise AND results of two tuples.,472,Create a function that retrieves the nth element from each tuple in a list of tuples.,0.8866795301437378,14,,
486,Create a function that retrieves the element-wise AND results of two tuples.,168,Write a function to perform index wise addition of tuple elements in the given two nested tuples.,0.88657146692276,15,,
486,Create a function that retrieves the element-wise AND results of two tuples.,406,Create a function that splits a list into two at a given index L and returns both parts as a tuple.,0.8826605677604675,16,,
486,Create a function that retrieves the element-wise AND results of two tuples.,423,Create a function that performs element-wise subtraction between two lists.,0.8796006441116333,17,,
486,Create a function that retrieves the element-wise AND results of two tuples.,342,Create a function that finds the first element from the tuple with the lowest second value in a list.,0.8782359957695007,18,,
486,Create a function that retrieves the element-wise AND results of two tuples.,495,Create a function that counts pairs of tuples that are bidirectional.,0.8782141208648682,19,,
486,Create a function that retrieves the element-wise AND results of two tuples.,316,Implement a function to sort tuples in a list based on their second element.,0.8772372603416443,20,,
493,Create a function that filters and returns negative numbers from a list.,199,Write a python function to return the negative numbers in a list.,0.9130223393440247,1,,
493,Create a function that filters and returns negative numbers from a list.,471,Create a function that filters out odd numbers from a list.,0.9105641841888428,2,,
493,Create a function that filters and returns negative numbers from a list.,483,Create a function that filters out odd numbers from a list.,0.9105641841888428,3,,
493,Create a function that filters and returns negative numbers from a list.,375,Develop a function that sums all negative numbers in a list.,0.9068006277084351,4,,
493,Create a function that filters and returns negative numbers from a list.,533,Create a function that filters and returns only the odd integers from a list.,0.9038891196250916,5,,
493,Create a function that filters and returns negative numbers from a list.,548,Create a function that filters out duplicate numbers from multiple lists.,0.895970344543457,6,,
493,Create a function that filters and returns negative numbers from a list.,81,Write a function to calculate the sum of the negative numbers of a given list of numbers.,0.8916279077529907,7,,
493,Create a function that filters and returns negative numbers from a list.,500,Create a function that identifies the largest negative number in a list.,0.8913126587867737,8,,
493,Create a function that filters and returns negative numbers from a list.,189,Write a function to filter odd numbers.,0.8738767504692078,9,,
493,Create a function that filters and returns negative numbers from a list.,24,Write a python function to count the number of positive numbers in a list.,0.8622597455978394,10,,
493,Create a function that filters and returns negative numbers from a list.,318,Develop a Python function to count how many numbers in a list are positive.,0.8550580739974976,11,,
493,Create a function that filters and returns negative numbers from a list.,395,Develop a function that returns how many times a specific number appears in a list.,0.8522228002548218,12,,
493,Create a function that filters and returns negative numbers from a list.,177,Write a python function to remove odd numbers from a given list.,0.8513600826263428,13,,
493,Create a function that filters and returns negative numbers from a list.,254,Write a python function to remove duplicate numbers from a given number of lists.,0.8512576222419739,14,,
493,Create a function that filters and returns negative numbers from a list.,499,Create a function that calculates the ratio of positive numbers in an array of integers.,0.8491767644882202,15,,
493,Create a function that filters and returns negative numbers from a list.,386,Create a function that returns the count of lists inside a given tuple.,0.8488427400588989,16,,
493,Create a function that filters and returns negative numbers from a list.,314,Develop a Python function to return the minimum value in a list.,0.8474588394165039,17,,
493,Create a function that filters and returns negative numbers from a list.,296,"Implement a function that returns the n biggest numbers from a list, sorted from highest to lowest.",0.8455355167388916,18,,
493,Create a function that filters and returns negative numbers from a list.,206,Write a python function to find the largest negative number from the given list.,0.8452799320220947,19,,
493,Create a function that filters and returns negative numbers from a list.,549,Create a function that computes the product of all unique numbers in a list.,0.8445655107498169,20,,
496,Create a function that concatenates multiple integers from a list into one single integer.,202,Write a function to join a list of multiple integers into a single integer.,0.9531974196434021,1,,
496,Create a function that concatenates multiple integers from a list into one single integer.,384,Create a function that merges all numbers from a list of lists into a single set.,0.9233129024505615,2,,
496,Create a function that concatenates multiple integers from a list into one single integer.,360,Create a function that joins all numbers in a tuple into one integer.,0.9113263487815857,3,,
496,Create a function that concatenates multiple integers from a list into one single integer.,90,Write a function to flatten the list of lists into a single set of numbers.,0.894861102104187,4,,
496,Create a function that concatenates multiple integers from a list into one single integer.,66,Write a function to convert a given tuple of positive integers into a single integer.,0.8880112171173096,5,,
496,Create a function that concatenates multiple integers from a list into one single integer.,374,Create a function that concatenates all elements of a tuple into a single string.,0.8816707730293274,6,,
496,Create a function that concatenates multiple integers from a list into one single integer.,61,Write a function to merge three lists into a single sorted list.,0.8813246488571167,7,,
496,Create a function that concatenates multiple integers from a list into one single integer.,436,Create a function that flattens a nested list into a single list with all the values.,0.8790173530578613,8,,
496,Create a function that concatenates multiple integers from a list into one single integer.,369,Develop a function that multiplies two integers together.,0.8760049343109131,9,,
496,Create a function that concatenates multiple integers from a list into one single integer.,549,Create a function that computes the product of all unique numbers in a list.,0.8745912313461304,10,,
496,Create a function that concatenates multiple integers from a list into one single integer.,518,Create a function that generates all possible combinations of elements from a given list.,0.8732056021690369,11,,
496,Create a function that concatenates multiple integers from a list into one single integer.,355,Develop a function that combines three lists and returns a single sorted list.,0.8730558156967163,12,,
496,Create a function that concatenates multiple integers from a list into one single integer.,459,Create a function that calculates the sum of digits for every number in a list.,0.8727541565895081,13,,
496,Create a function that concatenates multiple integers from a list into one single integer.,548,Create a function that filters out duplicate numbers from multiple lists.,0.8685104846954346,14,,
496,Create a function that concatenates multiple integers from a list into one single integer.,165,Write a function to compute the sum of digits of each number of a given list.,0.8662541508674622,15,,
496,Create a function that concatenates multiple integers from a list into one single integer.,577,Create a function that lists all lucid numbers up to a specified integer.,0.8626679182052612,16,,
496,Create a function that concatenates multiple integers from a list into one single integer.,346,Create a function that multiplies all elements in a list and divides the result by the list's length.,0.8610879182815552,17,,
496,Create a function that concatenates multiple integers from a list into one single integer.,75,Write a function to multiply two integers.,0.8609580993652344,18,,
496,Create a function that concatenates multiple integers from a list into one single integer.,502,Create a function that multiplies elements of two tuples at the same index together.,0.86086505651474,19,,
496,Create a function that concatenates multiple integers from a list into one single integer.,553,Create a function that merges three lists of equal length into one flat list by alternating their elements.,0.8602733612060547,20,,
498,Create a function that calculates the surface area of a cube based on its size.,204,Write a function to find the surface area of a cube of a given size.,0.951227068901062,1,,
498,Create a function that calculates the surface area of a cube based on its size.,409,Develop a function that calculates the lateral surface area of a cube from its side length.,0.9307279586791992,2,,
498,Create a function that calculates the surface area of a cube based on its size.,115,Write a function to find the lateral surface area of a cube given its side length.,0.9013434648513794,3,,
498,Create a function that calculates the surface area of a cube based on its size.,333,Implement a function to calculate the surface area of a sphere from its radius.,0.8969161510467529,4,,
498,Create a function that calculates the surface area of a cube based on its size.,550,Create a function that calculates the surface area of a cylinder given its radius and height.,0.8901832103729248,5,,
498,Create a function that calculates the surface area of a cube based on its size.,330,Create a function that computes the volume of a sphere given its radius.,0.8882328271865845,6,,
498,Create a function that calculates the surface area of a cube based on its size.,39,Write a function to find the surface area of a sphere.,0.8848381042480469,7,,
498,Create a function that calculates the surface area of a cube based on its size.,514,Create a function that calculates the area of a rectangle given its length and breadth.,0.8744916915893555,8,,
498,Create a function that calculates the surface area of a cube based on its size.,556,Create a function that calculates the surface area of a square pyramid given the length of a base edge and the pyramid's height.,0.8716994524002075,9,,
498,Create a function that calculates the surface area of a cube based on its size.,305,Create a function to compute the perimeter of a square from its side length.,0.8638641834259033,10,,
498,Create a function that calculates the surface area of a cube based on its size.,256,Write a function to find the surface area of a cylinder.,0.863693118095398,11,,
498,Create a function that calculates the surface area of a cube based on its size.,504,Create a function that computes the cube of each element in a list.,0.863296627998352,12,,
498,Create a function that calculates the surface area of a cube based on its size.,417,Create a function that computes the volume of a cylinder given its radius and height.,0.8601698279380798,13,,
498,Create a function that calculates the surface area of a cube based on its size.,36,Write a function to find the volume of a sphere.,0.8552314043045044,14,,
498,Create a function that calculates the surface area of a cube based on its size.,391,Develop a function that computes the area of a regular polygon using its side length and number of sides.,0.852784276008606,15,,
498,Create a function that calculates the surface area of a cube based on its size.,97,Write a function to calculate the area of a regular polygon given the length and number of its sides.,0.8453635573387146,16,,
498,Create a function that calculates the surface area of a cube based on its size.,478,Create a function that calculates the cube sum of the initial n even natural numbers.,0.8452529907226562,17,,
498,Create a function that calculates the surface area of a cube based on its size.,571,Create a function that determines the byte size of a given tuple.,0.8423545360565186,18,,
498,Create a function that calculates the surface area of a cube based on its size.,480,Create a function that calculates the average value of the cubes of the first n natural numbers.,0.8418049216270447,19,,
498,Create a function that calculates the surface area of a cube based on its size.,154,Write a function to find the volume of a cone.,0.8400823473930359,20,,
500,Create a function that identifies the largest negative number in a list.,206,Write a python function to find the largest negative number from the given list.,0.9303243160247803,1,,
500,Create a function that identifies the largest negative number in a list.,375,Develop a function that sums all negative numbers in a list.,0.9076046347618103,2,,
500,Create a function that identifies the largest negative number in a list.,476,Create a function that identifies the element with the greatest length in a list.,0.9019423723220825,3,,
500,Create a function that identifies the largest negative number in a list.,493,Create a function that filters and returns negative numbers from a list.,0.8913126587867737,4,,
500,Create a function that identifies the largest negative number in a list.,81,Write a function to calculate the sum of the negative numbers of a given list of numbers.,0.887930691242218,5,,
500,Create a function that identifies the largest negative number in a list.,337,Develop a function that returns the largest integer less than a given number n.,0.8842633962631226,6,,
500,Create a function that identifies the largest negative number in a list.,199,Write a python function to return the negative numbers in a list.,0.8815903067588806,7,,
500,Create a function that identifies the largest negative number in a list.,310,Develop a Python function that constructs the biggest number possible from a list of digits.,0.8791078329086304,8,,
500,Create a function that identifies the largest negative number in a list.,296,"Implement a function that returns the n biggest numbers from a list, sorted from highest to lowest.",0.8791036009788513,9,,
500,Create a function that identifies the largest negative number in a list.,155,Write a function to find the list with maximum length.,0.8774483799934387,10,,
500,Create a function that identifies the largest negative number in a list.,563,Create a function that calculates the difference between the maximum and minimum values in a list.,0.8773242831230164,11,,
500,Create a function that identifies the largest negative number in a list.,135,Write a function to find the list of maximum length in a list of lists.,0.8771874904632568,12,,
500,Create a function that identifies the largest negative number in a list.,449,Create a function that determines which list in a collection of lists is the longest.,0.8731805086135864,13,,
500,Create a function that identifies the largest negative number in a list.,16,Write a python function to find the largest number that can be formed with the given list of digits.,0.8725388050079346,14,,
500,Create a function that identifies the largest negative number in a list.,20,Write a python function to find smallest number in a list.,0.870902419090271,15,,
500,Create a function that identifies the largest negative number in a list.,469,Create a function that identifies the smallest value in a heterogeneous list.,0.8703947067260742,16,,
500,Create a function that identifies the largest negative number in a list.,139,Write a function to find the maximum value in a given heterogeneous list.,0.8686873912811279,17,,
500,Create a function that identifies the largest negative number in a list.,2,"Write a function to find the n largest integers from a given list of numbers, returned in descending order.",0.8670488595962524,18,,
500,Create a function that identifies the largest negative number in a list.,433,Write a function to determine the highest integer value in a mixed list of data types.,0.8661144375801086,19,,
500,Create a function that identifies the largest negative number in a list.,78,Write a function to find the item with maximum frequency in a given list.,0.866093635559082,20,,
504,Create a function that computes the cube of each element in a list.,299,Create a function that computes the square of each element in a list.,0.9521995186805725,1,,
504,Create a function that computes the cube of each element in a list.,210,Write a function to find cubes of individual elements in a list.,0.9381183385848999,2,,
504,Create a function that computes the cube of each element in a list.,503,Create a function that tallies the occurrences of each list element in a tuple.,0.9076840877532959,3,,
504,Create a function that computes the cube of each element in a list.,459,Create a function that calculates the sum of digits for every number in a list.,0.9013106822967529,4,,
504,Create a function that computes the cube of each element in a list.,549,Create a function that computes the product of all unique numbers in a list.,0.9010566473007202,5,,
504,Create a function that computes the cube of each element in a list.,518,Create a function that generates all possible combinations of elements from a given list.,0.8938926458358765,6,,
504,Create a function that computes the cube of each element in a list.,5,Write a function to find squares of individual elements in a list.,0.8913227319717407,7,,
504,Create a function that computes the cube of each element in a list.,354,Create a function that appends all elements of a list to a tuple.,0.8886191248893738,8,,
504,Create a function that computes the cube of each element in a list.,346,Create a function that multiplies all elements in a list and divides the result by the list's length.,0.8850916028022766,9,,
504,Create a function that computes the cube of each element in a list.,224,Write a function to find all possible combinations of the elements of a given list.,0.8846107721328735,10,,
504,Create a function that computes the cube of each element in a list.,415,Develop a function that extracts the last element from each tuple in a list.,0.8840162754058838,11,,
504,Create a function that computes the cube of each element in a list.,165,Write a function to compute the sum of digits of each number of a given list.,0.877891480922699,12,,
504,Create a function that computes the cube of each element in a list.,547,Create a function that arranges the strings in each sublist of a list of lists.,0.8762069344520569,13,,
504,Create a function that computes the cube of each element in a list.,317,Create a function that flattens a nested list and computes the total sum of its elements.,0.8743467926979065,14,,
504,Create a function that computes the cube of each element in a list.,384,Create a function that merges all numbers from a list of lists into a single set.,0.8735918998718262,15,,
504,Create a function that computes the cube of each element in a list.,516,Create a function that retrieves the initial element from each sublist in a list of sublists.,0.87298184633255,16,,
504,Create a function that computes the cube of each element in a list.,472,Create a function that retrieves the nth element from each tuple in a list of tuples.,0.8717906475067139,17,,
504,Create a function that computes the cube of each element in a list.,209,Write a python function to count the occurence of all elements of list in a tuple.,0.8701842427253723,18,,
504,Create a function that computes the cube of each element in a list.,482,Create a function that tallies the number of sublists that include a specific element.,0.8696699738502502,19,,
504,Create a function that computes the cube of each element in a list.,23,Write a function to flatten a list and sum all of its elements.,0.8695487380027771,20,,
508,"Create a function that calculates the loss amount on a sale, returning 0 if there is no loss.",214,Write a function that gives loss amount on a sale if the given amount has loss else return 0.,0.9527289867401123,1,,
508,"Create a function that calculates the loss amount on a sale, returning 0 if there is no loss.",377,Develop a function that calculates the ratio of zeros to non-zeros in an integer array.,0.8255534768104553,2,,
508,"Create a function that calculates the loss amount on a sale, returning 0 if there is no loss.",544,Create a function that computes the sum of all digits in a non-negative integer.,0.813833475112915,3,,
508,"Create a function that calculates the loss amount on a sale, returning 0 if there is no loss.",390,"Create a function that sums n, n-2, n-4, and so on, stopping when the result is less than or equal to zero.",0.8120574951171875,4,,
508,"Create a function that calculates the loss amount on a sale, returning 0 if there is no loss.",81,Write a function to calculate the sum of the negative numbers of a given list of numbers.,0.8116298317909241,5,,
508,"Create a function that calculates the loss amount on a sale, returning 0 if there is no loss.",493,Create a function that filters and returns negative numbers from a list.,0.8101205825805664,6,,
508,"Create a function that calculates the loss amount on a sale, returning 0 if there is no loss.",250,Write a function to get the sum of the digits of a non-negative integer.,0.8073644638061523,7,,
508,"Create a function that calculates the loss amount on a sale, returning 0 if there is no loss.",46,Write a function to check whether the given number is undulating or not.,0.8032810091972351,8,,
508,"Create a function that calculates the loss amount on a sale, returning 0 if there is no loss.",83,Write a function to find the ratio of zeroes to non-zeroes in an array of integers.,0.8027434349060059,9,,
508,"Create a function that calculates the loss amount on a sale, returning 0 if there is no loss.",401,Develop a function that returns the count of 1s in the binary representation of a number.,0.8011093139648438,10,,
508,"Create a function that calculates the loss amount on a sale, returning 0 if there is no loss.",375,Develop a function that sums all negative numbers in a list.,0.7992981672286987,11,,
508,"Create a function that calculates the loss amount on a sale, returning 0 if there is no loss.",388,"Create a function that finds integers x and y such that ax plus by equals n, or returns None if not possible.",0.7985581159591675,12,,
508,"Create a function that calculates the loss amount on a sale, returning 0 if there is no loss.",447,"Create a function that sets the leftmost unset bit in a number, returning the new number.",0.7973477244377136,13,,
508,"Create a function that calculates the loss amount on a sale, returning 0 if there is no loss.",378,Create a Python function to determine if a number can be written as a sum of non-zero powers of two.,0.7954197525978088,14,,
508,"Create a function that calculates the loss amount on a sale, returning 0 if there is no loss.",309,Create a Python function to determine if a number equals two times its reverse minus one.,0.7944691181182861,15,,
508,"Create a function that calculates the loss amount on a sale, returning 0 if there is no loss.",84,Write a python function to check whether the given number can be represented as sum of non-zero powers of 2 or not.,0.793677031993866,16,,
508,"Create a function that calculates the loss amount on a sale, returning 0 if there is no loss.",337,Develop a function that returns the largest integer less than a given number n.,0.79328453540802,17,,
508,"Create a function that calculates the loss amount on a sale, returning 0 if there is no loss.",314,Develop a Python function to return the minimum value in a list.,0.7924529314041138,18,,
508,"Create a function that calculates the loss amount on a sale, returning 0 if there is no loss.",421,"Create a function that checks whether an element exists in an array and returns (found, index) where index is -1 if not found.",0.7919255495071411,19,,
508,"Create a function that calculates the loss amount on a sale, returning 0 if there is no loss.",403,Develop a function that returns the smallest value among three given numbers.,0.7912068367004395,20,,
519,Create a function that identifies the subarray with the highest product within an array.,225,Write a function to find the maximum product subarray of the given array.,0.9407775402069092,1,,
519,Create a function that identifies the subarray with the highest product within an array.,522,Create a function that calculates the highest product obtainable from an increasing subsequence in the array.,0.9274979829788208,2,,
519,Create a function that identifies the subarray with the highest product within an array.,474,Create a function that identifies the pair of integers in an array that yields the highest product.,0.9246004819869995,3,,
519,Create a function that identifies the subarray with the highest product within an array.,228,Write a function to find the maximum product formed by multiplying numbers of an increasing subsequence of that array.,0.888310968875885,4,,
519,Create a function that identifies the subarray with the highest product within an array.,538,Create a function that calculates the sum of the largest contiguous subarray within a given list.,0.8861796855926514,5,,
519,Create a function that identifies the subarray with the highest product within an array.,180,Write a python function to find a pair with highest product from a given array of integers.,0.8705263137817383,6,,
519,Create a function that identifies the subarray with the highest product within an array.,476,Create a function that identifies the element with the greatest length in a list.,0.8673694729804993,7,,
519,Create a function that identifies the subarray with the highest product within an array.,529,Create a function that computes the sum of the maximum and minimum values in an array.,0.8646481037139893,8,,
519,Create a function that identifies the subarray with the highest product within an array.,427,Create a function that finds the maximum sum of a contiguous subarray in an array formed by repeating the original array k times.,0.8645808696746826,9,,
519,Create a function that identifies the subarray with the highest product within an array.,364,Create a function that finds the largest absolute product among all pairs in a list of tuples.,0.855492353439331,10,,
519,Create a function that identifies the subarray with the highest product within an array.,468,Create a function that determines the lowest product obtainable from tuple pairs in a list.,0.851538896560669,11,,
519,Create a function that identifies the subarray with the highest product within an array.,429,Create a function that identifies the longest sublist from a collection of nested lists.,0.8497868776321411,12,,
519,Create a function that identifies the subarray with the highest product within an array.,540,Create a function that determines the length of the longest sublist within a list of sublists.,0.8492448329925537,13,,
519,Create a function that identifies the subarray with the highest product within an array.,490,Create a function that verifies if a given number is larger than all elements in an array.,0.8448364734649658,14,,
519,Create a function that identifies the subarray with the highest product within an array.,70,Write a function to find the maximum absolute product between numbers in pairs of tuples within a given list.,0.8439174294471741,15,,
519,Create a function that identifies the subarray with the highest product within an array.,560,Create a function that retrieves the n items with the highest price from a dataset.,0.8436835408210754,16,,
519,Create a function that identifies the subarray with the highest product within an array.,617,Write a function to find the biggest max elements from nine arrays.,0.8417794704437256,17,,
519,Create a function that identifies the subarray with the highest product within an array.,500,Create a function that identifies the largest negative number in a list.,0.8410259485244751,18,,
519,Create a function that identifies the subarray with the highest product within an array.,513,Create a function that identifies the sublist with the smallest length within a list of sublists.,0.8404377102851868,19,,
519,Create a function that identifies the subarray with the highest product within an array.,78,Write a function to find the item with maximum frequency in a given list.,0.8392019867897034,20,,
520,Create a function that verifies if a dictionary is empty.,557,Create a function that verifies if a dictionary is empty.,1.0,1,,
520,Create a function that verifies if a dictionary is empty.,263,Write a function to check if a dictionary is empty,0.9656558632850647,2,,
520,Create a function that verifies if a dictionary is empty.,226,Write a function to check whether the given dictionary is empty,0.9584416151046753,3,,
520,Create a function that verifies if a dictionary is empty.,359,Develop a function that checks if every dictionary in a list is empty.,0.9450798034667969,4,,
520,Create a function that verifies if a dictionary is empty.,65,Write a function to check whether all dictionaries in a list are empty or not.,0.9187987446784973,5,,
520,Create a function that verifies if a dictionary is empty.,521,Create a function that removes entries with empty values from a dictionary.,0.9031185507774353,6,,
520,Create a function that verifies if a dictionary is empty.,546,Create a function that generates a list containing N empty dictionaries.,0.8896600008010864,7,,
520,Create a function that verifies if a dictionary is empty.,252,Write a function to create a list of N empty dictionaries.,0.887202262878418,8,,
520,Create a function that verifies if a dictionary is empty.,227,Write a function to drop empty items from a given dictionary.,0.8756108283996582,9,,
520,Create a function that verifies if a dictionary is empty.,145,Write a function to find the depth of a dictionary.,0.8589798212051392,10,,
520,Create a function that verifies if a dictionary is empty.,161,Write a function to check if given tuple contains no duplicates.,0.8453693389892578,11,,
520,Create a function that verifies if a dictionary is empty.,321,Create a function that verifies if a sublist exists within a list.,0.8444687724113464,12,,
520,Create a function that verifies if a dictionary is empty.,234,Write a function to sort a dictionary by value.,0.8423000574111938,13,,
520,Create a function that verifies if a dictionary is empty.,418,Develop a function that returns a dictionary containing only entries whose values are at least n.,0.8418759703636169,14,,
520,Create a function that verifies if a dictionary is empty.,64,Write a function to check if a string represents an integer or not.,0.839198112487793,15,,
520,Create a function that verifies if a dictionary is empty.,528,Create a function that arranges the entries of a dictionary based on their values.,0.8387463092803955,16,,
520,Create a function that verifies if a dictionary is empty.,455,Create a function that verifies whether a tuple has any duplicate elements.,0.8336745500564575,17,,
520,Create a function that verifies if a dictionary is empty.,170,Write a function to check whether an element exists within a tuple.,0.8334478139877319,18,,
520,Create a function that verifies if a dictionary is empty.,464,Create a function that verifies the existence of an element in a tuple.,0.8332871794700623,19,,
520,Create a function that verifies if a dictionary is empty.,525,Create a function that verifies if a list of numbers is consecutive.,0.8317543268203735,20,,
525,Create a function that verifies if a list of numbers is consecutive.,231,Write a python function to check whether the given list contains consecutive numbers or not.,0.9206563234329224,1,,
525,Create a function that verifies if a list of numbers is consecutive.,545,Create a function that verifies if a list is sorted in ascending order.,0.9019104838371277,2,,
525,Create a function that verifies if a list of numbers is consecutive.,325,Develop a function to verify if a list matches the sequence pattern provided.,0.8977782130241394,3,,
525,Create a function that verifies if a list of numbers is consecutive.,551,Create a function that verifies if one list is a sublist of another list.,0.8888847827911377,4,,
525,Create a function that verifies if a list of numbers is consecutive.,307,Create a function to check if an integer array has any repeated elements.,0.8874597549438477,5,,
525,Create a function that verifies if a list of numbers is consecutive.,575,Create a function that determines if a number is even.,0.8811799883842468,6,,
525,Create a function that verifies if a list of numbers is consecutive.,321,Create a function that verifies if a sublist exists within a list.,0.8785828351974487,7,,
525,Create a function that verifies if a list of numbers is consecutive.,473,Create a function that checks for the existence of any value from one sequence in another sequence.,0.8757238388061523,8,,
525,Create a function that verifies if a list of numbers is consecutive.,395,Develop a function that returns how many times a specific number appears in a list.,0.8751168251037598,9,,
525,Create a function that verifies if a list of numbers is consecutive.,251,Write a function to check whether a specified list is sorted or not.,0.8738373517990112,10,,
525,Create a function that verifies if a list of numbers is consecutive.,392,Create a function that checks if two numbers have the same sum of divisors.,0.8698185086250305,11,,
525,Create a function that verifies if a list of numbers is consecutive.,31,Write a function to check whether it follows the sequence given in the patterns array.,0.8640048503875732,12,,
525,Create a function that verifies if a list of numbers is consecutive.,587,Create a function that counts the number of indices at which two lists have the same value.,0.8639355897903442,13,,
525,Create a function that verifies if a list of numbers is consecutive.,548,Create a function that filters out duplicate numbers from multiple lists.,0.8638207912445068,14,,
525,Create a function that verifies if a list of numbers is consecutive.,101,Write a function to count the number of occurrences of a number in a given list.,0.8604841232299805,15,,
525,Create a function that verifies if a list of numbers is consecutive.,490,Create a function that verifies if a given number is larger than all elements in an array.,0.8603570461273193,16,,
525,Create a function that verifies if a list of numbers is consecutive.,425,Create a function that checks if all elements in a list are the same as the given element.,0.8593069314956665,17,,
525,Create a function that verifies if a list of numbers is consecutive.,293,Write a function to count indices where the lists have the same values.,0.8580490350723267,18,,
525,Create a function that verifies if a list of numbers is consecutive.,455,Create a function that verifies whether a tuple has any duplicate elements.,0.8572655916213989,19,,
525,Create a function that verifies if a list of numbers is consecutive.,579,Create a function that determines whether a given integer is prime.,0.8563283681869507,20,,
536,Create a function that switches the case of each character in a string.,242,Write a function to toggle the case of all characters in a string.,0.9432544708251953,1,,
536,Create a function that switches the case of each character in a string.,530,Create a function that changes all characters in a string to lowercase.,0.9179905652999878,2,,
536,Create a function that switches the case of each character in a string.,512,Create a function that reverses the characters in each string within a list.,0.9063479900360107,3,,
536,Create a function that switches the case of each character in a string.,405,Develop a function that replaces every space in a string with a specified character.,0.9004005193710327,4,,
536,Create a function that switches the case of each character in a string.,543,Create a function that divides a string into its individual characters.,0.8983112573623657,5,,
536,Create a function that switches the case of each character in a string.,233,Write a function to replace characters in a string.,0.8906179666519165,6,,
536,Create a function that switches the case of each character in a string.,527,Create a function that substitutes specified characters in a string with new ones.,0.8849202394485474,7,,
536,Create a function that switches the case of each character in a string.,446,Develop a function to transform a string into a tuple where each character is an element.,0.8810905814170837,8,,
536,Create a function that switches the case of each character in a string.,152,Write a function to convert a given string to a tuple of characters.,0.8708446025848389,9,,
536,Create a function that switches the case of each character in a string.,218,Write a function to reverse each string in a given list of string values.,0.8682861328125,10,,
536,Create a function that switches the case of each character in a string.,517,Create a function that tallies the number of uppercase characters in a string.,0.867497444152832,11,,
536,Create a function that switches the case of each character in a string.,68,Write a function to convert a string to a list of strings split on the space character.,0.8663163185119629,12,,
536,Create a function that switches the case of each character in a string.,481,Create a function that retrieves the last character from each string in a tuple.,0.8633392453193665,13,,
536,Create a function that switches the case of each character in a string.,494,Create a function that eliminates characters at odd positions in a string.,0.862921416759491,14,,
536,Create a function that switches the case of each character in a string.,576,Create a function that identifies the first character that appears more than once in a string.,0.8581901788711548,15,,
536,Create a function that switches the case of each character in a string.,531,Create a function that eliminates lowercase letter sequences from a string.,0.8560471534729004,16,,
536,Create a function that switches the case of each character in a string.,393,Develop a function that counts characters whose position in a string matches their position in the alphabet.,0.8558655977249146,17,,
536,Create a function that switches the case of each character in a string.,507,Create a function that eliminates all whitespace characters from a string.,0.8538676500320435,18,,
536,Create a function that switches the case of each character in a string.,249,Write a python function to split a string into characters.,0.8538594245910645,19,,
536,Create a function that switches the case of each character in a string.,200,Write a function to remove odd characters in a string.,0.8517169952392578,20,,
539,Create a function that determines the union of two tuples' elements and returns them in sorted order.,245,Write a function to find the union of the elements of two given tuples and output them in sorted order.,0.9604469537734985,1,,
539,Create a function that determines the union of two tuples' elements and returns them in sorted order.,486,Create a function that retrieves the element-wise AND results of two tuples.,0.9267468452453613,2,,
539,Create a function that determines the union of two tuples' elements and returns them in sorted order.,416,Create a function that subtracts corresponding elements of two tuples and returns the result as a tuple.,0.9249693155288696,3,,
539,Create a function that determines the union of two tuples' elements and returns them in sorted order.,316,Implement a function to sort tuples in a list based on their second element.,0.9073280096054077,4,,
539,Create a function that determines the union of two tuples' elements and returns them in sorted order.,502,Create a function that multiplies elements of two tuples at the same index together.,0.9007261991500854,5,,
539,Create a function that determines the union of two tuples' elements and returns them in sorted order.,523,Create a function that computes the pairwise sum of adjacent elements in a tuple.,0.8978878855705261,6,,
539,Create a function that determines the union of two tuples' elements and returns them in sorted order.,22,Write a function to sort a list of tuples using the second value of each tuple.,0.8915345668792725,7,,
539,Create a function that determines the union of two tuples' elements and returns them in sorted order.,462,Create a function that adds together elements of two nested tuples at the same index.,0.8906353712081909,8,,
539,Create a function that determines the union of two tuples' elements and returns them in sorted order.,122,Write a function that takes in two tuples and subtracts the elements of the first tuple by the elements of the second tuple with the same index.,0.8869048357009888,9,,
539,Create a function that determines the union of two tuples' elements and returns them in sorted order.,406,Create a function that splits a list into two at a given index L and returns both parts as a tuple.,0.8861715793609619,10,,
539,Create a function that determines the union of two tuples' elements and returns them in sorted order.,554,Create a function that identifies elements that are in either of the two tuples but not in both.,0.8836504220962524,11,,
539,Create a function that determines the union of two tuples' elements and returns them in sorted order.,192,Write a function to extract the elementwise and tuples from the given two tuples.,0.8796296715736389,12,,
539,Create a function that determines the union of two tuples' elements and returns them in sorted order.,208,Write a function to perform index wise multiplication of tuple elements in the given two tuples.,0.8789217472076416,13,,
539,Create a function that determines the union of two tuples' elements and returns them in sorted order.,475,Create a function that identifies the shared first element in a list of tuples.,0.8788396120071411,14,,
539,Create a function that determines the union of two tuples' elements and returns them in sorted order.,526,"Create a function that finds common elements in tuples within a list, regardless of their order.",0.8785583972930908,15,,
539,Create a function that determines the union of two tuples' elements and returns them in sorted order.,294,Create a function that returns the elements found in both of the provided lists.,0.8755207061767578,16,,
539,Create a function that determines the union of two tuples' elements and returns them in sorted order.,479,Create a function that concatenates the elements of a tuple using a specified delimiter.,0.8744769096374512,17,,
539,Create a function that determines the union of two tuples' elements and returns them in sorted order.,342,Create a function that finds the first element from the tuple with the lowest second value in a list.,0.874134361743927,18,,
539,Create a function that determines the union of two tuples' elements and returns them in sorted order.,572,Create a function that retrieves the kth element from the merged result of two sorted arrays.,0.8737188577651978,19,,
539,Create a function that determines the union of two tuples' elements and returns them in sorted order.,260,Write a function to find the dissimilar elements in the given two tuples.,0.8733566999435425,20,,
550,Create a function that calculates the surface area of a cylinder given its radius and height.,417,Create a function that computes the volume of a cylinder given its radius and height.,0.9602174758911133,1,,
550,Create a function that calculates the surface area of a cylinder given its radius and height.,123,Write a function that takes in the radius and height of a cylinder and returns the the volume.,0.9228433966636658,2,,
550,Create a function that calculates the surface area of a cylinder given its radius and height.,256,Write a function to find the surface area of a cylinder.,0.922723650932312,3,,
550,Create a function that calculates the surface area of a cylinder given its radius and height.,333,Implement a function to calculate the surface area of a sphere from its radius.,0.895325779914856,4,,
550,Create a function that calculates the surface area of a cylinder given its radius and height.,498,Create a function that calculates the surface area of a cube based on its size.,0.8901832103729248,5,,
550,Create a function that calculates the surface area of a cylinder given its radius and height.,330,Create a function that computes the volume of a sphere given its radius.,0.889674186706543,6,,
550,Create a function that calculates the surface area of a cylinder given its radius and height.,514,Create a function that calculates the area of a rectangle given its length and breadth.,0.8817379474639893,7,,
550,Create a function that calculates the surface area of a cylinder given its radius and height.,556,Create a function that calculates the surface area of a square pyramid given the length of a base edge and the pyramid's height.,0.8794070482254028,8,,
550,Create a function that calculates the surface area of a cylinder given its radius and height.,448,Calculate the volume of a cone given its radius and height.,0.8718836903572083,9,,
550,Create a function that calculates the surface area of a cylinder given its radius and height.,39,Write a function to find the surface area of a sphere.,0.866497814655304,10,,
550,Create a function that calculates the surface area of a cylinder given its radius and height.,409,Develop a function that calculates the lateral surface area of a cube from its side length.,0.8641642332077026,11,,
550,Create a function that calculates the surface area of a cylinder given its radius and height.,204,Write a function to find the surface area of a cube of a given size.,0.8607850074768066,12,,
550,Create a function that calculates the surface area of a cylinder given its radius and height.,379,Create a function that returns the circumference of a circle given its radius.,0.855424165725708,13,,
550,Create a function that calculates the surface area of a cylinder given its radius and height.,262,Write a python function to find the surface area of a square pyramid with a given base edge and height.,0.852644145488739,14,,
550,Create a function that calculates the surface area of a cylinder given its radius and height.,97,Write a function to calculate the area of a regular polygon given the length and number of its sides.,0.8521186113357544,15,,
550,Create a function that calculates the surface area of a cylinder given its radius and height.,391,Develop a function that computes the area of a regular polygon using its side length and number of sides.,0.8516250848770142,16,,
550,Create a function that calculates the surface area of a cylinder given its radius and height.,489,Create a function that calculates the median length of a trapezium given its bases and height.,0.8486242890357971,17,,
550,Create a function that calculates the surface area of a cylinder given its radius and height.,115,Write a function to find the lateral surface area of a cube given its side length.,0.8448289036750793,18,,
550,Create a function that calculates the surface area of a cylinder given its radius and height.,305,Create a function to compute the perimeter of a square from its side length.,0.8417673110961914,19,,
550,Create a function that calculates the surface area of a cylinder given its radius and height.,36,Write a function to find the volume of a sphere.,0.8386583924293518,20,,
559,Create a function that identifies the first adverb in a sentence ending with 'ly' and provides its position.,265,Write a function to find the first adverb ending with ly and its positions in a given sentence.,0.948295533657074,1,,
559,Create a function that identifies the first adverb in a sentence ending with 'ly' and provides its position.,497,Create a function that identifies the first adverb in a sentence and provides its position.,0.9119278192520142,2,,
559,Create a function that identifies the first adverb in a sentence ending with 'ly' and provides its position.,203,Write a function to find the first adverb and their positions in a given sentence.,0.8946216106414795,3,,
559,Create a function that identifies the first adverb in a sentence ending with 'ly' and provides its position.,576,Create a function that identifies the first character that appears more than once in a string.,0.7892886400222778,4,,
559,Create a function that identifies the first adverb in a sentence ending with 'ly' and provides its position.,456,Create a function that identifies the first non-repeating character in a string.,0.782827615737915,5,,
559,Create a function that identifies the first adverb in a sentence ending with 'ly' and provides its position.,510,Create a function that identifies words with the letter 'z' in them.,0.782346785068512,6,,
559,Create a function that identifies the first adverb in a sentence ending with 'ly' and provides its position.,282,Write a python function to find the first repeated character in a given string.,0.7773661017417908,7,,
559,Create a function that identifies the first adverb in a sentence ending with 'ly' and provides its position.,275,Write a function to find the difference of the first even and first odd number of a given list.,0.7772171497344971,8,,
559,Create a function that identifies the first adverb in a sentence ending with 'ly' and provides its position.,301,Create a Python function that deletes the first and last appearance of a specified character in a string.,0.7755972146987915,9,,
559,Create a function that identifies the first adverb in a sentence ending with 'ly' and provides its position.,561,Create a function that divides a list at the nth element and appends the first segment to the end.,0.7750389575958252,10,,
559,Create a function that identifies the first adverb in a sentence ending with 'ly' and provides its position.,569,Create a function that calculates the difference between the first even and first odd number in a list.,0.7749201655387878,11,,
559,Create a function that identifies the first adverb in a sentence ending with 'ly' and provides its position.,112,"Write a function that takes in a list and an integer n and splits the given list into two parts where the length of the first part of the list is L, and returns the resulting lists in a tuple.",0.7731245756149292,12,,
559,Create a function that identifies the first adverb in a sentence ending with 'ly' and provides its position.,491,Create a function that identifies strings containing 'a' followed by one or more 'b' characters.,0.7714768648147583,13,,
559,Create a function that identifies the first adverb in a sentence ending with 'ly' and provides its position.,356,Create a Python function that counts the number of ones in the first n positions of a binary string.,0.7694544792175293,14,,
559,Create a function that identifies the first adverb in a sentence ending with 'ly' and provides its position.,578,Create a function that reverses the order of words in a string where words are separated by spaces.,0.7687077522277832,15,,
559,Create a function that identifies the first adverb in a sentence ending with 'ly' and provides its position.,216,Write a function that matches a word containing 'z'.,0.7683224678039551,16,,
559,Create a function that identifies the first adverb in a sentence ending with 'ly' and provides its position.,566,Create a function that swaps the first and last elements of a list.,0.7676795125007629,17,,
559,Create a function that identifies the first adverb in a sentence ending with 'ly' and provides its position.,475,Create a function that identifies the shared first element in a list of tuples.,0.7673059701919556,18,,
559,Create a function that identifies the first adverb in a sentence ending with 'ly' and provides its position.,181,Write a function to find common first element in given list of tuple.,0.7668752670288086,19,,
559,Create a function that identifies the first adverb in a sentence ending with 'ly' and provides its position.,7,Write a python function to remove first and last occurrence of a given character from the string.,0.76683109998703,20,,
563,Create a function that calculates the difference between the maximum and minimum values in a list.,529,Create a function that computes the sum of the maximum and minimum values in an array.,0.9139924049377441,1,,
563,Create a function that calculates the difference between the maximum and minimum values in a list.,269,Write a python function to find the difference between largest and smallest value in a given list.,0.9036175012588501,2,,
563,Create a function that calculates the difference between the maximum and minimum values in a list.,175,Write a function to find the minimum value in a given heterogeneous list.,0.8882669806480408,3,,
563,Create a function that calculates the difference between the maximum and minimum values in a list.,135,Write a function to find the list of maximum length in a list of lists.,0.8842897415161133,4,,
563,Create a function that calculates the difference between the maximum and minimum values in a list.,314,Develop a Python function to return the minimum value in a list.,0.8829753398895264,5,,
563,Create a function that calculates the difference between the maximum and minimum values in a list.,469,Create a function that identifies the smallest value in a heterogeneous list.,0.8822784423828125,6,,
563,Create a function that calculates the difference between the maximum and minimum values in a list.,139,Write a function to find the maximum value in a given heterogeneous list.,0.8811866044998169,7,,
563,Create a function that calculates the difference between the maximum and minimum values in a list.,500,Create a function that identifies the largest negative number in a list.,0.8773242831230164,8,,
563,Create a function that calculates the difference between the maximum and minimum values in a list.,93,Write a python function to find the maximum difference between any two elements in a given array.,0.873806357383728,9,,
563,Create a function that calculates the difference between the maximum and minimum values in a list.,476,Create a function that identifies the element with the greatest length in a list.,0.8731393814086914,10,,
563,Create a function that calculates the difference between the maximum and minimum values in a list.,315,Create a function that returns the largest difference among pairs in a list of tuples.,0.8725033402442932,11,,
563,Create a function that calculates the difference between the maximum and minimum values in a list.,21,Write a function to find the maximum difference between available pairs in the given tuple list.,0.8712832927703857,12,,
563,Create a function that calculates the difference between the maximum and minimum values in a list.,569,Create a function that calculates the difference between the first even and first odd number in a list.,0.8710699081420898,13,,
563,Create a function that calculates the difference between the maximum and minimum values in a list.,449,Create a function that determines which list in a collection of lists is the longest.,0.8669483661651611,14,,
563,Create a function that calculates the difference between the maximum and minimum values in a list.,155,Write a function to find the list with maximum length.,0.864802360534668,15,,
563,Create a function that calculates the difference between the maximum and minimum values in a list.,423,Create a function that performs element-wise subtraction between two lists.,0.8647737503051758,16,,
563,Create a function that calculates the difference between the maximum and minimum values in a list.,513,Create a function that identifies the sublist with the smallest length within a list of sublists.,0.8636523485183716,17,,
563,Create a function that calculates the difference between the maximum and minimum values in a list.,174,Write a function to find the minimum product from the pairs of tuples within a given list.,0.862136960029602,18,,
563,Create a function that calculates the difference between the maximum and minimum values in a list.,468,Create a function that determines the lowest product obtainable from tuple pairs in a list.,0.8616455793380737,19,,
563,Create a function that calculates the difference between the maximum and minimum values in a list.,585,Create a function that determines the median value of two equally sized sorted lists.,0.8597028851509094,20,,
572,Create a function that retrieves the kth element from the merged result of two sorted arrays.,278,Write a function to find kth element from the given two sorted arrays.,0.934977650642395,1,,
572,Create a function that retrieves the kth element from the merged result of two sorted arrays.,349,"Develop a function that retrieves the kth element from an array, using 1-based indexing.",0.8908784985542297,2,,
572,Create a function that retrieves the kth element from the merged result of two sorted arrays.,467,Create a function that identifies k smallest pairs formed by elements from two arrays.,0.8768227100372314,3,,
572,Create a function that retrieves the kth element from the merged result of two sorted arrays.,486,Create a function that retrieves the element-wise AND results of two tuples.,0.8739241361618042,4,,
572,Create a function that retrieves the kth element from the merged result of two sorted arrays.,539,Create a function that determines the union of two tuples' elements and returns them in sorted order.,0.8737188577651978,5,,
572,Create a function that retrieves the kth element from the merged result of two sorted arrays.,55,Write a function to find the kth element in the given array using 1-based indexing.,0.8614230155944824,6,,
572,Create a function that retrieves the kth element from the merged result of two sorted arrays.,245,Write a function to find the union of the elements of two given tuples and output them in sorted order.,0.856505274772644,7,,
572,Create a function that retrieves the kth element from the merged result of two sorted arrays.,294,Create a function that returns the elements found in both of the provided lists.,0.8558626174926758,8,,
572,Create a function that retrieves the kth element from the merged result of two sorted arrays.,173,Write a function to find k number of smallest pairs which consist of one element from the first array and one element from the second array.,0.8476879596710205,9,,
572,Create a function that retrieves the kth element from the merged result of two sorted arrays.,416,Create a function that subtracts corresponding elements of two tuples and returns the result as a tuple.,0.8455533981323242,10,,
572,Create a function that retrieves the kth element from the merged result of two sorted arrays.,423,Create a function that performs element-wise subtraction between two lists.,0.8430800437927246,11,,
572,Create a function that retrieves the kth element from the merged result of two sorted arrays.,583,Create a function that produces a list identical to the input list but with the k'th element excluded.,0.8408459424972534,12,,
572,Create a function that retrieves the kth element from the merged result of two sorted arrays.,462,Create a function that adds together elements of two nested tuples at the same index.,0.8406052589416504,13,,
572,Create a function that retrieves the kth element from the merged result of two sorted arrays.,502,Create a function that multiplies elements of two tuples at the same index together.,0.8401378989219666,14,,
572,Create a function that retrieves the kth element from the merged result of two sorted arrays.,396,"Create a function that sums the elements of a list between two given indices, inclusive.",0.8388660550117493,15,,
572,Create a function that retrieves the kth element from the merged result of two sorted arrays.,289,"Write a python function which takes a list and returns a list with the same elements, but the k'th element removed.",0.8355741500854492,16,,
572,Create a function that retrieves the kth element from the merged result of two sorted arrays.,355,Develop a function that combines three lists and returns a single sorted list.,0.8335368633270264,17,,
572,Create a function that retrieves the kth element from the merged result of two sorted arrays.,0,Write a function to find the shared elements from the given two lists.,0.8330720663070679,18,,
572,Create a function that retrieves the kth element from the merged result of two sorted arrays.,523,Create a function that computes the pairwise sum of adjacent elements in a tuple.,0.8327417969703674,19,,
572,Create a function that retrieves the kth element from the merged result of two sorted arrays.,472,Create a function that retrieves the nth element from each tuple in a list of tuples.,0.8323215842247009,20,,
575,Create a function that determines if a number is even.,465,Create a function that determines if the parity of a number is odd.,0.9309123754501343,1,,
575,Create a function that determines if a number is even.,281,Write a python function to check whether the given number is even or not.,0.9070661067962646,2,,
575,Create a function that determines if a number is even.,579,Create a function that determines whether a given integer is prime.,0.8850252628326416,3,,
575,Create a function that determines if a number is even.,525,Create a function that verifies if a list of numbers is consecutive.,0.8811799883842468,4,,
575,Create a function that determines if a number is even.,340,Create a function to determine if a number is undulating (alternating digits).,0.8765689134597778,5,,
575,Create a function that determines if a number is even.,509,Create a function that computes the sum of all even factors of a given number.,0.8743557929992676,6,,
575,Create a function that determines if a number is even.,171,Write a python function to find whether the parity of a given number is odd.,0.8729748725891113,7,,
575,Create a function that determines if a number is even.,308,Develop a function to determine whether a number is a woodball number.,0.8675187826156616,8,,
575,Create a function that determines if a number is even.,46,Write a function to check whether the given number is undulating or not.,0.864966869354248,9,,
575,Create a function that determines if a number is even.,569,Create a function that calculates the difference between the first even and first odd number in a list.,0.8643686771392822,10,,
575,Create a function that determines if a number is even.,392,Create a function that checks if two numbers have the same sum of divisors.,0.8629946708679199,11,,
575,Create a function that determines if a number is even.,358,Create a function that determines whether a string can be interpreted as an integer.,0.8625836372375488,12,,
575,Create a function that determines if a number is even.,189,Write a function to filter odd numbers.,0.8619384765625,13,,
575,Create a function that determines if a number is even.,285,Write a function to check if the given integer is a prime number.,0.8614503145217896,14,,
575,Create a function that determines if a number is even.,215,Write a python function to find the sum of even factors of a number.,0.8611518144607544,15,,
575,Create a function that determines if a number is even.,573,Create a function that verifies if a number is an Armstrong number.,0.8582242727279663,16,,
575,Create a function that determines if a number is even.,463,Create a function that identifies the smaller of two given numbers.,0.8577923774719238,17,,
575,Create a function that determines if a number is even.,64,Write a function to check if a string represents an integer or not.,0.8545451164245605,18,,
575,Create a function that determines if a number is even.,275,Write a function to find the difference of the first even and first odd number of a given list.,0.8528680801391602,19,,
575,Create a function that determines if a number is even.,471,Create a function that filters out odd numbers from a list.,0.8511351346969604,20,,
577,Create a function that lists all lucid numbers up to a specified integer.,283,Write a function to get all lucid numbers smaller than or equal to a given integer.,0.9197071194648743,1,,
577,Create a function that lists all lucid numbers up to a specified integer.,459,Create a function that calculates the sum of digits for every number in a list.,0.8780555725097656,2,,
577,Create a function that lists all lucid numbers up to a specified integer.,365,Develop a function that calculates the sum of all amicable numbers up to a given limit.,0.8770623207092285,3,,
577,Create a function that lists all lucid numbers up to a specified integer.,71,Write a function to sum all amicable numbers from 1 to a specified number.,0.8763669729232788,4,,
577,Create a function that lists all lucid numbers up to a specified integer.,360,Create a function that joins all numbers in a tuple into one integer.,0.8757325410842896,5,,
577,Create a function that lists all lucid numbers up to a specified integer.,544,Create a function that computes the sum of all digits in a non-negative integer.,0.8717482686042786,6,,
577,Create a function that lists all lucid numbers up to a specified integer.,165,Write a function to compute the sum of digits of each number of a given list.,0.8704862594604492,7,,
577,Create a function that lists all lucid numbers up to a specified integer.,202,Write a function to join a list of multiple integers into a single integer.,0.8659533262252808,8,,
577,Create a function that lists all lucid numbers up to a specified integer.,549,Create a function that computes the product of all unique numbers in a list.,0.8657917976379395,9,,
577,Create a function that lists all lucid numbers up to a specified integer.,375,Develop a function that sums all negative numbers in a list.,0.865575909614563,10,,
577,Create a function that lists all lucid numbers up to a specified integer.,509,Create a function that computes the sum of all even factors of a given number.,0.8633610010147095,11,,
577,Create a function that lists all lucid numbers up to a specified integer.,496,Create a function that concatenates multiple integers from a list into one single integer.,0.8626679182052612,12,,
577,Create a function that lists all lucid numbers up to a specified integer.,434,Create a function that calculates the total sum of all divisors of a given number.,0.85869300365448,13,,
577,Create a function that lists all lucid numbers up to a specified integer.,384,Create a function that merges all numbers from a list of lists into a single set.,0.8521106243133545,14,,
577,Create a function that lists all lucid numbers up to a specified integer.,140,Write a function to return the sum of all divisors of a number.,0.850162923336029,15,,
577,Create a function that lists all lucid numbers up to a specified integer.,492,Create a function that extracts the last digit from a given number.,0.8467288613319397,16,,
577,Create a function that lists all lucid numbers up to a specified integer.,564,Create a function that identifies all perfect squares within a specified range.,0.845996618270874,17,,
577,Create a function that lists all lucid numbers up to a specified integer.,52,Write a function to multiply all the numbers in a list and divide with the length of the list.,0.8440651893615723,18,,
577,Create a function that lists all lucid numbers up to a specified integer.,250,Write a function to get the sum of the digits of a non-negative integer.,0.843917965888977,19,,
577,Create a function that lists all lucid numbers up to a specified integer.,66,Write a function to convert a given tuple of positive integers into a single integer.,0.8430458903312683,20,,
578,Create a function that reverses the order of words in a string where words are separated by spaces.,284,Write a function to reverse words seperated by spaces in a given string.,0.9573068618774414,1,,
578,Create a function that reverses the order of words in a string where words are separated by spaces.,362,Create a function that splits a string into a list of words using spaces as separators.,0.9148275256156921,2,,
578,Create a function that reverses the order of words in a string where words are separated by spaces.,512,Create a function that reverses the characters in each string within a list.,0.8922921419143677,3,,
578,Create a function that reverses the order of words in a string where words are separated by spaces.,68,Write a function to convert a string to a list of strings split on the space character.,0.8850377798080444,4,,
578,Create a function that reverses the order of words in a string where words are separated by spaces.,218,Write a function to reverse each string in a given list of string values.,0.8829700350761414,5,,
578,Create a function that reverses the order of words in a string where words are separated by spaces.,494,Create a function that eliminates characters at odd positions in a string.,0.8756014704704285,6,,
578,Create a function that reverses the order of words in a string where words are separated by spaces.,543,Create a function that divides a string into its individual characters.,0.8618849515914917,7,,
578,Create a function that reverses the order of words in a string where words are separated by spaces.,531,Create a function that eliminates lowercase letter sequences from a string.,0.8603721857070923,8,,
578,Create a function that reverses the order of words in a string where words are separated by spaces.,596,Write a function to reverse a string,0.8593106865882874,9,,
578,Create a function that reverses the order of words in a string where words are separated by spaces.,594,Write a function to reverse a string,0.8593106865882874,10,,
578,Create a function that reverses the order of words in a string where words are separated by spaces.,591,Write a function to reverse a string,0.8593106865882874,11,,
578,Create a function that reverses the order of words in a string where words are separated by spaces.,598,Write a function to reverse a string,0.8593106865882874,12,,
578,Create a function that reverses the order of words in a string where words are separated by spaces.,405,Develop a function that replaces every space in a string with a specified character.,0.8573217391967773,13,,
578,Create a function that reverses the order of words in a string where words are separated by spaces.,515,Create a function that eliminates uppercase letter sequences from a string.,0.8541214466094971,14,,
578,Create a function that reverses the order of words in a string where words are separated by spaces.,111,"Write a function that takes in a string and character, replaces blank spaces in the string with the character, and returns the string.",0.8510416746139526,15,,
578,Create a function that reverses the order of words in a string where words are separated by spaces.,370,Create a function that returns all words longer than n characters from a string.,0.8470655083656311,16,,
578,Create a function that reverses the order of words in a string where words are separated by spaces.,536,Create a function that switches the case of each character in a string.,0.8454245924949646,17,,
578,Create a function that reverses the order of words in a string where words are separated by spaces.,507,Create a function that eliminates all whitespace characters from a string.,0.8453868627548218,18,,
578,Create a function that reverses the order of words in a string where words are separated by spaces.,373,Develop a Python function that reverses only the vowels in a string.,0.8448296785354614,19,,
578,Create a function that reverses the order of words in a string where words are separated by spaces.,79,Write a python function to reverse only the vowels of a given string (where y is not a vowel).,0.8448202013969421,20,,
579,Create a function that determines whether a given integer is prime.,285,Write a function to check if the given integer is a prime number.,0.9602614045143127,1,,
579,Create a function that determines whether a given integer is prime.,295,Develop a Python function that checks if a number is not a prime.,0.907579779624939,2,,
579,Create a function that determines whether a given integer is prime.,358,Create a function that determines whether a string can be interpreted as an integer.,0.8874640464782715,3,,
579,Create a function that determines whether a given integer is prime.,465,Create a function that determines if the parity of a number is odd.,0.885231614112854,4,,
579,Create a function that determines whether a given integer is prime.,575,Create a function that determines if a number is even.,0.8850252628326416,5,,
579,Create a function that determines whether a given integer is prime.,64,Write a function to check if a string represents an integer or not.,0.8694537281990051,6,,
579,Create a function that determines whether a given integer is prime.,525,Create a function that verifies if a list of numbers is consecutive.,0.8563283681869507,7,,
579,Create a function that determines whether a given integer is prime.,1,Write a python function to identify non-prime numbers.,0.8542500734329224,8,,
579,Create a function that determines whether a given integer is prime.,573,Create a function that verifies if a number is an Armstrong number.,0.8516803979873657,9,,
579,Create a function that determines whether a given integer is prime.,340,Create a function to determine if a number is undulating (alternating digits).,0.8501664400100708,10,,
579,Create a function that determines whether a given integer is prime.,307,Create a function to check if an integer array has any repeated elements.,0.8494781851768494,11,,
579,Create a function that determines whether a given integer is prime.,46,Write a function to check whether the given number is undulating or not.,0.8485382795333862,12,,
579,Create a function that determines whether a given integer is prime.,532,Create a function that extracts the first digit from a given number.,0.8467154502868652,13,,
579,Create a function that determines whether a given integer is prime.,171,Write a python function to find whether the parity of a given number is odd.,0.8436227440834045,14,,
579,Create a function that determines whether a given integer is prime.,98,Write a function to determine if the sum of the divisors of two integers are the same.,0.841571033000946,15,,
579,Create a function that determines whether a given integer is prime.,13,Write a function to find whether a given array of integers contains any duplicate element.,0.8397613167762756,16,,
579,Create a function that determines whether a given integer is prime.,308,Develop a function to determine whether a number is a woodball number.,0.8393669128417969,17,,
579,Create a function that determines whether a given integer is prime.,490,Create a function that verifies if a given number is larger than all elements in an array.,0.8392258286476135,18,,
579,Create a function that determines whether a given integer is prime.,464,Create a function that verifies the existence of an element in a tuple.,0.8375709652900696,19,,
579,Create a function that determines whether a given integer is prime.,424,Develop a function that checks if the frequency of each digit in an integer n does not exceed the value of the digit.,0.8370788097381592,20,,
585,Create a function that determines the median value of two equally sized sorted lists.,291,Write a function to find the median of two sorted lists of same size.,0.9679323434829712,1,,
585,Create a function that determines the median value of two equally sized sorted lists.,587,Create a function that counts the number of indices at which two lists have the same value.,0.8924612998962402,2,,
585,Create a function that determines the median value of two equally sized sorted lists.,458,Create a function that determines the median value among three given numbers.,0.891745924949646,3,,
585,Create a function that determines the median value of two equally sized sorted lists.,423,Create a function that performs element-wise subtraction between two lists.,0.8721808195114136,4,,
585,Create a function that determines the median value of two equally sized sorted lists.,396,"Create a function that sums the elements of a list between two given indices, inclusive.",0.8619565963745117,5,,
585,Create a function that determines the median value of two equally sized sorted lists.,563,Create a function that calculates the difference between the maximum and minimum values in a list.,0.8597028851509094,6,,
585,Create a function that determines the median value of two equally sized sorted lists.,539,Create a function that determines the union of two tuples' elements and returns them in sorted order.,0.8560099601745605,7,,
585,Create a function that determines the median value of two equally sized sorted lists.,463,Create a function that identifies the smaller of two given numbers.,0.8516647815704346,8,,
585,Create a function that determines the median value of two equally sized sorted lists.,293,Write a function to count indices where the lists have the same values.,0.8504019379615784,9,,
585,Create a function that determines the median value of two equally sized sorted lists.,294,Create a function that returns the elements found in both of the provided lists.,0.8499323129653931,10,,
585,Create a function that determines the median value of two equally sized sorted lists.,545,Create a function that verifies if a list is sorted in ascending order.,0.8490857481956482,11,,
585,Create a function that determines the median value of two equally sized sorted lists.,392,Create a function that checks if two numbers have the same sum of divisors.,0.8469229936599731,12,,
585,Create a function that determines the median value of two equally sized sorted lists.,502,Create a function that multiplies elements of two tuples at the same index together.,0.8461875915527344,13,,
585,Create a function that determines the median value of two equally sized sorted lists.,129,Write a function to subtract two lists element-wise.,0.8456364274024963,14,,
585,Create a function that determines the median value of two equally sized sorted lists.,102,Write a function to find the sum of numbers in a list within a range specified by two indices.,0.8455227613449097,15,,
585,Create a function that determines the median value of two equally sized sorted lists.,385,Develop a function that counts how many items are the same at the same index in three lists.,0.8449282646179199,16,,
585,Create a function that determines the median value of two equally sized sorted lists.,569,Create a function that calculates the difference between the first even and first odd number in a list.,0.8446658849716187,17,,
585,Create a function that determines the median value of two equally sized sorted lists.,488,Create a function that checks for any common element between two lists and returns true if found.,0.8439343571662903,18,,
585,Create a function that determines the median value of two equally sized sorted lists.,469,Create a function that identifies the smallest value in a heterogeneous list.,0.8435772061347961,19,,
585,Create a function that determines the median value of two equally sized sorted lists.,164,Write a function to find the median of three numbers.,0.8434686660766602,20,,
588,Write a function to generate Fibonacci numbers in python language,597,Write a function to generate Fibonacci numbers in python language,1.000000238418579,1,,
588,Write a function to generate Fibonacci numbers in python language,599,Write a function to generate Fibonacci numbers in python language,1.000000238418579,2,,
588,Write a function to generate Fibonacci numbers in python language,595,Write a function to generate Fibonacci numbers in python language,1.000000238418579,3,,
588,Write a function to generate Fibonacci numbers in python language,593,Write a function to generate Fibonacci numbers in python language,1.000000238418579,4,,
588,Write a function to generate Fibonacci numbers in python language,603,Write a function to generate Fibonacci numbers in python language,1.000000238418579,5,,
588,Write a function to generate Fibonacci numbers in python language,602,Write a function to generate Fibonacci numbers in python language,1.000000238418579,6,,
588,Write a function to generate Fibonacci numbers in python language,601,Write a function to generate Fibonacci numbers in python language,1.000000238418579,7,,
588,Write a function to generate Fibonacci numbers in python language,600,Write a function to generate Fibonacci numbers in python language,1.000000238418579,8,,
588,Write a function to generate Fibonacci numbers in python language,605,Write a function to generate Fibonacci numbers in python language,1.000000238418579,9,,
588,Write a function to generate Fibonacci numbers in python language,607,Write a function to generate Fibonacci numbers in python language,1.000000238418579,10,,
588,Write a function to generate Fibonacci numbers in python language,604,Write a function to generate Fibonacci numbers in python language,1.000000238418579,11,,
588,Write a function to generate Fibonacci numbers in python language,590,Write a function to generate Fibonacci numbers in python language,1.000000238418579,12,,
588,Write a function to generate Fibonacci numbers in python language,592,Write a function to generate Fibonacci numbers in python language,1.000000238418579,13,,
588,Write a function to generate Fibonacci numbers in python language,609,Write a function to generate Fibonacci numbers in python language,1.000000238418579,14,,
588,Write a function to generate Fibonacci numbers in python language,611,Write a Python function to compute the nth Fibonacci number using memoization.,0.896233320236206,15,,
588,Write a function to generate Fibonacci numbers in python language,199,Write a python function to return the negative numbers in a list.,0.8441316485404968,16,,
588,Write a function to generate Fibonacci numbers in python language,1,Write a python function to identify non-prime numbers.,0.8436576724052429,17,,
588,Write a function to generate Fibonacci numbers in python language,238,Write a python function to find the first digit of a given number.,0.8436195254325867,18,,
588,Write a function to generate Fibonacci numbers in python language,24,Write a python function to count the number of positive numbers in a list.,0.8435276746749878,19,,
588,Write a function to generate Fibonacci numbers in python language,198,Write a python function to find the last digit of a given number.,0.8373420238494873,20,,
590,Write a function to generate Fibonacci numbers in python language,597,Write a function to generate Fibonacci numbers in python language,1.000000238418579,1,,
590,Write a function to generate Fibonacci numbers in python language,599,Write a function to generate Fibonacci numbers in python language,1.000000238418579,2,,
590,Write a function to generate Fibonacci numbers in python language,595,Write a function to generate Fibonacci numbers in python language,1.000000238418579,3,,
590,Write a function to generate Fibonacci numbers in python language,593,Write a function to generate Fibonacci numbers in python language,1.000000238418579,4,,
590,Write a function to generate Fibonacci numbers in python language,603,Write a function to generate Fibonacci numbers in python language,1.000000238418579,5,,
590,Write a function to generate Fibonacci numbers in python language,602,Write a function to generate Fibonacci numbers in python language,1.000000238418579,6,,
590,Write a function to generate Fibonacci numbers in python language,601,Write a function to generate Fibonacci numbers in python language,1.000000238418579,7,,
590,Write a function to generate Fibonacci numbers in python language,600,Write a function to generate Fibonacci numbers in python language,1.000000238418579,8,,
590,Write a function to generate Fibonacci numbers in python language,605,Write a function to generate Fibonacci numbers in python language,1.000000238418579,9,,
590,Write a function to generate Fibonacci numbers in python language,607,Write a function to generate Fibonacci numbers in python language,1.000000238418579,10,,
590,Write a function to generate Fibonacci numbers in python language,604,Write a function to generate Fibonacci numbers in python language,1.000000238418579,11,,
590,Write a function to generate Fibonacci numbers in python language,588,Write a function to generate Fibonacci numbers in python language,1.000000238418579,12,,
590,Write a function to generate Fibonacci numbers in python language,592,Write a function to generate Fibonacci numbers in python language,1.000000238418579,13,,
590,Write a function to generate Fibonacci numbers in python language,609,Write a function to generate Fibonacci numbers in python language,1.000000238418579,14,,
590,Write a function to generate Fibonacci numbers in python language,611,Write a Python function to compute the nth Fibonacci number using memoization.,0.896233320236206,15,,
590,Write a function to generate Fibonacci numbers in python language,199,Write a python function to return the negative numbers in a list.,0.8441316485404968,16,,
590,Write a function to generate Fibonacci numbers in python language,1,Write a python function to identify non-prime numbers.,0.8436576724052429,17,,
590,Write a function to generate Fibonacci numbers in python language,238,Write a python function to find the first digit of a given number.,0.8436195254325867,18,,
590,Write a function to generate Fibonacci numbers in python language,24,Write a python function to count the number of positive numbers in a list.,0.8435276746749878,19,,
590,Write a function to generate Fibonacci numbers in python language,198,Write a python function to find the last digit of a given number.,0.8373420238494873,20,,
592,Write a function to generate Fibonacci numbers in python language,597,Write a function to generate Fibonacci numbers in python language,1.000000238418579,1,,
592,Write a function to generate Fibonacci numbers in python language,599,Write a function to generate Fibonacci numbers in python language,1.000000238418579,2,,
592,Write a function to generate Fibonacci numbers in python language,595,Write a function to generate Fibonacci numbers in python language,1.000000238418579,3,,
592,Write a function to generate Fibonacci numbers in python language,593,Write a function to generate Fibonacci numbers in python language,1.000000238418579,4,,
592,Write a function to generate Fibonacci numbers in python language,603,Write a function to generate Fibonacci numbers in python language,1.000000238418579,5,,
592,Write a function to generate Fibonacci numbers in python language,602,Write a function to generate Fibonacci numbers in python language,1.000000238418579,6,,
592,Write a function to generate Fibonacci numbers in python language,601,Write a function to generate Fibonacci numbers in python language,1.000000238418579,7,,
592,Write a function to generate Fibonacci numbers in python language,600,Write a function to generate Fibonacci numbers in python language,1.000000238418579,8,,
592,Write a function to generate Fibonacci numbers in python language,605,Write a function to generate Fibonacci numbers in python language,1.000000238418579,9,,
592,Write a function to generate Fibonacci numbers in python language,607,Write a function to generate Fibonacci numbers in python language,1.000000238418579,10,,
592,Write a function to generate Fibonacci numbers in python language,604,Write a function to generate Fibonacci numbers in python language,1.000000238418579,11,,
592,Write a function to generate Fibonacci numbers in python language,588,Write a function to generate Fibonacci numbers in python language,1.000000238418579,12,,
592,Write a function to generate Fibonacci numbers in python language,590,Write a function to generate Fibonacci numbers in python language,1.000000238418579,13,,
592,Write a function to generate Fibonacci numbers in python language,609,Write a function to generate Fibonacci numbers in python language,1.000000238418579,14,,
592,Write a function to generate Fibonacci numbers in python language,611,Write a Python function to compute the nth Fibonacci number using memoization.,0.896233320236206,15,,
592,Write a function to generate Fibonacci numbers in python language,199,Write a python function to return the negative numbers in a list.,0.8441316485404968,16,,
592,Write a function to generate Fibonacci numbers in python language,1,Write a python function to identify non-prime numbers.,0.8436576724052429,17,,
592,Write a function to generate Fibonacci numbers in python language,238,Write a python function to find the first digit of a given number.,0.8436195254325867,18,,
592,Write a function to generate Fibonacci numbers in python language,24,Write a python function to count the number of positive numbers in a list.,0.8435276746749878,19,,
592,Write a function to generate Fibonacci numbers in python language,198,Write a python function to find the last digit of a given number.,0.8373420238494873,20,,
594,Write a function to reverse a string,591,Write a function to reverse a string,1.0,1,,
594,Write a function to reverse a string,596,Write a function to reverse a string,1.0,2,,
594,Write a function to reverse a string,598,Write a function to reverse a string,1.0,3,,
594,Write a function to reverse a string,218,Write a function to reverse each string in a given list of string values.,0.9056456685066223,4,,
594,Write a function to reverse a string,512,Create a function that reverses the characters in each string within a list.,0.8943320512771606,5,,
594,Write a function to reverse a string,233,Write a function to replace characters in a string.,0.8921873569488525,6,,
594,Write a function to reverse a string,284,Write a function to reverse words seperated by spaces in a given string.,0.8883994817733765,7,,
594,Write a function to reverse a string,80,Write a function to convert a tuple to a string.,0.8742523193359375,8,,
594,Write a function to reverse a string,200,Write a function to remove odd characters in a string.,0.8682550191879272,9,,
594,Write a function to reverse a string,578,Create a function that reverses the order of words in a string where words are separated by spaces.,0.8593106865882874,10,,
594,Write a function to reverse a string,152,Write a function to convert a given string to a tuple of characters.,0.8577920198440552,11,,
594,Write a function to reverse a string,249,Write a python function to split a string into characters.,0.8518446087837219,12,,
594,Write a function to reverse a string,111,"Write a function that takes in a string and character, replaces blank spaces in the string with the character, and returns the string.",0.848319947719574,13,,
594,Write a function to reverse a string,494,Create a function that eliminates characters at odd positions in a string.,0.846440315246582,14,,
594,Write a function to reverse a string,536,Create a function that switches the case of each character in a string.,0.8432776927947998,15,,
594,Write a function to reverse a string,373,Develop a Python function that reverses only the vowels in a string.,0.8429117202758789,16,,
594,Write a function to reverse a string,79,Write a python function to reverse only the vowels of a given string (where y is not a vowel).,0.8406011462211609,17,,
594,Write a function to reverse a string,530,Create a function that changes all characters in a string to lowercase.,0.8405600786209106,18,,
594,Write a function to reverse a string,236,Write a python function to convert the given string to lower case.,0.8401055335998535,19,,
594,Write a function to reverse a string,68,Write a function to convert a string to a list of strings split on the space character.,0.8388649225234985,20,,
595,Write a function to generate Fibonacci numbers in python language,597,Write a function to generate Fibonacci numbers in python language,1.000000238418579,1,,
595,Write a function to generate Fibonacci numbers in python language,599,Write a function to generate Fibonacci numbers in python language,1.000000238418579,2,,
595,Write a function to generate Fibonacci numbers in python language,593,Write a function to generate Fibonacci numbers in python language,1.000000238418579,3,,
595,Write a function to generate Fibonacci numbers in python language,592,Write a function to generate Fibonacci numbers in python language,1.000000238418579,4,,
595,Write a function to generate Fibonacci numbers in python language,603,Write a function to generate Fibonacci numbers in python language,1.000000238418579,5,,
595,Write a function to generate Fibonacci numbers in python language,602,Write a function to generate Fibonacci numbers in python language,1.000000238418579,6,,
595,Write a function to generate Fibonacci numbers in python language,601,Write a function to generate Fibonacci numbers in python language,1.000000238418579,7,,
595,Write a function to generate Fibonacci numbers in python language,600,Write a function to generate Fibonacci numbers in python language,1.000000238418579,8,,
595,Write a function to generate Fibonacci numbers in python language,605,Write a function to generate Fibonacci numbers in python language,1.000000238418579,9,,
595,Write a function to generate Fibonacci numbers in python language,607,Write a function to generate Fibonacci numbers in python language,1.000000238418579,10,,
595,Write a function to generate Fibonacci numbers in python language,604,Write a function to generate Fibonacci numbers in python language,1.000000238418579,11,,
595,Write a function to generate Fibonacci numbers in python language,588,Write a function to generate Fibonacci numbers in python language,1.000000238418579,12,,
595,Write a function to generate Fibonacci numbers in python language,590,Write a function to generate Fibonacci numbers in python language,1.000000238418579,13,,
595,Write a function to generate Fibonacci numbers in python language,609,Write a function to generate Fibonacci numbers in python language,1.000000238418579,14,,
595,Write a function to generate Fibonacci numbers in python language,611,Write a Python function to compute the nth Fibonacci number using memoization.,0.896233320236206,15,,
595,Write a function to generate Fibonacci numbers in python language,199,Write a python function to return the negative numbers in a list.,0.8441316485404968,16,,
595,Write a function to generate Fibonacci numbers in python language,1,Write a python function to identify non-prime numbers.,0.8436576724052429,17,,
595,Write a function to generate Fibonacci numbers in python language,238,Write a python function to find the first digit of a given number.,0.8436195254325867,18,,
595,Write a function to generate Fibonacci numbers in python language,24,Write a python function to count the number of positive numbers in a list.,0.8435276746749878,19,,
595,Write a function to generate Fibonacci numbers in python language,198,Write a python function to find the last digit of a given number.,0.8373420238494873,20,,
596,Write a function to reverse a string,594,Write a function to reverse a string,1.0,1,,
596,Write a function to reverse a string,591,Write a function to reverse a string,1.0,2,,
596,Write a function to reverse a string,598,Write a function to reverse a string,1.0,3,,
596,Write a function to reverse a string,218,Write a function to reverse each string in a given list of string values.,0.9056456685066223,4,,
596,Write a function to reverse a string,512,Create a function that reverses the characters in each string within a list.,0.8943320512771606,5,,
596,Write a function to reverse a string,233,Write a function to replace characters in a string.,0.8921873569488525,6,,
596,Write a function to reverse a string,284,Write a function to reverse words seperated by spaces in a given string.,0.8883994817733765,7,,
596,Write a function to reverse a string,80,Write a function to convert a tuple to a string.,0.8742523193359375,8,,
596,Write a function to reverse a string,200,Write a function to remove odd characters in a string.,0.8682550191879272,9,,
596,Write a function to reverse a string,578,Create a function that reverses the order of words in a string where words are separated by spaces.,0.8593106865882874,10,,
596,Write a function to reverse a string,152,Write a function to convert a given string to a tuple of characters.,0.8577920198440552,11,,
596,Write a function to reverse a string,249,Write a python function to split a string into characters.,0.8518446087837219,12,,
596,Write a function to reverse a string,111,"Write a function that takes in a string and character, replaces blank spaces in the string with the character, and returns the string.",0.848319947719574,13,,
596,Write a function to reverse a string,494,Create a function that eliminates characters at odd positions in a string.,0.846440315246582,14,,
596,Write a function to reverse a string,536,Create a function that switches the case of each character in a string.,0.8432776927947998,15,,
596,Write a function to reverse a string,373,Develop a Python function that reverses only the vowels in a string.,0.8429117202758789,16,,
596,Write a function to reverse a string,79,Write a python function to reverse only the vowels of a given string (where y is not a vowel).,0.8406011462211609,17,,
596,Write a function to reverse a string,530,Create a function that changes all characters in a string to lowercase.,0.8405600786209106,18,,
596,Write a function to reverse a string,236,Write a python function to convert the given string to lower case.,0.8401055335998535,19,,
596,Write a function to reverse a string,68,Write a function to convert a string to a list of strings split on the space character.,0.8388649225234985,20,,
601,Write a function to generate Fibonacci numbers in python language,595,Write a function to generate Fibonacci numbers in python language,1.000000238418579,1,,
601,Write a function to generate Fibonacci numbers in python language,597,Write a function to generate Fibonacci numbers in python language,1.000000238418579,2,,
601,Write a function to generate Fibonacci numbers in python language,593,Write a function to generate Fibonacci numbers in python language,1.000000238418579,3,,
601,Write a function to generate Fibonacci numbers in python language,592,Write a function to generate Fibonacci numbers in python language,1.000000238418579,4,,
601,Write a function to generate Fibonacci numbers in python language,603,Write a function to generate Fibonacci numbers in python language,1.000000238418579,5,,
601,Write a function to generate Fibonacci numbers in python language,602,Write a function to generate Fibonacci numbers in python language,1.000000238418579,6,,
601,Write a function to generate Fibonacci numbers in python language,600,Write a function to generate Fibonacci numbers in python language,1.000000238418579,7,,
601,Write a function to generate Fibonacci numbers in python language,599,Write a function to generate Fibonacci numbers in python language,1.000000238418579,8,,
601,Write a function to generate Fibonacci numbers in python language,605,Write a function to generate Fibonacci numbers in python language,1.000000238418579,9,,
601,Write a function to generate Fibonacci numbers in python language,607,Write a function to generate Fibonacci numbers in python language,1.000000238418579,10,,
601,Write a function to generate Fibonacci numbers in python language,604,Write a function to generate Fibonacci numbers in python language,1.000000238418579,11,,
601,Write a function to generate Fibonacci numbers in python language,588,Write a function to generate Fibonacci numbers in python language,1.000000238418579,12,,
601,Write a function to generate Fibonacci numbers in python language,590,Write a function to generate Fibonacci numbers in python language,1.000000238418579,13,,
601,Write a function to generate Fibonacci numbers in python language,609,Write a function to generate Fibonacci numbers in python language,1.000000238418579,14,,
601,Write a function to generate Fibonacci numbers in python language,611,Write a Python function to compute the nth Fibonacci number using memoization.,0.896233320236206,15,,
601,Write a function to generate Fibonacci numbers in python language,199,Write a python function to return the negative numbers in a list.,0.8441316485404968,16,,
601,Write a function to generate Fibonacci numbers in python language,1,Write a python function to identify non-prime numbers.,0.8436576724052429,17,,
601,Write a function to generate Fibonacci numbers in python language,238,Write a python function to find the first digit of a given number.,0.8436195254325867,18,,
601,Write a function to generate Fibonacci numbers in python language,24,Write a python function to count the number of positive numbers in a list.,0.8435276746749878,19,,
601,Write a function to generate Fibonacci numbers in python language,198,Write a python function to find the last digit of a given number.,0.8373420238494873,20,,
606,Generate a Python function that calculates the Levenshtein distance between two strings without using external libraries,608,Generate a Python function that calculates the Levenshtein distance between two strings without using external libraries,0.9999998211860657,1,,
606,Generate a Python function that calculates the Levenshtein distance between two strings without using external libraries,610,Generate a Python function that calculates the Levenshtein distance between two strings without using external libraries,0.9999998211860657,2,,
606,Generate a Python function that calculates the Levenshtein distance between two strings without using external libraries,612,Generate a Python function that calculates the Levenshtein distance between two strings without using external libraries,0.9999998211860657,3,,
606,Generate a Python function that calculates the Levenshtein distance between two strings without using external libraries,93,Write a python function to find the maximum difference between any two elements in a given array.,0.7960295677185059,4,,
606,Generate a Python function that calculates the Levenshtein distance between two strings without using external libraries,237,Write a python function to remove lowercase substrings from a given string.,0.7887409329414368,5,,
606,Generate a Python function that calculates the Levenshtein distance between two strings without using external libraries,506,Create a function that retrieves strings of a certain length from a list.,0.7882310152053833,6,,
606,Generate a Python function that calculates the Levenshtein distance between two strings without using external libraries,387,Develop a Python function to get the largest difference between any two elements in an array.,0.7880442142486572,7,,
606,Generate a Python function that calculates the Levenshtein distance between two strings without using external libraries,313,Create a Python function that counts substrings where the sum of digits matches the substring's length.,0.7865398526191711,8,,
606,Generate a Python function that calculates the Levenshtein distance between two strings without using external libraries,402,Create a Python function that removes all characters at odd indices from a string.,0.7828903794288635,9,,
606,Generate a Python function that calculates the Levenshtein distance between two strings without using external libraries,243,Write a python function to find the sum of the per-digit difference between two integers.,0.7822172045707703,10,,
606,Generate a Python function that calculates the Levenshtein distance between two strings without using external libraries,324,Create a Python function to determine if a number can be written as the difference of two squares.,0.7812027931213379,11,,
606,Generate a Python function that calculates the Levenshtein distance between two strings without using external libraries,162,Write a python function to find the first non-repeated character in a given string.,0.7789451479911804,12,,
606,Generate a Python function that calculates the Levenshtein distance between two strings without using external libraries,373,Develop a Python function that reverses only the vowels in a string.,0.7780637145042419,13,,
606,Generate a Python function that calculates the Levenshtein distance between two strings without using external libraries,249,Write a python function to split a string into characters.,0.7773574590682983,14,,
606,Generate a Python function that calculates the Levenshtein distance between two strings without using external libraries,343,Develop a Python function to return the length of the shortest list among a list of lists.,0.7770086526870728,15,,
606,Generate a Python function that calculates the Levenshtein distance between two strings without using external libraries,367,Develop a function that finds the largest difference between the count of zeros and ones in any substring of a binary string.,0.7763044238090515,16,,
606,Generate a Python function that calculates the Levenshtein distance between two strings without using external libraries,108,Write a python function to remove the characters which have odd index values of a given string.,0.7762951850891113,17,,
606,Generate a Python function that calculates the Levenshtein distance between two strings without using external libraries,212,Write a function to extract specified size of strings from a given list of string values.,0.776236891746521,18,,
606,Generate a Python function that calculates the Levenshtein distance between two strings without using external libraries,19,Write a python function to count the number of substrings with the sum of digits equal to their length.,0.7754659056663513,19,,
606,Generate a Python function that calculates the Levenshtein distance between two strings without using external libraries,297,Create a Python function to determine if two numbers differ by exactly one bit position.,0.7749329209327698,20,,
607,Write a function to generate Fibonacci numbers in python language,595,Write a function to generate Fibonacci numbers in python language,1.000000238418579,1,,
607,Write a function to generate Fibonacci numbers in python language,597,Write a function to generate Fibonacci numbers in python language,1.000000238418579,2,,
607,Write a function to generate Fibonacci numbers in python language,593,Write a function to generate Fibonacci numbers in python language,1.000000238418579,3,,
607,Write a function to generate Fibonacci numbers in python language,592,Write a function to generate Fibonacci numbers in python language,1.000000238418579,4,,
607,Write a function to generate Fibonacci numbers in python language,602,Write a function to generate Fibonacci numbers in python language,1.000000238418579,5,,
607,Write a function to generate Fibonacci numbers in python language,601,Write a function to generate Fibonacci numbers in python language,1.000000238418579,6,,
607,Write a function to generate Fibonacci numbers in python language,600,Write a function to generate Fibonacci numbers in python language,1.000000238418579,7,,
607,Write a function to generate Fibonacci numbers in python language,599,Write a function to generate Fibonacci numbers in python language,1.000000238418579,8,,
607,Write a function to generate Fibonacci numbers in python language,604,Write a function to generate Fibonacci numbers in python language,1.000000238418579,9,,
607,Write a function to generate Fibonacci numbers in python language,605,Write a function to generate Fibonacci numbers in python language,1.000000238418579,10,,
607,Write a function to generate Fibonacci numbers in python language,603,Write a function to generate Fibonacci numbers in python language,1.000000238418579,11,,
607,Write a function to generate Fibonacci numbers in python language,588,Write a function to generate Fibonacci numbers in python language,1.000000238418579,12,,
607,Write a function to generate Fibonacci numbers in python language,590,Write a function to generate Fibonacci numbers in python language,1.000000238418579,13,,
607,Write a function to generate Fibonacci numbers in python language,609,Write a function to generate Fibonacci numbers in python language,1.000000238418579,14,,
607,Write a function to generate Fibonacci numbers in python language,611,Write a Python function to compute the nth Fibonacci number using memoization.,0.896233320236206,15,,
607,Write a function to generate Fibonacci numbers in python language,199,Write a python function to return the negative numbers in a list.,0.8441316485404968,16,,
607,Write a function to generate Fibonacci numbers in python language,1,Write a python function to identify non-prime numbers.,0.8436576724052429,17,,
607,Write a function to generate Fibonacci numbers in python language,238,Write a python function to find the first digit of a given number.,0.8436195254325867,18,,
607,Write a function to generate Fibonacci numbers in python language,24,Write a python function to count the number of positive numbers in a list.,0.8435276746749878,19,,
607,Write a function to generate Fibonacci numbers in python language,198,Write a python function to find the last digit of a given number.,0.8373420238494873,20,,
611,Write a Python function to compute the nth Fibonacci number using memoization.,597,Write a function to generate Fibonacci numbers in python language,0.896233320236206,1,,
611,Write a Python function to compute the nth Fibonacci number using memoization.,601,Write a function to generate Fibonacci numbers in python language,0.896233320236206,2,,
611,Write a Python function to compute the nth Fibonacci number using memoization.,599,Write a function to generate Fibonacci numbers in python language,0.896233320236206,3,,
611,Write a Python function to compute the nth Fibonacci number using memoization.,600,Write a function to generate Fibonacci numbers in python language,0.896233320236206,4,,
611,Write a Python function to compute the nth Fibonacci number using memoization.,593,Write a function to generate Fibonacci numbers in python language,0.896233320236206,5,,
611,Write a Python function to compute the nth Fibonacci number using memoization.,595,Write a function to generate Fibonacci numbers in python language,0.896233320236206,6,,
611,Write a Python function to compute the nth Fibonacci number using memoization.,592,Write a function to generate Fibonacci numbers in python language,0.896233320236206,7,,
611,Write a Python function to compute the nth Fibonacci number using memoization.,602,Write a function to generate Fibonacci numbers in python language,0.896233320236206,8,,
611,Write a Python function to compute the nth Fibonacci number using memoization.,605,Write a function to generate Fibonacci numbers in python language,0.896233320236206,9,,
611,Write a Python function to compute the nth Fibonacci number using memoization.,604,Write a function to generate Fibonacci numbers in python language,0.896233320236206,10,,
611,Write a Python function to compute the nth Fibonacci number using memoization.,588,Write a function to generate Fibonacci numbers in python language,0.896233320236206,11,,
611,Write a Python function to compute the nth Fibonacci number using memoization.,607,Write a function to generate Fibonacci numbers in python language,0.896233320236206,12,,
611,Write a Python function to compute the nth Fibonacci number using memoization.,603,Write a function to generate Fibonacci numbers in python language,0.896233320236206,13,,
611,Write a Python function to compute the nth Fibonacci number using memoization.,590,Write a function to generate Fibonacci numbers in python language,0.896233320236206,14,,
611,Write a Python function to compute the nth Fibonacci number using memoization.,609,Write a function to generate Fibonacci numbers in python language,0.896233320236206,15,,
611,Write a Python function to compute the nth Fibonacci number using memoization.,288,Write a python function to find nth bell number.,0.8511001467704773,16,,
611,Write a Python function to compute the nth Fibonacci number using memoization.,238,Write a python function to find the first digit of a given number.,0.8409234285354614,17,,
611,Write a Python function to compute the nth Fibonacci number using memoization.,582,Create a function that computes the nth Bell number.,0.8408394455909729,18,,
611,Write a Python function to compute the nth Fibonacci number using memoization.,198,Write a python function to find the last digit of a given number.,0.8364766836166382,19,,
611,Write a Python function to compute the nth Fibonacci number using memoization.,126,Write a function to find the nth decagonal number.,0.8348289728164673,20,,
612,Generate a Python function that calculates the Levenshtein distance between two strings without using external libraries,606,Generate a Python function that calculates the Levenshtein distance between two strings without using external libraries,0.9999998211860657,1,,
612,Generate a Python function that calculates the Levenshtein distance between two strings without using external libraries,608,Generate a Python function that calculates the Levenshtein distance between two strings without using external libraries,0.9999998211860657,2,,
612,Generate a Python function that calculates the Levenshtein distance between two strings without using external libraries,610,Generate a Python function that calculates the Levenshtein distance between two strings without using external libraries,0.9999998211860657,3,,
612,Generate a Python function that calculates the Levenshtein distance between two strings without using external libraries,93,Write a python function to find the maximum difference between any two elements in a given array.,0.7960295677185059,4,,
612,Generate a Python function that calculates the Levenshtein distance between two strings without using external libraries,237,Write a python function to remove lowercase substrings from a given string.,0.7887409329414368,5,,
612,Generate a Python function that calculates the Levenshtein distance between two strings without using external libraries,506,Create a function that retrieves strings of a certain length from a list.,0.7882310152053833,6,,
612,Generate a Python function that calculates the Levenshtein distance between two strings without using external libraries,387,Develop a Python function to get the largest difference between any two elements in an array.,0.7880442142486572,7,,
612,Generate a Python function that calculates the Levenshtein distance between two strings without using external libraries,313,Create a Python function that counts substrings where the sum of digits matches the substring's length.,0.7865398526191711,8,,
612,Generate a Python function that calculates the Levenshtein distance between two strings without using external libraries,402,Create a Python function that removes all characters at odd indices from a string.,0.7828903794288635,9,,
612,Generate a Python function that calculates the Levenshtein distance between two strings without using external libraries,243,Write a python function to find the sum of the per-digit difference between two integers.,0.7822172045707703,10,,
612,Generate a Python function that calculates the Levenshtein distance between two strings without using external libraries,324,Create a Python function to determine if a number can be written as the difference of two squares.,0.7812027931213379,11,,
612,Generate a Python function that calculates the Levenshtein distance between two strings without using external libraries,162,Write a python function to find the first non-repeated character in a given string.,0.7789451479911804,12,,
612,Generate a Python function that calculates the Levenshtein distance between two strings without using external libraries,373,Develop a Python function that reverses only the vowels in a string.,0.7780637145042419,13,,
612,Generate a Python function that calculates the Levenshtein distance between two strings without using external libraries,249,Write a python function to split a string into characters.,0.7773574590682983,14,,
612,Generate a Python function that calculates the Levenshtein distance between two strings without using external libraries,343,Develop a Python function to return the length of the shortest list among a list of lists.,0.7770086526870728,15,,
612,Generate a Python function that calculates the Levenshtein distance between two strings without using external libraries,367,Develop a function that finds the largest difference between the count of zeros and ones in any substring of a binary string.,0.7763044238090515,16,,
612,Generate a Python function that calculates the Levenshtein distance between two strings without using external libraries,108,Write a python function to remove the characters which have odd index values of a given string.,0.7762951850891113,17,,
612,Generate a Python function that calculates the Levenshtein distance between two strings without using external libraries,212,Write a function to extract specified size of strings from a given list of string values.,0.776236891746521,18,,
612,Generate a Python function that calculates the Levenshtein distance between two strings without using external libraries,19,Write a python function to count the number of substrings with the sum of digits equal to their length.,0.7754659056663513,19,,
612,Generate a Python function that calculates the Levenshtein distance between two strings without using external libraries,297,Create a Python function to determine if two numbers differ by exactly one bit position.,0.7749329209327698,20,,
615,Write a Python function to check if a string is a valid IPv4 address.,613,Write a Python function to check if a string is a valid IPv4 address.,1.0,1,,
615,Write a Python function to check if a string is a valid IPv4 address.,614,Write a Python function to check if a string is a valid IPv4 address.,1.0,2,,
615,Write a Python function to check if a string is a valid IPv4 address.,631,Write a Python function to check if a string is a valid IPv6 address.,0.9613115787506104,3,,
615,Write a Python function to check if a string is a valid IPv4 address.,628,Write a Python function to check if a string is a valid IPv6 address.,0.9613115787506104,4,,
615,Write a Python function to check if a string is a valid IPv4 address.,618,Write a Python function to check if a string is a valid IPv6 address.,0.9613115787506104,5,,
615,Write a Python function to check if a string is a valid IPv4 address.,621,Write a Python function to check if a string is a valid IPv6 address.,0.9613115787506104,6,,
615,Write a Python function to check if a string is a valid IPv4 address.,625,Write a Python function to check if a string is a valid IPv6 address.,0.9613115787506104,7,,
615,Write a Python function to check if a string is a valid IPv4 address.,281,Write a python function to check whether the given number is even or not.,0.8349714279174805,8,,
615,Write a Python function to check if a string is a valid IPv4 address.,64,Write a function to check if a string represents an integer or not.,0.833965539932251,9,,
615,Write a Python function to check if a string is a valid IPv4 address.,179,Write a python function to check whether any value in a sequence exists in a sequence or not.,0.8272015452384949,10,,
615,Write a Python function to check if a string is a valid IPv4 address.,295,Develop a Python function that checks if a number is not a prime.,0.8257731199264526,11,,
615,Write a Python function to check if a string is a valid IPv4 address.,15,Write a python function to check if a given number is one less than twice its reverse.,0.8215546011924744,12,,
615,Write a Python function to check if a string is a valid IPv4 address.,34,Write a python function to check whether the length of the word is odd or not.,0.8213860392570496,13,,
615,Write a Python function to check if a string is a valid IPv4 address.,328,Create a Python function to determine if the length of a word is an odd number.,0.8172295093536377,14,,
615,Write a Python function to check if a string is a valid IPv4 address.,274,Write a function to remove leading zeroes from an ip address.,0.817198634147644,15,,
615,Write a Python function to check if a string is a valid IPv4 address.,130,Write a python function takes in an integer and check whether the frequency of each digit in the integer is less than or equal to the digit itself.,0.8143717050552368,16,,
615,Write a Python function to check if a string is a valid IPv4 address.,3,Write a python function to check whether the two numbers differ at one bit position only or not.,0.8139959573745728,17,,
615,Write a Python function to check if a string is a valid IPv4 address.,249,Write a python function to split a string into characters.,0.8132478594779968,18,,
615,Write a Python function to check if a string is a valid IPv4 address.,311,Create a Python function to verify if two integers have different signs.,0.8121441602706909,19,,
615,Write a Python function to check if a string is a valid IPv4 address.,128,Write a python function to check if the elements of a given list are unique or not.,0.811935544013977,20,,
616,Find shared elements from four arrays.,629,Find shared elements from eight arrays.,0.9497285485267639,1,,
616,Find shared elements from four arrays.,626,Find shared elements from eight arrays.,0.9497285485267639,2,,
616,Find shared elements from four arrays.,622,Find shared elements from eleven arrays.,0.937801718711853,3,,
616,Find shared elements from four arrays.,619,Find shared elements from eleven arrays.,0.937801718711853,4,,
616,Find shared elements from four arrays.,623,Find shared elements from eleven arrays.,0.937801718711853,5,,
616,Find shared elements from four arrays.,0,Write a function to find the shared elements from the given two lists.,0.8622141480445862,6,,
616,Find shared elements from four arrays.,357,Develop a function that returns the elements shared by all nested lists.,0.8334696888923645,7,,
616,Find shared elements from four arrays.,63,Write a function to find the common elements in given nested lists.,0.8212778568267822,8,,
616,Find shared elements from four arrays.,475,Create a function that identifies the shared first element in a list of tuples.,0.815945565700531,9,,
616,Find shared elements from four arrays.,630,Write a function to find the smallest max elements from seven arrays.,0.8082386255264282,10,,
616,Find shared elements from four arrays.,627,Write a function to find the smallest max elements from seven arrays.,0.8082386255264282,11,,
616,Find shared elements from four arrays.,5,Write a function to find squares of individual elements in a list.,0.8056971430778503,12,,
616,Find shared elements from four arrays.,624,Write a function to find the biggest max elements from seven arrays.,0.8049578070640564,13,,
616,Find shared elements from four arrays.,620,Write a function to find the biggest max elements from seven arrays.,0.8049578070640564,14,,
616,Find shared elements from four arrays.,278,Write a function to find kth element from the given two sorted arrays.,0.8028171062469482,15,,
616,Find shared elements from four arrays.,224,Write a function to find all possible combinations of the elements of a given list.,0.802260160446167,16,,
616,Find shared elements from four arrays.,13,Write a function to find whether a given array of integers contains any duplicate element.,0.8007593154907227,17,,
616,Find shared elements from four arrays.,617,Write a function to find the biggest max elements from nine arrays.,0.7978231906890869,18,,
616,Find shared elements from four arrays.,572,Create a function that retrieves the kth element from the merged result of two sorted arrays.,0.797235369682312,19,,
616,Find shared elements from four arrays.,518,Create a function that generates all possible combinations of elements from a given list.,0.7959927916526794,20,,
625,Write a Python function to check if a string is a valid IPv6 address.,631,Write a Python function to check if a string is a valid IPv6 address.,1.0,1,,
625,Write a Python function to check if a string is a valid IPv6 address.,628,Write a Python function to check if a string is a valid IPv6 address.,1.0,2,,
625,Write a Python function to check if a string is a valid IPv6 address.,618,Write a Python function to check if a string is a valid IPv6 address.,1.0,3,,
625,Write a Python function to check if a string is a valid IPv6 address.,621,Write a Python function to check if a string is a valid IPv6 address.,1.0,4,,
625,Write a Python function to check if a string is a valid IPv6 address.,615,Write a Python function to check if a string is a valid IPv4 address.,0.9613115787506104,5,,
625,Write a Python function to check if a string is a valid IPv6 address.,613,Write a Python function to check if a string is a valid IPv4 address.,0.9613115787506104,6,,
625,Write a Python function to check if a string is a valid IPv6 address.,614,Write a Python function to check if a string is a valid IPv4 address.,0.9613115787506104,7,,
625,Write a Python function to check if a string is a valid IPv6 address.,281,Write a python function to check whether the given number is even or not.,0.8364382982254028,8,,
625,Write a Python function to check if a string is a valid IPv6 address.,64,Write a function to check if a string represents an integer or not.,0.8318785429000854,9,,
625,Write a Python function to check if a string is a valid IPv6 address.,179,Write a python function to check whether any value in a sequence exists in a sequence or not.,0.8307988047599792,10,,
625,Write a Python function to check if a string is a valid IPv6 address.,295,Develop a Python function that checks if a number is not a prime.,0.8262054324150085,11,,
625,Write a Python function to check if a string is a valid IPv6 address.,15,Write a python function to check if a given number is one less than twice its reverse.,0.8255582451820374,12,,
625,Write a Python function to check if a string is a valid IPv6 address.,34,Write a python function to check whether the length of the word is odd or not.,0.8253476619720459,13,,
625,Write a Python function to check if a string is a valid IPv6 address.,328,Create a Python function to determine if the length of a word is an odd number.,0.8190015554428101,14,,
625,Write a Python function to check if a string is a valid IPv6 address.,274,Write a function to remove leading zeroes from an ip address.,0.8185372352600098,15,,
625,Write a Python function to check if a string is a valid IPv6 address.,17,Write a python function to check whether the given two integers have opposite sign or not.,0.8182238936424255,16,,
625,Write a Python function to check if a string is a valid IPv6 address.,249,Write a python function to split a string into characters.,0.8178160190582275,17,,
625,Write a Python function to check if a string is a valid IPv6 address.,3,Write a python function to check whether the two numbers differ at one bit position only or not.,0.8160379528999329,18,,
625,Write a Python function to check if a string is a valid IPv6 address.,128,Write a python function to check if the elements of a given list are unique or not.,0.8153578639030457,19,,
625,Write a Python function to check if a string is a valid IPv6 address.,311,Create a Python function to verify if two integers have different signs.,0.8151337504386902,20,,
629,Find shared elements from eight arrays.,626,Find shared elements from eight arrays.,1.0,1,,
629,Find shared elements from eight arrays.,616,Find shared elements from four arrays.,0.9497285485267639,2,,
629,Find shared elements from eight arrays.,619,Find shared elements from eleven arrays.,0.9418454766273499,3,,
629,Find shared elements from eight arrays.,623,Find shared elements from eleven arrays.,0.9418454766273499,4,,
629,Find shared elements from eight arrays.,622,Find shared elements from eleven arrays.,0.9418454766273499,5,,
629,Find shared elements from eight arrays.,0,Write a function to find the shared elements from the given two lists.,0.8492379188537598,6,,
629,Find shared elements from eight arrays.,357,Develop a function that returns the elements shared by all nested lists.,0.8261123895645142,7,,
629,Find shared elements from eight arrays.,627,Write a function to find the smallest max elements from seven arrays.,0.819175124168396,8,,
629,Find shared elements from eight arrays.,630,Write a function to find the smallest max elements from seven arrays.,0.819175124168396,9,,
629,Find shared elements from eight arrays.,620,Write a function to find the biggest max elements from seven arrays.,0.8156647086143494,10,,
629,Find shared elements from eight arrays.,624,Write a function to find the biggest max elements from seven arrays.,0.8156647086143494,11,,
629,Find shared elements from eight arrays.,63,Write a function to find the common elements in given nested lists.,0.8144189715385437,12,,
629,Find shared elements from eight arrays.,617,Write a function to find the biggest max elements from nine arrays.,0.8106913566589355,13,,
629,Find shared elements from eight arrays.,475,Create a function that identifies the shared first element in a list of tuples.,0.8071216344833374,14,,
629,Find shared elements from eight arrays.,363,Develop a Python function to identify the unique element in a sorted array where all others are duplicated.,0.8037107586860657,15,,
629,Find shared elements from eight arrays.,13,Write a function to find whether a given array of integers contains any duplicate element.,0.8014638423919678,16,,
629,Find shared elements from eight arrays.,224,Write a function to find all possible combinations of the elements of a given list.,0.8002204895019531,17,,
629,Find shared elements from eight arrays.,5,Write a function to find squares of individual elements in a list.,0.8001656532287598,18,,
629,Find shared elements from eight arrays.,278,Write a function to find kth element from the given two sorted arrays.,0.7937943935394287,19,,
629,Find shared elements from eight arrays.,518,Create a function that generates all possible combinations of elements from a given list.,0.7936820387840271,20,,
630,Write a function to find the smallest max elements from seven arrays.,627,Write a function to find the smallest max elements from seven arrays.,1.0,1,,
630,Write a function to find the smallest max elements from seven arrays.,624,Write a function to find the biggest max elements from seven arrays.,0.964097797870636,2,,
630,Write a function to find the smallest max elements from seven arrays.,620,Write a function to find the biggest max elements from seven arrays.,0.964097797870636,3,,
630,Write a function to find the smallest max elements from seven arrays.,617,Write a function to find the biggest max elements from nine arrays.,0.9269877672195435,4,,
630,Write a function to find the smallest max elements from seven arrays.,235,Write a python function to find the sum of the largest and smallest value in a given array.,0.8719568848609924,5,,
630,Write a function to find the smallest max elements from seven arrays.,225,Write a function to find the maximum product subarray of the given array.,0.8669317960739136,6,,
630,Write a function to find the smallest max elements from seven arrays.,529,Create a function that computes the sum of the maximum and minimum values in an array.,0.8646479845046997,7,,
630,Write a function to find the smallest max elements from seven arrays.,109,Write a function to find minimum of three numbers.,0.8595539331436157,8,,
630,Write a function to find the smallest max elements from seven arrays.,93,Write a python function to find the maximum difference between any two elements in a given array.,0.8579146265983582,9,,
630,Write a function to find the smallest max elements from seven arrays.,20,Write a python function to find smallest number in a list.,0.8573356866836548,10,,
630,Write a function to find the smallest max elements from seven arrays.,175,Write a function to find the minimum value in a given heterogeneous list.,0.8565763235092163,11,,
630,Write a function to find the smallest max elements from seven arrays.,403,Develop a function that returns the smallest value among three given numbers.,0.8564469814300537,12,,
630,Write a function to find the smallest max elements from seven arrays.,174,Write a function to find the minimum product from the pairs of tuples within a given list.,0.8532296419143677,13,,
630,Write a function to find the smallest max elements from seven arrays.,467,Create a function that identifies k smallest pairs formed by elements from two arrays.,0.8532129526138306,14,,
630,Write a function to find the smallest max elements from seven arrays.,135,Write a function to find the list of maximum length in a list of lists.,0.8498803377151489,15,,
630,Write a function to find the smallest max elements from seven arrays.,182,Write a python function to find element of a list having maximum length.,0.8497833609580994,16,,
630,Write a function to find the smallest max elements from seven arrays.,469,Create a function that identifies the smallest value in a heterogeneous list.,0.8491513729095459,17,,
630,Write a function to find the smallest max elements from seven arrays.,78,Write a function to find the item with maximum frequency in a given list.,0.8488452434539795,18,,
630,Write a function to find the smallest max elements from seven arrays.,155,Write a function to find the list with maximum length.,0.847597599029541,19,,
630,Write a function to find the smallest max elements from seven arrays.,49,Write a python function to find the length of the smallest list in a list of lists.,0.8464823365211487,20,,
